2025-11-16 18:37:34,988 - INFO - 🚀 Starting HippoRAG processing for subset: medical
2025-11-16 18:37:34,989 - WARNING - ⚠️ No API key provided! Requests may fail.
2025-11-16 18:37:35,474 - INFO - 📖 Loaded corpus with 1 documents from ./Datasets/Corpus/medical.parquet
2025-11-16 18:37:35,838 - INFO - ❓ Loaded questions with 2062 entries from ./Datasets/Questions/medical_questions.parquet
2025-11-16 18:37:35,839 - INFO - 📚 Processing corpus: Medical
2025-11-16 18:37:36,383 - INFO - ✅ Loaded tokenizer: sentence-transformers/all-MiniLM-L6-v2
2025-11-16 18:37:39,882 - INFO - ✂️ Split corpus into 1030 chunks
2025-11-16 18:37:39,883 - INFO - 🔍 Found 2 questions for Medical
2025-11-16 18:37:39,883 - INFO - ✅ Using Ollama mode: llama3 at http://localhost:11434
2025-11-16 18:37:39,884 - INFO - Creating working directory: ./Examples/hipporag2_workspace/Medical/llama3_sentence-transformers_all-MiniLM-L6-v2
2025-11-16 18:37:39,929 - INFO - Loading templates from directory: /home/amjad/benchmarks/HippoRAG/src/hipporag/prompts/templates
2025-11-16 18:37:39,938 - INFO - Load pretrained SentenceTransformer: sentence-transformers/all-MiniLM-L6-v2
2025-11-16 18:37:42,818 - INFO - Creating working directory: ./Examples/hipporag2_workspace/Medical/llama3_sentence-transformers_all-MiniLM-L6-v2/chunk_embeddings
2025-11-16 18:37:42,819 - INFO - Creating working directory: ./Examples/hipporag2_workspace/Medical/llama3_sentence-transformers_all-MiniLM-L6-v2/entity_embeddings
2025-11-16 18:37:42,820 - INFO - Creating working directory: ./Examples/hipporag2_workspace/Medical/llama3_sentence-transformers_all-MiniLM-L6-v2/fact_embeddings
2025-11-16 18:37:42,820 - INFO - Loading templates from directory: /home/amjad/benchmarks/HippoRAG/src/hipporag/prompts/templates
2025-11-16 18:37:42,825 - ERROR - ❌ Task failed: [Errno 2] No such file or directory: 'Examples/hipporag/prompts/dspy_prompts/filter_llama3.3-70B-Instruct.json'
NoneType: None
2025-11-16 18:39:52,361 - INFO - 🚀 Starting HippoRAG processing for subset: medical
2025-11-16 18:39:52,362 - WARNING - ⚠️ No API key provided! Requests may fail.
2025-11-16 18:39:53,039 - INFO - 📖 Loaded corpus with 1 documents from ./Datasets/Corpus/medical.parquet
2025-11-16 18:39:53,439 - INFO - ❓ Loaded questions with 2062 entries from ./Datasets/Questions/medical_questions.parquet
2025-11-16 18:39:53,440 - INFO - 📚 Processing corpus: Medical
2025-11-16 18:39:53,855 - INFO - ✅ Loaded tokenizer: sentence-transformers/all-MiniLM-L6-v2
2025-11-16 18:39:57,417 - INFO - ✂️ Split corpus into 1030 chunks
2025-11-16 18:39:57,418 - INFO - 🔍 Found 2 questions for Medical
2025-11-16 18:39:57,419 - INFO - ✅ Using Ollama mode: llama3 at http://localhost:11434
2025-11-16 18:39:57,465 - INFO - Loading templates from directory: /home/amjad/benchmarks/HippoRAG/src/hipporag/prompts/templates
2025-11-16 18:39:57,478 - INFO - Load pretrained SentenceTransformer: sentence-transformers/all-MiniLM-L6-v2
2025-11-16 18:39:59,845 - INFO - Loading templates from directory: /home/amjad/benchmarks/HippoRAG/src/hipporag/prompts/templates
2025-11-16 18:39:59,851 - INFO - Indexing Documents
2025-11-16 18:39:59,852 - INFO - Performing OpenIE
2025-11-16 18:39:59,860 - INFO - Inserting 1030 new records, 0 records already exist.
2025-11-16 18:40:48,171 - INFO - Saving new records.
2025-11-16 18:40:48,272 - INFO - Saved 1030 records to ./Examples/hipporag2_workspace/Medical/llama3_sentence-transformers_all-MiniLM-L6-v2/chunk_embeddings/vdb_chunk.parquet
2025-11-16 18:40:48,621 - INFO - HTTP Request: POST http://localhost:11434/chat/completions "HTTP/1.1 404 Not Found"
2025-11-16 18:40:48,634 - INFO - HTTP Request: POST http://localhost:11434/chat/completions "HTTP/1.1 404 Not Found"
2025-11-16 18:40:48,641 - INFO - HTTP Request: POST http://localhost:11434/chat/completions "HTTP/1.1 404 Not Found"
2025-11-16 18:40:48,642 - INFO - HTTP Request: POST http://localhost:11434/chat/completions "HTTP/1.1 404 Not Found"
2025-11-16 18:40:48,648 - INFO - HTTP Request: POST http://localhost:11434/chat/completions "HTTP/1.1 404 Not Found"
2025-11-16 18:40:48,654 - INFO - HTTP Request: POST http://localhost:11434/chat/completions "HTTP/1.1 404 Not Found"
2025-11-16 18:40:48,655 - INFO - HTTP Request: POST http://localhost:11434/chat/completions "HTTP/1.1 404 Not Found"
2025-11-16 18:40:48,657 - INFO - HTTP Request: POST http://localhost:11434/chat/completions "HTTP/1.1 404 Not Found"
2025-11-16 18:40:48,658 - INFO - HTTP Request: POST http://localhost:11434/chat/completions "HTTP/1.1 404 Not Found"
2025-11-16 18:40:48,661 - INFO - HTTP Request: POST http://localhost:11434/chat/completions "HTTP/1.1 404 Not Found"
2025-11-16 18:40:48,664 - INFO - HTTP Request: POST http://localhost:11434/chat/completions "HTTP/1.1 404 Not Found"
2025-11-16 18:40:48,668 - INFO - HTTP Request: POST http://localhost:11434/chat/completions "HTTP/1.1 404 Not Found"
2025-11-16 18:40:48,669 - INFO - HTTP Request: POST http://localhost:11434/chat/completions "HTTP/1.1 404 Not Found"
2025-11-16 18:40:48,669 - INFO - HTTP Request: POST http://localhost:11434/chat/completions "HTTP/1.1 404 Not Found"
2025-11-16 18:40:48,679 - INFO - HTTP Request: POST http://localhost:11434/chat/completions "HTTP/1.1 404 Not Found"
2025-11-16 18:40:48,691 - INFO - HTTP Request: POST http://localhost:11434/chat/completions "HTTP/1.1 404 Not Found"
2025-11-16 18:40:49,627 - INFO - HTTP Request: POST http://localhost:11434/chat/completions "HTTP/1.1 404 Not Found"
2025-11-16 18:40:49,628 - WARNING - RetryError[<Future at 0x7a63482ff5b0 state=finished raised NotFoundError>]
2025-11-16 18:40:49,633 - INFO - HTTP Request: POST http://localhost:11434/chat/completions "HTTP/1.1 404 Not Found"
2025-11-16 18:40:49,648 - INFO - HTTP Request: POST http://localhost:11434/chat/completions "HTTP/1.1 404 Not Found"
2025-11-16 18:40:49,649 - WARNING - RetryError[<Future at 0x7a634b5bc580 state=finished raised NotFoundError>]
2025-11-16 18:40:49,656 - INFO - HTTP Request: POST http://localhost:11434/chat/completions "HTTP/1.1 404 Not Found"
2025-11-16 18:40:49,660 - INFO - HTTP Request: POST http://localhost:11434/chat/completions "HTTP/1.1 404 Not Found"
2025-11-16 18:40:49,661 - WARNING - RetryError[<Future at 0x7a63482fd5d0 state=finished raised NotFoundError>]
2025-11-16 18:40:49,691 - INFO - HTTP Request: POST http://localhost:11434/chat/completions "HTTP/1.1 404 Not Found"
2025-11-16 18:40:49,695 - INFO - HTTP Request: POST http://localhost:11434/chat/completions "HTTP/1.1 404 Not Found"
2025-11-16 18:40:49,700 - INFO - HTTP Request: POST http://localhost:11434/chat/completions "HTTP/1.1 404 Not Found"
2025-11-16 18:40:49,702 - INFO - HTTP Request: POST http://localhost:11434/chat/completions "HTTP/1.1 404 Not Found"
2025-11-16 18:40:49,704 - INFO - HTTP Request: POST http://localhost:11434/chat/completions "HTTP/1.1 404 Not Found"
2025-11-16 18:40:49,707 - INFO - HTTP Request: POST http://localhost:11434/chat/completions "HTTP/1.1 404 Not Found"
2025-11-16 18:40:49,708 - INFO - HTTP Request: POST http://localhost:11434/chat/completions "HTTP/1.1 404 Not Found"
2025-11-16 18:40:49,709 - INFO - HTTP Request: POST http://localhost:11434/chat/completions "HTTP/1.1 404 Not Found"
2025-11-16 18:40:49,710 - WARNING - RetryError[<Future at 0x7a63484d3dc0 state=finished raised NotFoundError>]
2025-11-16 18:40:49,715 - INFO - HTTP Request: POST http://localhost:11434/chat/completions "HTTP/1.1 404 Not Found"
2025-11-16 18:40:49,716 - INFO - HTTP Request: POST http://localhost:11434/chat/completions "HTTP/1.1 404 Not Found"
2025-11-16 18:40:49,716 - WARNING - RetryError[<Future at 0x7a63482fc9a0 state=finished raised NotFoundError>]
2025-11-16 18:40:49,718 - WARNING - RetryError[<Future at 0x7a63484e6530 state=finished raised NotFoundError>]
2025-11-16 18:40:49,720 - WARNING - RetryError[<Future at 0x7a63484b6ce0 state=finished raised NotFoundError>]
2025-11-16 18:40:49,720 - INFO - HTTP Request: POST http://localhost:11434/chat/completions "HTTP/1.1 404 Not Found"
2025-11-16 18:40:49,721 - INFO - HTTP Request: POST http://localhost:11434/chat/completions "HTTP/1.1 404 Not Found"
2025-11-16 18:40:49,722 - WARNING - RetryError[<Future at 0x7a63484d2a40 state=finished raised NotFoundError>]
2025-11-16 18:40:49,729 - WARNING - RetryError[<Future at 0x7a63484e57e0 state=finished raised NotFoundError>]
2025-11-16 18:40:49,730 - INFO - HTTP Request: POST http://localhost:11434/chat/completions "HTTP/1.1 404 Not Found"
2025-11-16 18:40:49,733 - WARNING - RetryError[<Future at 0x7a63482fec50 state=finished raised NotFoundError>]
2025-11-16 18:40:49,741 - INFO - HTTP Request: POST http://localhost:11434/chat/completions "HTTP/1.1 404 Not Found"
2025-11-16 18:40:49,741 - WARNING - RetryError[<Future at 0x7a636b2903a0 state=finished raised NotFoundError>]
2025-11-16 18:40:49,742 - INFO - HTTP Request: POST http://localhost:11434/chat/completions "HTTP/1.1 404 Not Found"
2025-11-16 18:40:49,743 - WARNING - RetryError[<Future at 0x7a63484b75e0 state=finished raised NotFoundError>]
2025-11-16 18:40:49,744 - WARNING - RetryError[<Future at 0x7a63484d1150 state=finished raised NotFoundError>]
2025-11-16 18:40:49,749 - WARNING - RetryError[<Future at 0x7a63484d3370 state=finished raised NotFoundError>]
2025-11-16 18:40:49,753 - INFO - HTTP Request: POST http://localhost:11434/chat/completions "HTTP/1.1 404 Not Found"
2025-11-16 18:40:49,754 - INFO - HTTP Request: POST http://localhost:11434/chat/completions "HTTP/1.1 404 Not Found"
2025-11-16 18:40:49,755 - WARNING - RetryError[<Future at 0x7a63484e4310 state=finished raised NotFoundError>]
2025-11-16 18:40:49,757 - WARNING - RetryError[<Future at 0x7a6348304640 state=finished raised NotFoundError>]
2025-11-16 18:40:49,764 - INFO - HTTP Request: POST http://localhost:11434/chat/completions "HTTP/1.1 404 Not Found"
2025-11-16 18:40:49,775 - INFO - HTTP Request: POST http://localhost:11434/chat/completions "HTTP/1.1 404 Not Found"
2025-11-16 18:40:49,780 - INFO - HTTP Request: POST http://localhost:11434/chat/completions "HTTP/1.1 404 Not Found"
2025-11-16 18:40:49,789 - INFO - HTTP Request: POST http://localhost:11434/chat/completions "HTTP/1.1 404 Not Found"
2025-11-16 18:40:49,796 - INFO - HTTP Request: POST http://localhost:11434/chat/completions "HTTP/1.1 404 Not Found"
2025-11-16 18:40:49,808 - INFO - HTTP Request: POST http://localhost:11434/chat/completions "HTTP/1.1 404 Not Found"
2025-11-16 18:40:49,818 - INFO - HTTP Request: POST http://localhost:11434/chat/completions "HTTP/1.1 404 Not Found"
2025-11-16 18:40:49,822 - INFO - HTTP Request: POST http://localhost:11434/chat/completions "HTTP/1.1 404 Not Found"
2025-11-16 18:40:49,826 - INFO - HTTP Request: POST http://localhost:11434/chat/completions "HTTP/1.1 404 Not Found"
2025-11-16 18:40:49,831 - INFO - HTTP Request: POST http://localhost:11434/chat/completions "HTTP/1.1 404 Not Found"
2025-11-16 18:40:50,637 - INFO - HTTP Request: POST http://localhost:11434/chat/completions "HTTP/1.1 404 Not Found"
2025-11-16 18:40:50,638 - WARNING - RetryError[<Future at 0x7a6348335db0 state=finished raised NotFoundError>]
2025-11-16 18:40:50,642 - INFO - HTTP Request: POST http://localhost:11434/chat/completions "HTTP/1.1 404 Not Found"
2025-11-16 18:40:50,661 - INFO - HTTP Request: POST http://localhost:11434/chat/completions "HTTP/1.1 404 Not Found"
2025-11-16 18:40:50,662 - WARNING - RetryError[<Future at 0x7a634831f4f0 state=finished raised NotFoundError>]
2025-11-16 18:40:50,666 - INFO - HTTP Request: POST http://localhost:11434/chat/completions "HTTP/1.1 404 Not Found"
2025-11-16 18:40:50,729 - INFO - HTTP Request: POST http://localhost:11434/chat/completions "HTTP/1.1 404 Not Found"
2025-11-16 18:40:50,730 - WARNING - RetryError[<Future at 0x7a63483359f0 state=finished raised NotFoundError>]
2025-11-16 18:40:50,736 - INFO - HTTP Request: POST http://localhost:11434/chat/completions "HTTP/1.1 404 Not Found"
2025-11-16 18:40:50,763 - INFO - HTTP Request: POST http://localhost:11434/chat/completions "HTTP/1.1 404 Not Found"
2025-11-16 18:40:50,764 - WARNING - RetryError[<Future at 0x7a634832fd00 state=finished raised NotFoundError>]
2025-11-16 18:40:50,768 - INFO - HTTP Request: POST http://localhost:11434/chat/completions "HTTP/1.1 404 Not Found"
2025-11-16 18:40:50,790 - INFO - HTTP Request: POST http://localhost:11434/chat/completions "HTTP/1.1 404 Not Found"
2025-11-16 18:40:50,791 - WARNING - RetryError[<Future at 0x7a634832f7c0 state=finished raised NotFoundError>]
2025-11-16 18:40:50,787 - INFO - HTTP Request: POST http://localhost:11434/chat/completions "HTTP/1.1 404 Not Found"
2025-11-16 18:40:50,803 - WARNING - RetryError[<Future at 0x7a63483357b0 state=finished raised NotFoundError>]
2025-11-16 18:40:50,804 - INFO - HTTP Request: POST http://localhost:11434/chat/completions "HTTP/1.1 404 Not Found"
2025-11-16 18:40:50,816 - INFO - HTTP Request: POST http://localhost:11434/chat/completions "HTTP/1.1 404 Not Found"
2025-11-16 18:40:50,818 - INFO - HTTP Request: POST http://localhost:11434/chat/completions "HTTP/1.1 404 Not Found"
2025-11-16 18:40:50,819 - WARNING - RetryError[<Future at 0x7a634832fa60 state=finished raised NotFoundError>]
2025-11-16 18:40:50,825 - INFO - HTTP Request: POST http://localhost:11434/chat/completions "HTTP/1.1 404 Not Found"
2025-11-16 18:40:50,835 - WARNING - RetryError[<Future at 0x7a6348334f70 state=finished raised NotFoundError>]
2025-11-16 18:40:50,839 - INFO - HTTP Request: POST http://localhost:11434/chat/completions "HTTP/1.1 404 Not Found"
2025-11-16 18:40:50,840 - WARNING - RetryError[<Future at 0x7a6348315ea0 state=finished raised NotFoundError>]
2025-11-16 18:40:50,845 - INFO - HTTP Request: POST http://localhost:11434/chat/completions "HTTP/1.1 404 Not Found"
2025-11-16 18:40:50,847 - INFO - HTTP Request: POST http://localhost:11434/chat/completions "HTTP/1.1 404 Not Found"
2025-11-16 18:40:50,850 - INFO - HTTP Request: POST http://localhost:11434/chat/completions "HTTP/1.1 404 Not Found"
2025-11-16 18:40:50,851 - WARNING - RetryError[<Future at 0x7a634832e470 state=finished raised NotFoundError>]
2025-11-16 18:40:50,852 - INFO - HTTP Request: POST http://localhost:11434/chat/completions "HTTP/1.1 404 Not Found"
2025-11-16 18:40:50,856 - WARNING - RetryError[<Future at 0x7a6348365f90 state=finished raised NotFoundError>]
2025-11-16 18:40:50,857 - INFO - HTTP Request: POST http://localhost:11434/chat/completions "HTTP/1.1 404 Not Found"
2025-11-16 18:40:50,862 - INFO - HTTP Request: POST http://localhost:11434/chat/completions "HTTP/1.1 404 Not Found"
2025-11-16 18:40:50,862 - INFO - HTTP Request: POST http://localhost:11434/chat/completions "HTTP/1.1 404 Not Found"
2025-11-16 18:40:50,863 - WARNING - RetryError[<Future at 0x7a6348357b20 state=finished raised NotFoundError>]
2025-11-16 18:40:50,864 - WARNING - RetryError[<Future at 0x7a63483552a0 state=finished raised NotFoundError>]
2025-11-16 18:40:50,869 - WARNING - RetryError[<Future at 0x7a63483641c0 state=finished raised NotFoundError>]
2025-11-16 18:40:50,870 - WARNING - RetryError[<Future at 0x7a6348364be0 state=finished raised NotFoundError>]
2025-11-16 18:40:50,871 - WARNING - RetryError[<Future at 0x7a6348354250 state=finished raised NotFoundError>]
2025-11-16 18:40:50,876 - INFO - HTTP Request: POST http://localhost:11434/chat/completions "HTTP/1.1 404 Not Found"
2025-11-16 18:40:50,887 - INFO - HTTP Request: POST http://localhost:11434/chat/completions "HTTP/1.1 404 Not Found"
2025-11-16 18:40:50,916 - INFO - HTTP Request: POST http://localhost:11434/chat/completions "HTTP/1.1 404 Not Found"
2025-11-16 18:40:50,922 - INFO - HTTP Request: POST http://localhost:11434/chat/completions "HTTP/1.1 404 Not Found"
2025-11-16 18:40:50,935 - INFO - HTTP Request: POST http://localhost:11434/chat/completions "HTTP/1.1 404 Not Found"
2025-11-16 18:40:50,940 - INFO - HTTP Request: POST http://localhost:11434/chat/completions "HTTP/1.1 404 Not Found"
2025-11-16 18:40:50,973 - INFO - HTTP Request: POST http://localhost:11434/chat/completions "HTTP/1.1 404 Not Found"
2025-11-16 18:40:50,984 - INFO - HTTP Request: POST http://localhost:11434/chat/completions "HTTP/1.1 404 Not Found"
2025-11-16 18:40:50,988 - INFO - HTTP Request: POST http://localhost:11434/chat/completions "HTTP/1.1 404 Not Found"
2025-11-16 18:40:51,023 - INFO - HTTP Request: POST http://localhost:11434/chat/completions "HTTP/1.1 404 Not Found"
2025-11-16 18:40:51,647 - INFO - HTTP Request: POST http://localhost:11434/chat/completions "HTTP/1.1 404 Not Found"
2025-11-16 18:40:51,648 - WARNING - RetryError[<Future at 0x7a63483818a0 state=finished raised NotFoundError>]
2025-11-16 18:40:51,653 - INFO - HTTP Request: POST http://localhost:11434/chat/completions "HTTP/1.1 404 Not Found"
2025-11-16 18:40:51,672 - INFO - HTTP Request: POST http://localhost:11434/chat/completions "HTTP/1.1 404 Not Found"
2025-11-16 18:40:51,673 - WARNING - RetryError[<Future at 0x7a6348380f40 state=finished raised NotFoundError>]
2025-11-16 18:40:51,679 - INFO - HTTP Request: POST http://localhost:11434/chat/completions "HTTP/1.1 404 Not Found"
2025-11-16 18:40:51,740 - INFO - HTTP Request: POST http://localhost:11434/chat/completions "HTTP/1.1 404 Not Found"
2025-11-16 18:40:51,741 - WARNING - RetryError[<Future at 0x7a6348371d50 state=finished raised NotFoundError>]
2025-11-16 18:40:51,748 - INFO - HTTP Request: POST http://localhost:11434/chat/completions "HTTP/1.1 404 Not Found"
2025-11-16 18:40:51,794 - INFO - HTTP Request: POST http://localhost:11434/chat/completions "HTTP/1.1 404 Not Found"
2025-11-16 18:40:51,795 - WARNING - RetryError[<Future at 0x7a6348380f40 state=finished raised NotFoundError>]
2025-11-16 18:40:51,799 - INFO - HTTP Request: POST http://localhost:11434/chat/completions "HTTP/1.1 404 Not Found"
2025-11-16 18:40:51,864 - INFO - HTTP Request: POST http://localhost:11434/chat/completions "HTTP/1.1 404 Not Found"
2025-11-16 18:40:51,865 - WARNING - RetryError[<Future at 0x7a63483821d0 state=finished raised NotFoundError>]
2025-11-16 18:40:51,869 - INFO - HTTP Request: POST http://localhost:11434/chat/completions "HTTP/1.1 404 Not Found"
2025-11-16 18:40:51,880 - INFO - HTTP Request: POST http://localhost:11434/chat/completions "HTTP/1.1 404 Not Found"
2025-11-16 18:40:51,881 - WARNING - RetryError[<Future at 0x7a6348365db0 state=finished raised NotFoundError>]
2025-11-16 18:40:51,887 - INFO - HTTP Request: POST http://localhost:11434/chat/completions "HTTP/1.1 404 Not Found"
2025-11-16 18:40:51,888 - INFO - HTTP Request: POST http://localhost:11434/chat/completions "HTTP/1.1 404 Not Found"
2025-11-16 18:40:51,892 - WARNING - RetryError[<Future at 0x7a6348366e30 state=finished raised NotFoundError>]
2025-11-16 18:40:51,894 - INFO - HTTP Request: POST http://localhost:11434/chat/completions "HTTP/1.1 404 Not Found"
2025-11-16 18:40:51,895 - WARNING - RetryError[<Future at 0x7a6348366650 state=finished raised NotFoundError>]
2025-11-16 18:40:51,901 - INFO - HTTP Request: POST http://localhost:11434/chat/completions "HTTP/1.1 404 Not Found"
2025-11-16 18:40:51,905 - INFO - HTTP Request: POST http://localhost:11434/chat/completions "HTTP/1.1 404 Not Found"
2025-11-16 18:40:51,921 - INFO - HTTP Request: POST http://localhost:11434/chat/completions "HTTP/1.1 404 Not Found"
2025-11-16 18:40:51,922 - WARNING - RetryError[<Future at 0x7a6348370130 state=finished raised NotFoundError>]
2025-11-16 18:40:51,929 - INFO - HTTP Request: POST http://localhost:11434/chat/completions "HTTP/1.1 404 Not Found"
2025-11-16 18:40:51,929 - INFO - HTTP Request: POST http://localhost:11434/chat/completions "HTTP/1.1 404 Not Found"
2025-11-16 18:40:51,930 - WARNING - RetryError[<Future at 0x7a6348371090 state=finished raised NotFoundError>]
2025-11-16 18:40:51,935 - INFO - HTTP Request: POST http://localhost:11434/chat/completions "HTTP/1.1 404 Not Found"
2025-11-16 18:40:51,940 - INFO - HTTP Request: POST http://localhost:11434/chat/completions "HTTP/1.1 404 Not Found"
2025-11-16 18:40:51,941 - WARNING - RetryError[<Future at 0x7a6348370dc0 state=finished raised NotFoundError>]
2025-11-16 18:40:51,947 - INFO - HTTP Request: POST http://localhost:11434/chat/completions "HTTP/1.1 404 Not Found"
2025-11-16 18:40:51,951 - WARNING - RetryError[<Future at 0x7a6348355a20 state=finished raised NotFoundError>]
2025-11-16 18:40:51,953 - INFO - HTTP Request: POST http://localhost:11434/chat/completions "HTTP/1.1 404 Not Found"
2025-11-16 18:40:51,958 - INFO - HTTP Request: POST http://localhost:11434/chat/completions "HTTP/1.1 404 Not Found"
2025-11-16 18:40:51,978 - INFO - HTTP Request: POST http://localhost:11434/chat/completions "HTTP/1.1 404 Not Found"
2025-11-16 18:40:51,979 - WARNING - RetryError[<Future at 0x7a6348334ca0 state=finished raised NotFoundError>]
2025-11-16 18:40:51,984 - INFO - HTTP Request: POST http://localhost:11434/chat/completions "HTTP/1.1 404 Not Found"
2025-11-16 18:40:51,988 - INFO - HTTP Request: POST http://localhost:11434/chat/completions "HTTP/1.1 404 Not Found"
2025-11-16 18:40:51,989 - WARNING - RetryError[<Future at 0x7a6348337790 state=finished raised NotFoundError>]
2025-11-16 18:40:51,993 - INFO - HTTP Request: POST http://localhost:11434/chat/completions "HTTP/1.1 404 Not Found"
2025-11-16 18:40:51,994 - WARNING - RetryError[<Future at 0x7a6348356320 state=finished raised NotFoundError>]
2025-11-16 18:40:52,000 - INFO - HTTP Request: POST http://localhost:11434/chat/completions "HTTP/1.1 404 Not Found"
2025-11-16 18:40:52,027 - INFO - HTTP Request: POST http://localhost:11434/chat/completions "HTTP/1.1 404 Not Found"
2025-11-16 18:40:52,028 - WARNING - RetryError[<Future at 0x7a63483711e0 state=finished raised NotFoundError>]
2025-11-16 18:40:52,033 - INFO - HTTP Request: POST http://localhost:11434/chat/completions "HTTP/1.1 404 Not Found"
2025-11-16 18:40:52,051 - INFO - HTTP Request: POST http://localhost:11434/chat/completions "HTTP/1.1 404 Not Found"
2025-11-16 18:40:52,659 - INFO - HTTP Request: POST http://localhost:11434/chat/completions "HTTP/1.1 404 Not Found"
2025-11-16 18:40:52,660 - WARNING - RetryError[<Future at 0x7a634832fa60 state=finished raised NotFoundError>]
2025-11-16 18:40:52,666 - INFO - HTTP Request: POST http://localhost:11434/chat/completions "HTTP/1.1 404 Not Found"
2025-11-16 18:40:52,683 - INFO - HTTP Request: POST http://localhost:11434/chat/completions "HTTP/1.1 404 Not Found"
2025-11-16 18:40:52,684 - WARNING - RetryError[<Future at 0x7a63483377f0 state=finished raised NotFoundError>]
2025-11-16 18:40:52,688 - INFO - HTTP Request: POST http://localhost:11434/chat/completions "HTTP/1.1 404 Not Found"
2025-11-16 18:40:52,752 - INFO - HTTP Request: POST http://localhost:11434/chat/completions "HTTP/1.1 404 Not Found"
2025-11-16 18:40:52,753 - WARNING - RetryError[<Future at 0x7a63483141f0 state=finished raised NotFoundError>]
2025-11-16 18:40:52,757 - INFO - HTTP Request: POST http://localhost:11434/chat/completions "HTTP/1.1 404 Not Found"
2025-11-16 18:40:52,804 - INFO - HTTP Request: POST http://localhost:11434/chat/completions "HTTP/1.1 404 Not Found"
2025-11-16 18:40:52,805 - WARNING - RetryError[<Future at 0x7a6348337a00 state=finished raised NotFoundError>]
2025-11-16 18:40:52,812 - INFO - HTTP Request: POST http://localhost:11434/chat/completions "HTTP/1.1 404 Not Found"
2025-11-16 18:40:52,874 - INFO - HTTP Request: POST http://localhost:11434/chat/completions "HTTP/1.1 404 Not Found"
2025-11-16 18:40:52,875 - WARNING - RetryError[<Future at 0x7a6348317d30 state=finished raised NotFoundError>]
2025-11-16 18:40:52,879 - INFO - HTTP Request: POST http://localhost:11434/chat/completions "HTTP/1.1 404 Not Found"
2025-11-16 18:40:52,895 - INFO - HTTP Request: POST http://localhost:11434/chat/completions "HTTP/1.1 404 Not Found"
2025-11-16 18:40:52,896 - WARNING - RetryError[<Future at 0x7a63484e6b60 state=finished raised NotFoundError>]
2025-11-16 18:40:52,900 - INFO - HTTP Request: POST http://localhost:11434/chat/completions "HTTP/1.1 404 Not Found"
2025-11-16 18:40:52,907 - INFO - HTTP Request: POST http://localhost:11434/chat/completions "HTTP/1.1 404 Not Found"
2025-11-16 18:40:52,910 - WARNING - RetryError[<Future at 0x7a63484e6bc0 state=finished raised NotFoundError>]
2025-11-16 18:40:52,916 - INFO - HTTP Request: POST http://localhost:11434/chat/completions "HTTP/1.1 404 Not Found"
2025-11-16 18:40:52,917 - WARNING - RetryError[<Future at 0x7a6348317ca0 state=finished raised NotFoundError>]
2025-11-16 18:40:52,918 - INFO - HTTP Request: POST http://localhost:11434/chat/completions "HTTP/1.1 404 Not Found"
2025-11-16 18:40:52,923 - INFO - HTTP Request: POST http://localhost:11434/chat/completions "HTTP/1.1 404 Not Found"
2025-11-16 18:40:52,936 - INFO - HTTP Request: POST http://localhost:11434/chat/completions "HTTP/1.1 404 Not Found"
2025-11-16 18:40:52,936 - WARNING - RetryError[<Future at 0x7a6348397d60 state=finished raised NotFoundError>]
2025-11-16 18:40:52,940 - INFO - HTTP Request: POST http://localhost:11434/chat/completions "HTTP/1.1 404 Not Found"
2025-11-16 18:40:52,941 - WARNING - RetryError[<Future at 0x7a6348396c80 state=finished raised NotFoundError>]
2025-11-16 18:40:52,945 - INFO - HTTP Request: POST http://localhost:11434/chat/completions "HTTP/1.1 404 Not Found"
2025-11-16 18:40:52,949 - INFO - HTTP Request: POST http://localhost:11434/chat/completions "HTTP/1.1 404 Not Found"
2025-11-16 18:40:52,957 - INFO - HTTP Request: POST http://localhost:11434/chat/completions "HTTP/1.1 404 Not Found"
2025-11-16 18:40:52,958 - WARNING - RetryError[<Future at 0x7a6348397250 state=finished raised NotFoundError>]
2025-11-16 18:40:52,965 - INFO - HTTP Request: POST http://localhost:11434/chat/completions "HTTP/1.1 404 Not Found"
2025-11-16 18:40:52,966 - INFO - HTTP Request: POST http://localhost:11434/chat/completions "HTTP/1.1 404 Not Found"
2025-11-16 18:40:52,967 - WARNING - RetryError[<Future at 0x7a63483ace80 state=finished raised NotFoundError>]
2025-11-16 18:40:52,972 - INFO - HTTP Request: POST http://localhost:11434/chat/completions "HTTP/1.1 404 Not Found"
2025-11-16 18:40:52,988 - INFO - HTTP Request: POST http://localhost:11434/chat/completions "HTTP/1.1 404 Not Found"
2025-11-16 18:40:52,989 - WARNING - RetryError[<Future at 0x7a6348396200 state=finished raised NotFoundError>]
2025-11-16 18:40:52,993 - INFO - HTTP Request: POST http://localhost:11434/chat/completions "HTTP/1.1 404 Not Found"
2025-11-16 18:40:53,005 - INFO - HTTP Request: POST http://localhost:11434/chat/completions "HTTP/1.1 404 Not Found"
2025-11-16 18:40:53,006 - WARNING - RetryError[<Future at 0x7a63483baf50 state=finished raised NotFoundError>]
2025-11-16 18:40:53,010 - INFO - HTTP Request: POST http://localhost:11434/chat/completions "HTTP/1.1 404 Not Found"
2025-11-16 18:40:53,037 - INFO - HTTP Request: POST http://localhost:11434/chat/completions "HTTP/1.1 404 Not Found"
2025-11-16 18:40:53,038 - WARNING - RetryError[<Future at 0x7a6348396380 state=finished raised NotFoundError>]
2025-11-16 18:40:53,042 - INFO - HTTP Request: POST http://localhost:11434/chat/completions "HTTP/1.1 404 Not Found"
2025-11-16 18:40:53,055 - INFO - HTTP Request: POST http://localhost:11434/chat/completions "HTTP/1.1 404 Not Found"
2025-11-16 18:40:53,056 - WARNING - RetryError[<Future at 0x7a63483b8130 state=finished raised NotFoundError>]
2025-11-16 18:40:53,060 - INFO - HTTP Request: POST http://localhost:11434/chat/completions "HTTP/1.1 404 Not Found"
2025-11-16 18:40:53,671 - INFO - HTTP Request: POST http://localhost:11434/chat/completions "HTTP/1.1 404 Not Found"
2025-11-16 18:40:53,672 - WARNING - RetryError[<Future at 0x7a63482fd420 state=finished raised NotFoundError>]
2025-11-16 18:40:53,677 - INFO - HTTP Request: POST http://localhost:11434/chat/completions "HTTP/1.1 404 Not Found"
2025-11-16 18:40:53,692 - INFO - HTTP Request: POST http://localhost:11434/chat/completions "HTTP/1.1 404 Not Found"
2025-11-16 18:40:53,693 - WARNING - RetryError[<Future at 0x7a63483ac250 state=finished raised NotFoundError>]
2025-11-16 18:40:53,696 - INFO - HTTP Request: POST http://localhost:11434/chat/completions "HTTP/1.1 404 Not Found"
2025-11-16 18:40:53,762 - INFO - HTTP Request: POST http://localhost:11434/chat/completions "HTTP/1.1 404 Not Found"
2025-11-16 18:40:53,763 - WARNING - RetryError[<Future at 0x7a63483c8760 state=finished raised NotFoundError>]
2025-11-16 18:40:53,767 - INFO - HTTP Request: POST http://localhost:11434/chat/completions "HTTP/1.1 404 Not Found"
2025-11-16 18:40:53,817 - INFO - HTTP Request: POST http://localhost:11434/chat/completions "HTTP/1.1 404 Not Found"
2025-11-16 18:40:53,817 - WARNING - RetryError[<Future at 0x7a63483d5390 state=finished raised NotFoundError>]
2025-11-16 18:40:53,822 - INFO - HTTP Request: POST http://localhost:11434/chat/completions "HTTP/1.1 404 Not Found"
2025-11-16 18:40:53,885 - INFO - HTTP Request: POST http://localhost:11434/chat/completions "HTTP/1.1 404 Not Found"
2025-11-16 18:40:53,886 - WARNING - RetryError[<Future at 0x7a63484e6f80 state=finished raised NotFoundError>]
2025-11-16 18:40:53,893 - INFO - HTTP Request: POST http://localhost:11434/chat/completions "HTTP/1.1 404 Not Found"
2025-11-16 18:40:53,907 - INFO - HTTP Request: POST http://localhost:11434/chat/completions "HTTP/1.1 404 Not Found"
2025-11-16 18:40:53,908 - WARNING - RetryError[<Future at 0x7a63483d6e60 state=finished raised NotFoundError>]
2025-11-16 18:40:53,917 - INFO - HTTP Request: POST http://localhost:11434/chat/completions "HTTP/1.1 404 Not Found"
2025-11-16 18:40:53,933 - INFO - HTTP Request: POST http://localhost:11434/chat/completions "HTTP/1.1 404 Not Found"
2025-11-16 18:40:53,934 - WARNING - RetryError[<Future at 0x7a63483d7ee0 state=finished raised NotFoundError>]
2025-11-16 18:40:53,934 - INFO - HTTP Request: POST http://localhost:11434/chat/completions "HTTP/1.1 404 Not Found"
2025-11-16 18:40:53,936 - WARNING - RetryError[<Future at 0x7a63483d6fe0 state=finished raised NotFoundError>]
2025-11-16 18:40:53,943 - INFO - HTTP Request: POST http://localhost:11434/chat/completions "HTTP/1.1 404 Not Found"
2025-11-16 18:40:53,959 - INFO - HTTP Request: POST http://localhost:11434/chat/completions "HTTP/1.1 404 Not Found"
2025-11-16 18:40:53,961 - INFO - HTTP Request: POST http://localhost:11434/chat/completions "HTTP/1.1 404 Not Found"
2025-11-16 18:40:53,962 - INFO - HTTP Request: POST http://localhost:11434/chat/completions "HTTP/1.1 404 Not Found"
2025-11-16 18:40:53,963 - WARNING - RetryError[<Future at 0x7a63483d5990 state=finished raised NotFoundError>]
2025-11-16 18:40:53,963 - WARNING - RetryError[<Future at 0x7a63483d5000 state=finished raised NotFoundError>]
2025-11-16 18:40:53,978 - INFO - HTTP Request: POST http://localhost:11434/chat/completions "HTTP/1.1 404 Not Found"
2025-11-16 18:40:53,981 - INFO - HTTP Request: POST http://localhost:11434/chat/completions "HTTP/1.1 404 Not Found"
2025-11-16 18:40:53,982 - WARNING - RetryError[<Future at 0x7a63483d5bd0 state=finished raised NotFoundError>]
2025-11-16 18:40:53,983 - INFO - HTTP Request: POST http://localhost:11434/chat/completions "HTTP/1.1 404 Not Found"
2025-11-16 18:40:53,985 - WARNING - RetryError[<Future at 0x7a63483d5d20 state=finished raised NotFoundError>]
2025-11-16 18:40:53,990 - INFO - HTTP Request: POST http://localhost:11434/chat/completions "HTTP/1.1 404 Not Found"
2025-11-16 18:40:53,997 - INFO - HTTP Request: POST http://localhost:11434/chat/completions "HTTP/1.1 404 Not Found"
2025-11-16 18:40:53,998 - WARNING - RetryError[<Future at 0x7a63483b82b0 state=finished raised NotFoundError>]
2025-11-16 18:40:54,002 - INFO - HTTP Request: POST http://localhost:11434/chat/completions "HTTP/1.1 404 Not Found"
2025-11-16 18:40:54,018 - INFO - HTTP Request: POST http://localhost:11434/chat/completions "HTTP/1.1 404 Not Found"
2025-11-16 18:40:54,019 - WARNING - RetryError[<Future at 0x7a63483b9f30 state=finished raised NotFoundError>]
2025-11-16 18:40:54,024 - INFO - HTTP Request: POST http://localhost:11434/chat/completions "HTTP/1.1 404 Not Found"
2025-11-16 18:40:54,028 - INFO - HTTP Request: POST http://localhost:11434/chat/completions "HTTP/1.1 404 Not Found"
2025-11-16 18:40:54,041 - INFO - HTTP Request: POST http://localhost:11434/chat/completions "HTTP/1.1 404 Not Found"
2025-11-16 18:40:54,046 - INFO - HTTP Request: POST http://localhost:11434/chat/completions "HTTP/1.1 404 Not Found"
2025-11-16 18:40:54,046 - WARNING - RetryError[<Future at 0x7a63483adc30 state=finished raised NotFoundError>]
2025-11-16 18:40:54,050 - INFO - HTTP Request: POST http://localhost:11434/chat/completions "HTTP/1.1 404 Not Found"
2025-11-16 18:40:54,065 - INFO - HTTP Request: POST http://localhost:11434/chat/completions "HTTP/1.1 404 Not Found"
2025-11-16 18:40:54,065 - WARNING - RetryError[<Future at 0x7a6348357460 state=finished raised NotFoundError>]
2025-11-16 18:40:54,070 - INFO - HTTP Request: POST http://localhost:11434/chat/completions "HTTP/1.1 404 Not Found"
2025-11-16 18:40:54,684 - INFO - HTTP Request: POST http://localhost:11434/chat/completions "HTTP/1.1 404 Not Found"
2025-11-16 18:40:54,685 - WARNING - RetryError[<Future at 0x7a6348372770 state=finished raised NotFoundError>]
2025-11-16 18:40:54,690 - INFO - HTTP Request: POST http://localhost:11434/chat/completions "HTTP/1.1 404 Not Found"
2025-11-16 18:40:54,701 - INFO - HTTP Request: POST http://localhost:11434/chat/completions "HTTP/1.1 404 Not Found"
2025-11-16 18:40:54,702 - WARNING - RetryError[<Future at 0x7a63483acb20 state=finished raised NotFoundError>]
2025-11-16 18:40:54,708 - INFO - HTTP Request: POST http://localhost:11434/chat/completions "HTTP/1.1 404 Not Found"
2025-11-16 18:40:54,776 - INFO - HTTP Request: POST http://localhost:11434/chat/completions "HTTP/1.1 404 Not Found"
2025-11-16 18:40:54,778 - WARNING - RetryError[<Future at 0x7a63484e5240 state=finished raised NotFoundError>]
2025-11-16 18:40:54,789 - INFO - HTTP Request: POST http://localhost:11434/chat/completions "HTTP/1.1 404 Not Found"
2025-11-16 18:40:54,831 - INFO - HTTP Request: POST http://localhost:11434/chat/completions "HTTP/1.1 404 Not Found"
2025-11-16 18:40:54,833 - WARNING - RetryError[<Future at 0x7a63484e7010 state=finished raised NotFoundError>]
2025-11-16 18:40:54,843 - INFO - HTTP Request: POST http://localhost:11434/chat/completions "HTTP/1.1 404 Not Found"
2025-11-16 18:40:54,903 - INFO - HTTP Request: POST http://localhost:11434/chat/completions "HTTP/1.1 404 Not Found"
2025-11-16 18:40:54,904 - WARNING - RetryError[<Future at 0x7a634831f790 state=finished raised NotFoundError>]
2025-11-16 18:40:54,915 - INFO - HTTP Request: POST http://localhost:11434/chat/completions "HTTP/1.1 404 Not Found"
2025-11-16 18:40:54,926 - INFO - HTTP Request: POST http://localhost:11434/chat/completions "HTTP/1.1 404 Not Found"
2025-11-16 18:40:54,928 - WARNING - RetryError[<Future at 0x7a634832dc00 state=finished raised NotFoundError>]
2025-11-16 18:40:54,939 - INFO - HTTP Request: POST http://localhost:11434/chat/completions "HTTP/1.1 404 Not Found"
2025-11-16 18:40:54,951 - INFO - HTTP Request: POST http://localhost:11434/chat/completions "HTTP/1.1 404 Not Found"
2025-11-16 18:40:54,952 - WARNING - RetryError[<Future at 0x7a63483378e0 state=finished raised NotFoundError>]
2025-11-16 18:40:54,960 - INFO - HTTP Request: POST http://localhost:11434/chat/completions "HTTP/1.1 404 Not Found"
2025-11-16 18:40:54,965 - INFO - HTTP Request: POST http://localhost:11434/chat/completions "HTTP/1.1 404 Not Found"
2025-11-16 18:40:54,966 - WARNING - RetryError[<Future at 0x7a634832f430 state=finished raised NotFoundError>]
2025-11-16 18:40:54,972 - INFO - HTTP Request: POST http://localhost:11434/chat/completions "HTTP/1.1 404 Not Found"
2025-11-16 18:40:54,983 - INFO - HTTP Request: POST http://localhost:11434/chat/completions "HTTP/1.1 404 Not Found"
2025-11-16 18:40:54,984 - WARNING - RetryError[<Future at 0x7a6348316d70 state=finished raised NotFoundError>]
2025-11-16 18:40:54,988 - INFO - HTTP Request: POST http://localhost:11434/chat/completions "HTTP/1.1 404 Not Found"
2025-11-16 18:40:54,994 - INFO - HTTP Request: POST http://localhost:11434/chat/completions "HTTP/1.1 404 Not Found"
2025-11-16 18:40:54,995 - WARNING - RetryError[<Future at 0x7a63483804f0 state=finished raised NotFoundError>]
2025-11-16 18:40:54,999 - INFO - HTTP Request: POST http://localhost:11434/chat/completions "HTTP/1.1 404 Not Found"
2025-11-16 18:40:55,006 - INFO - HTTP Request: POST http://localhost:11434/chat/completions "HTTP/1.1 404 Not Found"
2025-11-16 18:40:55,007 - WARNING - RetryError[<Future at 0x7a6348355630 state=finished raised NotFoundError>]
2025-11-16 18:40:55,011 - INFO - HTTP Request: POST http://localhost:11434/chat/completions "HTTP/1.1 404 Not Found"
2025-11-16 18:40:55,028 - INFO - HTTP Request: POST http://localhost:11434/chat/completions "HTTP/1.1 404 Not Found"
2025-11-16 18:40:55,029 - WARNING - RetryError[<Future at 0x7a63483e4e50 state=finished raised NotFoundError>]
2025-11-16 18:40:55,033 - INFO - HTTP Request: POST http://localhost:11434/chat/completions "HTTP/1.1 404 Not Found"
2025-11-16 18:40:55,034 - WARNING - RetryError[<Future at 0x7a63481f93c0 state=finished raised NotFoundError>]
2025-11-16 18:40:55,038 - INFO - HTTP Request: POST http://localhost:11434/chat/completions "HTTP/1.1 404 Not Found"
2025-11-16 18:40:55,046 - INFO - HTTP Request: POST http://localhost:11434/chat/completions "HTTP/1.1 404 Not Found"
2025-11-16 18:40:55,047 - WARNING - RetryError[<Future at 0x7a63483e7cd0 state=finished raised NotFoundError>]
2025-11-16 18:40:55,056 - INFO - HTTP Request: POST http://localhost:11434/chat/completions "HTTP/1.1 404 Not Found"
2025-11-16 18:40:55,057 - INFO - HTTP Request: POST http://localhost:11434/chat/completions "HTTP/1.1 404 Not Found"
2025-11-16 18:40:55,058 - WARNING - RetryError[<Future at 0x7a63481fb940 state=finished raised NotFoundError>]
2025-11-16 18:40:55,063 - INFO - HTTP Request: POST http://localhost:11434/chat/completions "HTTP/1.1 404 Not Found"
2025-11-16 18:40:55,074 - INFO - HTTP Request: POST http://localhost:11434/chat/completions "HTTP/1.1 404 Not Found"
2025-11-16 18:40:55,075 - WARNING - RetryError[<Future at 0x7a63481fb070 state=finished raised NotFoundError>]
2025-11-16 18:40:55,079 - INFO - HTTP Request: POST http://localhost:11434/chat/completions "HTTP/1.1 404 Not Found"
2025-11-16 18:40:55,089 - INFO - HTTP Request: POST http://localhost:11434/chat/completions "HTTP/1.1 404 Not Found"
2025-11-16 18:40:55,698 - INFO - HTTP Request: POST http://localhost:11434/chat/completions "HTTP/1.1 404 Not Found"
2025-11-16 18:40:55,698 - WARNING - RetryError[<Future at 0x7a6348213220 state=finished raised NotFoundError>]
2025-11-16 18:40:55,703 - INFO - HTTP Request: POST http://localhost:11434/chat/completions "HTTP/1.1 404 Not Found"
2025-11-16 18:40:55,714 - INFO - HTTP Request: POST http://localhost:11434/chat/completions "HTTP/1.1 404 Not Found"
2025-11-16 18:40:55,715 - WARNING - RetryError[<Future at 0x7a63482128f0 state=finished raised NotFoundError>]
2025-11-16 18:40:55,721 - INFO - HTTP Request: POST http://localhost:11434/chat/completions "HTTP/1.1 404 Not Found"
2025-11-16 18:40:55,801 - INFO - HTTP Request: POST http://localhost:11434/chat/completions "HTTP/1.1 404 Not Found"
2025-11-16 18:40:55,803 - WARNING - RetryError[<Future at 0x7a63481fb8b0 state=finished raised NotFoundError>]
2025-11-16 18:40:55,815 - INFO - HTTP Request: POST http://localhost:11434/chat/completions "HTTP/1.1 404 Not Found"
2025-11-16 18:40:55,850 - INFO - HTTP Request: POST http://localhost:11434/chat/completions "HTTP/1.1 404 Not Found"
2025-11-16 18:40:55,851 - WARNING - RetryError[<Future at 0x7a634821ebf0 state=finished raised NotFoundError>]
2025-11-16 18:40:55,857 - INFO - HTTP Request: POST http://localhost:11434/chat/completions "HTTP/1.1 404 Not Found"
2025-11-16 18:40:55,921 - INFO - HTTP Request: POST http://localhost:11434/chat/completions "HTTP/1.1 404 Not Found"
2025-11-16 18:40:55,922 - WARNING - RetryError[<Future at 0x7a63481fb460 state=finished raised NotFoundError>]
2025-11-16 18:40:55,927 - INFO - HTTP Request: POST http://localhost:11434/chat/completions "HTTP/1.1 404 Not Found"
2025-11-16 18:40:55,945 - INFO - HTTP Request: POST http://localhost:11434/chat/completions "HTTP/1.1 404 Not Found"
2025-11-16 18:40:55,946 - WARNING - RetryError[<Future at 0x7a63484d0f40 state=finished raised NotFoundError>]
2025-11-16 18:40:55,951 - INFO - HTTP Request: POST http://localhost:11434/chat/completions "HTTP/1.1 404 Not Found"
2025-11-16 18:40:55,964 - INFO - HTTP Request: POST http://localhost:11434/chat/completions "HTTP/1.1 404 Not Found"
2025-11-16 18:40:55,965 - WARNING - RetryError[<Future at 0x7a6348231ba0 state=finished raised NotFoundError>]
2025-11-16 18:40:55,970 - INFO - HTTP Request: POST http://localhost:11434/chat/completions "HTTP/1.1 404 Not Found"
2025-11-16 18:40:55,976 - INFO - HTTP Request: POST http://localhost:11434/chat/completions "HTTP/1.1 404 Not Found"
2025-11-16 18:40:55,977 - WARNING - RetryError[<Future at 0x7a634821c640 state=finished raised NotFoundError>]
2025-11-16 18:40:55,982 - INFO - HTTP Request: POST http://localhost:11434/chat/completions "HTTP/1.1 404 Not Found"
2025-11-16 18:40:55,993 - INFO - HTTP Request: POST http://localhost:11434/chat/completions "HTTP/1.1 404 Not Found"
2025-11-16 18:40:55,994 - WARNING - RetryError[<Future at 0x7a6348233490 state=finished raised NotFoundError>]
2025-11-16 18:40:55,999 - INFO - HTTP Request: POST http://localhost:11434/chat/completions "HTTP/1.1 404 Not Found"
2025-11-16 18:40:56,006 - INFO - HTTP Request: POST http://localhost:11434/chat/completions "HTTP/1.1 404 Not Found"
2025-11-16 18:40:56,007 - WARNING - RetryError[<Future at 0x7a63483078b0 state=finished raised NotFoundError>]
2025-11-16 18:40:56,018 - INFO - HTTP Request: POST http://localhost:11434/chat/completions "HTTP/1.1 404 Not Found"
2025-11-16 18:40:56,019 - INFO - HTTP Request: POST http://localhost:11434/chat/completions "HTTP/1.1 404 Not Found"
2025-11-16 18:40:56,020 - WARNING - RetryError[<Future at 0x7a6348231090 state=finished raised NotFoundError>]
2025-11-16 18:40:56,025 - INFO - HTTP Request: POST http://localhost:11434/chat/completions "HTTP/1.1 404 Not Found"
2025-11-16 18:40:56,043 - INFO - HTTP Request: POST http://localhost:11434/chat/completions "HTTP/1.1 404 Not Found"
2025-11-16 18:40:56,043 - WARNING - RetryError[<Future at 0x7a6348230940 state=finished raised NotFoundError>]
2025-11-16 18:40:56,049 - INFO - HTTP Request: POST http://localhost:11434/chat/completions "HTTP/1.1 404 Not Found"
2025-11-16 18:40:56,062 - INFO - HTTP Request: POST http://localhost:11434/chat/completions "HTTP/1.1 404 Not Found"
2025-11-16 18:40:56,063 - WARNING - RetryError[<Future at 0x7a634821eb60 state=finished raised NotFoundError>]
2025-11-16 18:40:56,070 - INFO - HTTP Request: POST http://localhost:11434/chat/completions "HTTP/1.1 404 Not Found"
2025-11-16 18:40:56,071 - INFO - HTTP Request: POST http://localhost:11434/chat/completions "HTTP/1.1 404 Not Found"
2025-11-16 18:40:56,072 - WARNING - RetryError[<Future at 0x7a63484b4eb0 state=finished raised NotFoundError>]
2025-11-16 18:40:56,076 - INFO - HTTP Request: POST http://localhost:11434/chat/completions "HTTP/1.1 404 Not Found"
2025-11-16 18:40:56,084 - INFO - HTTP Request: POST http://localhost:11434/chat/completions "HTTP/1.1 404 Not Found"
2025-11-16 18:40:56,085 - WARNING - RetryError[<Future at 0x7a634821de10 state=finished raised NotFoundError>]
2025-11-16 18:40:56,090 - INFO - HTTP Request: POST http://localhost:11434/chat/completions "HTTP/1.1 404 Not Found"
2025-11-16 18:40:56,094 - INFO - HTTP Request: POST http://localhost:11434/chat/completions "HTTP/1.1 404 Not Found"
2025-11-16 18:40:56,095 - WARNING - RetryError[<Future at 0x7a634821f040 state=finished raised NotFoundError>]
2025-11-16 18:40:56,100 - INFO - HTTP Request: POST http://localhost:11434/chat/completions "HTTP/1.1 404 Not Found"
2025-11-16 18:40:56,708 - INFO - HTTP Request: POST http://localhost:11434/chat/completions "HTTP/1.1 404 Not Found"
2025-11-16 18:40:56,708 - WARNING - RetryError[<Future at 0x7a634821ecb0 state=finished raised NotFoundError>]
2025-11-16 18:40:56,712 - INFO - HTTP Request: POST http://localhost:11434/chat/completions "HTTP/1.1 404 Not Found"
2025-11-16 18:40:56,725 - INFO - HTTP Request: POST http://localhost:11434/chat/completions "HTTP/1.1 404 Not Found"
2025-11-16 18:40:56,726 - WARNING - RetryError[<Future at 0x7a6348230880 state=finished raised NotFoundError>]
2025-11-16 18:40:56,730 - INFO - HTTP Request: POST http://localhost:11434/chat/completions "HTTP/1.1 404 Not Found"
2025-11-16 18:40:56,821 - INFO - HTTP Request: POST http://localhost:11434/chat/completions "HTTP/1.1 404 Not Found"
2025-11-16 18:40:56,821 - WARNING - RetryError[<Future at 0x7a63481f9060 state=finished raised NotFoundError>]
2025-11-16 18:40:56,826 - INFO - HTTP Request: POST http://localhost:11434/chat/completions "HTTP/1.1 404 Not Found"
2025-11-16 18:40:56,862 - INFO - HTTP Request: POST http://localhost:11434/chat/completions "HTTP/1.1 404 Not Found"
2025-11-16 18:40:56,863 - WARNING - RetryError[<Future at 0x7a63481f9360 state=finished raised NotFoundError>]
2025-11-16 18:40:56,867 - INFO - HTTP Request: POST http://localhost:11434/chat/completions "HTTP/1.1 404 Not Found"
2025-11-16 18:40:56,931 - INFO - HTTP Request: POST http://localhost:11434/chat/completions "HTTP/1.1 404 Not Found"
2025-11-16 18:40:56,932 - WARNING - RetryError[<Future at 0x7a63482300a0 state=finished raised NotFoundError>]
2025-11-16 18:40:56,936 - INFO - HTTP Request: POST http://localhost:11434/chat/completions "HTTP/1.1 404 Not Found"
2025-11-16 18:40:56,956 - INFO - HTTP Request: POST http://localhost:11434/chat/completions "HTTP/1.1 404 Not Found"
2025-11-16 18:40:56,957 - WARNING - RetryError[<Future at 0x7a63483bab90 state=finished raised NotFoundError>]
2025-11-16 18:40:56,963 - INFO - HTTP Request: POST http://localhost:11434/chat/completions "HTTP/1.1 404 Not Found"
2025-11-16 18:40:56,977 - INFO - HTTP Request: POST http://localhost:11434/chat/completions "HTTP/1.1 404 Not Found"
2025-11-16 18:40:56,978 - WARNING - RetryError[<Future at 0x7a63483c9210 state=finished raised NotFoundError>]
2025-11-16 18:40:56,983 - INFO - HTTP Request: POST http://localhost:11434/chat/completions "HTTP/1.1 404 Not Found"
2025-11-16 18:40:56,987 - INFO - HTTP Request: POST http://localhost:11434/chat/completions "HTTP/1.1 404 Not Found"
2025-11-16 18:40:56,988 - WARNING - RetryError[<Future at 0x7a63483e6380 state=finished raised NotFoundError>]
2025-11-16 18:40:56,994 - INFO - HTTP Request: POST http://localhost:11434/chat/completions "HTTP/1.1 404 Not Found"
2025-11-16 18:40:57,008 - INFO - HTTP Request: POST http://localhost:11434/chat/completions "HTTP/1.1 404 Not Found"
2025-11-16 18:40:57,009 - WARNING - RetryError[<Future at 0x7a634831d2d0 state=finished raised NotFoundError>]
2025-11-16 18:40:57,014 - INFO - HTTP Request: POST http://localhost:11434/chat/completions "HTTP/1.1 404 Not Found"
2025-11-16 18:40:57,022 - INFO - HTTP Request: POST http://localhost:11434/chat/completions "HTTP/1.1 404 Not Found"
2025-11-16 18:40:57,023 - WARNING - RetryError[<Future at 0x7a636b0af9a0 state=finished raised NotFoundError>]
2025-11-16 18:40:57,027 - INFO - HTTP Request: POST http://localhost:11434/chat/completions "HTTP/1.1 404 Not Found"
2025-11-16 18:40:57,031 - INFO - HTTP Request: POST http://localhost:11434/chat/completions "HTTP/1.1 404 Not Found"
2025-11-16 18:40:57,032 - WARNING - RetryError[<Future at 0x7a634821c850 state=finished raised NotFoundError>]
2025-11-16 18:40:57,036 - INFO - HTTP Request: POST http://localhost:11434/chat/completions "HTTP/1.1 404 Not Found"
2025-11-16 18:40:57,053 - INFO - HTTP Request: POST http://localhost:11434/chat/completions "HTTP/1.1 404 Not Found"
2025-11-16 18:40:57,054 - WARNING - RetryError[<Future at 0x7a63483e66e0 state=finished raised NotFoundError>]
2025-11-16 18:40:57,057 - INFO - HTTP Request: POST http://localhost:11434/chat/completions "HTTP/1.1 404 Not Found"
2025-11-16 18:40:57,075 - INFO - HTTP Request: POST http://localhost:11434/chat/completions "HTTP/1.1 404 Not Found"
2025-11-16 18:40:57,076 - WARNING - RetryError[<Future at 0x7a63482424a0 state=finished raised NotFoundError>]
2025-11-16 18:40:57,082 - INFO - HTTP Request: POST http://localhost:11434/chat/completions "HTTP/1.1 404 Not Found"
2025-11-16 18:40:57,082 - INFO - HTTP Request: POST http://localhost:11434/chat/completions "HTTP/1.1 404 Not Found"
2025-11-16 18:40:57,083 - WARNING - RetryError[<Future at 0x7a63483e5000 state=finished raised NotFoundError>]
2025-11-16 18:40:57,087 - INFO - HTTP Request: POST http://localhost:11434/chat/completions "HTTP/1.1 404 Not Found"
2025-11-16 18:40:57,097 - INFO - HTTP Request: POST http://localhost:11434/chat/completions "HTTP/1.1 404 Not Found"
2025-11-16 18:40:57,098 - WARNING - RetryError[<Future at 0x7a6348243bb0 state=finished raised NotFoundError>]
2025-11-16 18:40:57,105 - INFO - HTTP Request: POST http://localhost:11434/chat/completions "HTTP/1.1 404 Not Found"
2025-11-16 18:40:57,106 - INFO - HTTP Request: POST http://localhost:11434/chat/completions "HTTP/1.1 404 Not Found"
2025-11-16 18:40:57,107 - WARNING - RetryError[<Future at 0x7a63482408b0 state=finished raised NotFoundError>]
2025-11-16 18:40:57,113 - INFO - HTTP Request: POST http://localhost:11434/chat/completions "HTTP/1.1 404 Not Found"
2025-11-16 18:40:57,717 - INFO - HTTP Request: POST http://localhost:11434/chat/completions "HTTP/1.1 404 Not Found"
2025-11-16 18:40:57,717 - WARNING - RetryError[<Future at 0x7a6348314520 state=finished raised NotFoundError>]
2025-11-16 18:40:57,722 - INFO - HTTP Request: POST http://localhost:11434/chat/completions "HTTP/1.1 404 Not Found"
2025-11-16 18:40:57,734 - INFO - HTTP Request: POST http://localhost:11434/chat/completions "HTTP/1.1 404 Not Found"
2025-11-16 18:40:57,735 - WARNING - RetryError[<Future at 0x7a634824f430 state=finished raised NotFoundError>]
2025-11-16 18:40:57,739 - INFO - HTTP Request: POST http://localhost:11434/chat/completions "HTTP/1.1 404 Not Found"
2025-11-16 18:40:57,830 - INFO - HTTP Request: POST http://localhost:11434/chat/completions "HTTP/1.1 404 Not Found"
2025-11-16 18:40:57,831 - WARNING - RetryError[<Future at 0x7a634832e440 state=finished raised NotFoundError>]
2025-11-16 18:40:57,835 - INFO - HTTP Request: POST http://localhost:11434/chat/completions "HTTP/1.1 404 Not Found"
2025-11-16 18:40:57,873 - INFO - HTTP Request: POST http://localhost:11434/chat/completions "HTTP/1.1 404 Not Found"
2025-11-16 18:40:57,874 - WARNING - RetryError[<Future at 0x7a634824d510 state=finished raised NotFoundError>]
2025-11-16 18:40:57,882 - INFO - HTTP Request: POST http://localhost:11434/chat/completions "HTTP/1.1 404 Not Found"
2025-11-16 18:40:57,940 - INFO - HTTP Request: POST http://localhost:11434/chat/completions "HTTP/1.1 404 Not Found"
2025-11-16 18:40:57,941 - WARNING - RetryError[<Future at 0x7a634825fe20 state=finished raised NotFoundError>]
2025-11-16 18:40:57,945 - INFO - HTTP Request: POST http://localhost:11434/chat/completions "HTTP/1.1 404 Not Found"
2025-11-16 18:40:57,967 - INFO - HTTP Request: POST http://localhost:11434/chat/completions "HTTP/1.1 404 Not Found"
2025-11-16 18:40:57,968 - WARNING - RetryError[<Future at 0x7a6348241ff0 state=finished raised NotFoundError>]
2025-11-16 18:40:57,972 - INFO - HTTP Request: POST http://localhost:11434/chat/completions "HTTP/1.1 404 Not Found"
2025-11-16 18:40:57,990 - INFO - HTTP Request: POST http://localhost:11434/chat/completions "HTTP/1.1 404 Not Found"
2025-11-16 18:40:57,990 - WARNING - RetryError[<Future at 0x7a634832dcc0 state=finished raised NotFoundError>]
2025-11-16 18:40:57,994 - INFO - HTTP Request: POST http://localhost:11434/chat/completions "HTTP/1.1 404 Not Found"
2025-11-16 18:40:57,998 - INFO - HTTP Request: POST http://localhost:11434/chat/completions "HTTP/1.1 404 Not Found"
2025-11-16 18:40:57,998 - WARNING - RetryError[<Future at 0x7a6348316bc0 state=finished raised NotFoundError>]
2025-11-16 18:40:58,004 - INFO - HTTP Request: POST http://localhost:11434/chat/completions "HTTP/1.1 404 Not Found"
2025-11-16 18:40:58,018 - INFO - HTTP Request: POST http://localhost:11434/chat/completions "HTTP/1.1 404 Not Found"
2025-11-16 18:40:58,019 - WARNING - RetryError[<Future at 0x7a634825fa60 state=finished raised NotFoundError>]
2025-11-16 18:40:58,023 - INFO - HTTP Request: POST http://localhost:11434/chat/completions "HTTP/1.1 404 Not Found"
2025-11-16 18:40:58,034 - INFO - HTTP Request: POST http://localhost:11434/chat/completions "HTTP/1.1 404 Not Found"
2025-11-16 18:40:58,035 - WARNING - RetryError[<Future at 0x7a634826bd90 state=finished raised NotFoundError>]
2025-11-16 18:40:58,045 - INFO - HTTP Request: POST http://localhost:11434/chat/completions "HTTP/1.1 404 Not Found"
2025-11-16 18:40:58,047 - INFO - HTTP Request: POST http://localhost:11434/chat/completions "HTTP/1.1 404 Not Found"
2025-11-16 18:40:58,048 - WARNING - RetryError[<Future at 0x7a634826b340 state=finished raised NotFoundError>]
2025-11-16 18:40:58,055 - INFO - HTTP Request: POST http://localhost:11434/chat/completions "HTTP/1.1 404 Not Found"
2025-11-16 18:40:58,062 - INFO - HTTP Request: POST http://localhost:11434/chat/completions "HTTP/1.1 404 Not Found"
2025-11-16 18:40:58,063 - WARNING - RetryError[<Future at 0x7a6348283550 state=finished raised NotFoundError>]
2025-11-16 18:40:58,068 - INFO - HTTP Request: POST http://localhost:11434/chat/completions "HTTP/1.1 404 Not Found"
2025-11-16 18:40:58,086 - INFO - HTTP Request: POST http://localhost:11434/chat/completions "HTTP/1.1 404 Not Found"
2025-11-16 18:40:58,088 - WARNING - RetryError[<Future at 0x7a6348283550 state=finished raised NotFoundError>]
2025-11-16 18:40:58,091 - INFO - HTTP Request: POST http://localhost:11434/chat/completions "HTTP/1.1 404 Not Found"
2025-11-16 18:40:58,092 - WARNING - RetryError[<Future at 0x7a6348283bb0 state=finished raised NotFoundError>]
2025-11-16 18:40:58,096 - INFO - HTTP Request: POST http://localhost:11434/chat/completions "HTTP/1.1 404 Not Found"
2025-11-16 18:40:58,100 - INFO - HTTP Request: POST http://localhost:11434/chat/completions "HTTP/1.1 404 Not Found"
2025-11-16 18:40:58,110 - INFO - HTTP Request: POST http://localhost:11434/chat/completions "HTTP/1.1 404 Not Found"
2025-11-16 18:40:58,111 - WARNING - RetryError[<Future at 0x7a63482825c0 state=finished raised NotFoundError>]
2025-11-16 18:40:58,118 - INFO - HTTP Request: POST http://localhost:11434/chat/completions "HTTP/1.1 404 Not Found"
2025-11-16 18:40:58,118 - INFO - HTTP Request: POST http://localhost:11434/chat/completions "HTTP/1.1 404 Not Found"
2025-11-16 18:40:58,119 - WARNING - RetryError[<Future at 0x7a6348281a20 state=finished raised NotFoundError>]
2025-11-16 18:40:58,123 - INFO - HTTP Request: POST http://localhost:11434/chat/completions "HTTP/1.1 404 Not Found"
2025-11-16 18:40:58,729 - INFO - HTTP Request: POST http://localhost:11434/chat/completions "HTTP/1.1 404 Not Found"
2025-11-16 18:40:58,729 - WARNING - RetryError[<Future at 0x7a63482818a0 state=finished raised NotFoundError>]
2025-11-16 18:40:58,734 - INFO - HTTP Request: POST http://localhost:11434/chat/completions "HTTP/1.1 404 Not Found"
2025-11-16 18:40:58,744 - INFO - HTTP Request: POST http://localhost:11434/chat/completions "HTTP/1.1 404 Not Found"
2025-11-16 18:40:58,745 - WARNING - RetryError[<Future at 0x7a63483b9ff0 state=finished raised NotFoundError>]
2025-11-16 18:40:58,752 - INFO - HTTP Request: POST http://localhost:11434/chat/completions "HTTP/1.1 404 Not Found"
2025-11-16 18:40:58,845 - INFO - HTTP Request: POST http://localhost:11434/chat/completions "HTTP/1.1 404 Not Found"
2025-11-16 18:40:58,846 - WARNING - RetryError[<Future at 0x7a634825eb30 state=finished raised NotFoundError>]
2025-11-16 18:40:58,859 - INFO - HTTP Request: POST http://localhost:11434/chat/completions "HTTP/1.1 404 Not Found"
2025-11-16 18:40:58,892 - INFO - HTTP Request: POST http://localhost:11434/chat/completions "HTTP/1.1 404 Not Found"
2025-11-16 18:40:58,893 - WARNING - RetryError[<Future at 0x7a634825dc90 state=finished raised NotFoundError>]
2025-11-16 18:40:58,905 - INFO - HTTP Request: POST http://localhost:11434/chat/completions "HTTP/1.1 404 Not Found"
2025-11-16 18:40:58,950 - INFO - HTTP Request: POST http://localhost:11434/chat/completions "HTTP/1.1 404 Not Found"
2025-11-16 18:40:58,951 - WARNING - RetryError[<Future at 0x7a6348281570 state=finished raised NotFoundError>]
2025-11-16 18:40:58,955 - INFO - HTTP Request: POST http://localhost:11434/chat/completions "HTTP/1.1 404 Not Found"
2025-11-16 18:40:58,976 - INFO - HTTP Request: POST http://localhost:11434/chat/completions "HTTP/1.1 404 Not Found"
2025-11-16 18:40:58,977 - WARNING - RetryError[<Future at 0x7a634824cb20 state=finished raised NotFoundError>]
2025-11-16 18:40:58,982 - INFO - HTTP Request: POST http://localhost:11434/chat/completions "HTTP/1.1 404 Not Found"
2025-11-16 18:40:59,004 - INFO - HTTP Request: POST http://localhost:11434/chat/completions "HTTP/1.1 404 Not Found"
2025-11-16 18:40:59,005 - WARNING - RetryError[<Future at 0x7a634832e440 state=finished raised NotFoundError>]
2025-11-16 18:40:59,016 - INFO - HTTP Request: POST http://localhost:11434/chat/completions "HTTP/1.1 404 Not Found"
2025-11-16 18:40:59,018 - WARNING - RetryError[<Future at 0x7a6348281480 state=finished raised NotFoundError>]
2025-11-16 18:40:59,041 - INFO - HTTP Request: POST http://localhost:11434/chat/completions "HTTP/1.1 404 Not Found"
2025-11-16 18:40:59,046 - INFO - HTTP Request: POST http://localhost:11434/chat/completions "HTTP/1.1 404 Not Found"
2025-11-16 18:40:59,048 - WARNING - RetryError[<Future at 0x7a6348268c70 state=finished raised NotFoundError>]
2025-11-16 18:40:59,065 - INFO - HTTP Request: POST http://localhost:11434/chat/completions "HTTP/1.1 404 Not Found"
2025-11-16 18:40:59,066 - WARNING - RetryError[<Future at 0x7a6348243ac0 state=finished raised NotFoundError>]
2025-11-16 18:40:59,069 - INFO - HTTP Request: POST http://localhost:11434/chat/completions "HTTP/1.1 404 Not Found"
2025-11-16 18:40:59,075 - WARNING - RetryError[<Future at 0x7a63481f9d50 state=finished raised NotFoundError>]
2025-11-16 18:40:59,077 - INFO - HTTP Request: POST http://localhost:11434/chat/completions "HTTP/1.1 404 Not Found"
2025-11-16 18:40:59,078 - WARNING - RetryError[<Future at 0x7a6348282410 state=finished raised NotFoundError>]
2025-11-16 18:40:59,082 - INFO - HTTP Request: POST http://localhost:11434/chat/completions "HTTP/1.1 404 Not Found"
2025-11-16 18:40:59,087 - INFO - HTTP Request: POST http://localhost:11434/chat/completions "HTTP/1.1 404 Not Found"
2025-11-16 18:40:59,100 - INFO - HTTP Request: POST http://localhost:11434/chat/completions "HTTP/1.1 404 Not Found"
2025-11-16 18:40:59,101 - WARNING - RetryError[<Future at 0x7a636b111c60 state=finished raised NotFoundError>]
2025-11-16 18:40:59,104 - INFO - HTTP Request: POST http://localhost:11434/chat/completions "HTTP/1.1 404 Not Found"
2025-11-16 18:40:59,104 - WARNING - RetryError[<Future at 0x7a6348317730 state=finished raised NotFoundError>]
2025-11-16 18:40:59,108 - INFO - HTTP Request: POST http://localhost:11434/chat/completions "HTTP/1.1 404 Not Found"
2025-11-16 18:40:59,122 - INFO - HTTP Request: POST http://localhost:11434/chat/completions "HTTP/1.1 404 Not Found"
2025-11-16 18:40:59,123 - WARNING - RetryError[<Future at 0x7a63483955d0 state=finished raised NotFoundError>]
2025-11-16 18:40:59,129 - INFO - HTTP Request: POST http://localhost:11434/chat/completions "HTTP/1.1 404 Not Found"
2025-11-16 18:40:59,130 - INFO - HTTP Request: POST http://localhost:11434/chat/completions "HTTP/1.1 404 Not Found"
2025-11-16 18:40:59,130 - WARNING - RetryError[<Future at 0x7a63483af190 state=finished raised NotFoundError>]
2025-11-16 18:40:59,134 - INFO - HTTP Request: POST http://localhost:11434/chat/completions "HTTP/1.1 404 Not Found"
2025-11-16 18:40:59,158 - INFO - HTTP Request: POST http://localhost:11434/chat/completions "HTTP/1.1 404 Not Found"
2025-11-16 18:40:59,178 - INFO - HTTP Request: POST http://localhost:11434/chat/completions "HTTP/1.1 404 Not Found"
2025-11-16 18:40:59,185 - INFO - HTTP Request: POST http://localhost:11434/chat/completions "HTTP/1.1 404 Not Found"
2025-11-16 18:40:59,190 - INFO - HTTP Request: POST http://localhost:11434/chat/completions "HTTP/1.1 404 Not Found"
2025-11-16 18:40:59,744 - INFO - HTTP Request: POST http://localhost:11434/chat/completions "HTTP/1.1 404 Not Found"
2025-11-16 18:40:59,746 - WARNING - RetryError[<Future at 0x7a6348316a70 state=finished raised NotFoundError>]
2025-11-16 18:40:59,764 - INFO - HTTP Request: POST http://localhost:11434/chat/completions "HTTP/1.1 404 Not Found"
2025-11-16 18:40:59,766 - WARNING - RetryError[<Future at 0x7a634829b370 state=finished raised NotFoundError>]
2025-11-16 18:40:59,770 - INFO - HTTP Request: POST http://localhost:11434/chat/completions "HTTP/1.1 404 Not Found"
2025-11-16 18:40:59,781 - INFO - HTTP Request: POST http://localhost:11434/chat/completions "HTTP/1.1 404 Not Found"
2025-11-16 18:40:59,870 - INFO - HTTP Request: POST http://localhost:11434/chat/completions "HTTP/1.1 404 Not Found"
2025-11-16 18:40:59,871 - WARNING - RetryError[<Future at 0x7a6348397520 state=finished raised NotFoundError>]
2025-11-16 18:40:59,883 - INFO - HTTP Request: POST http://localhost:11434/chat/completions "HTTP/1.1 404 Not Found"
2025-11-16 18:40:59,915 - INFO - HTTP Request: POST http://localhost:11434/chat/completions "HTTP/1.1 404 Not Found"
2025-11-16 18:40:59,917 - WARNING - RetryError[<Future at 0x7a63482939a0 state=finished raised NotFoundError>]
2025-11-16 18:40:59,929 - INFO - HTTP Request: POST http://localhost:11434/chat/completions "HTTP/1.1 404 Not Found"
2025-11-16 18:40:59,961 - INFO - HTTP Request: POST http://localhost:11434/chat/completions "HTTP/1.1 404 Not Found"
2025-11-16 18:40:59,962 - WARNING - RetryError[<Future at 0x7a63483971f0 state=finished raised NotFoundError>]
2025-11-16 18:40:59,967 - INFO - HTTP Request: POST http://localhost:11434/chat/completions "HTTP/1.1 404 Not Found"
2025-11-16 18:40:59,987 - INFO - HTTP Request: POST http://localhost:11434/chat/completions "HTTP/1.1 404 Not Found"
2025-11-16 18:40:59,988 - WARNING - RetryError[<Future at 0x7a6348299d80 state=finished raised NotFoundError>]
2025-11-16 18:40:59,994 - INFO - HTTP Request: POST http://localhost:11434/chat/completions "HTTP/1.1 404 Not Found"
2025-11-16 18:41:00,053 - INFO - HTTP Request: POST http://localhost:11434/chat/completions "HTTP/1.1 404 Not Found"
2025-11-16 18:41:00,055 - WARNING - RetryError[<Future at 0x7a63482aca30 state=finished raised NotFoundError>]
2025-11-16 18:41:00,069 - INFO - HTTP Request: POST http://localhost:11434/chat/completions "HTTP/1.1 404 Not Found"
2025-11-16 18:41:00,098 - INFO - HTTP Request: POST http://localhost:11434/chat/completions "HTTP/1.1 404 Not Found"
2025-11-16 18:41:00,100 - WARNING - RetryError[<Future at 0x7a63482aee90 state=finished raised NotFoundError>]
2025-11-16 18:41:00,102 - INFO - HTTP Request: POST http://localhost:11434/chat/completions "HTTP/1.1 404 Not Found"
2025-11-16 18:41:00,104 - WARNING - RetryError[<Future at 0x7a634829bee0 state=finished raised NotFoundError>]
2025-11-16 18:41:00,125 - INFO - HTTP Request: POST http://localhost:11434/chat/completions "HTTP/1.1 404 Not Found"
2025-11-16 18:41:00,127 - INFO - HTTP Request: POST http://localhost:11434/chat/completions "HTTP/1.1 404 Not Found"
2025-11-16 18:41:00,130 - WARNING - RetryError[<Future at 0x7a63482bfd00 state=finished raised NotFoundError>]
2025-11-16 18:41:00,150 - INFO - HTTP Request: POST http://localhost:11434/chat/completions "HTTP/1.1 404 Not Found"
2025-11-16 18:41:00,152 - WARNING - RetryError[<Future at 0x7a63482be590 state=finished raised NotFoundError>]
2025-11-16 18:41:00,160 - INFO - HTTP Request: POST http://localhost:11434/chat/completions "HTTP/1.1 404 Not Found"
2025-11-16 18:41:00,162 - WARNING - RetryError[<Future at 0x7a63482bfaf0 state=finished raised NotFoundError>]
2025-11-16 18:41:00,170 - INFO - HTTP Request: POST http://localhost:11434/chat/completions "HTTP/1.1 404 Not Found"
2025-11-16 18:41:00,171 - WARNING - RetryError[<Future at 0x7a63482afdc0 state=finished raised NotFoundError>]
2025-11-16 18:41:00,176 - INFO - HTTP Request: POST http://localhost:11434/chat/completions "HTTP/1.1 404 Not Found"
2025-11-16 18:41:00,184 - INFO - HTTP Request: POST http://localhost:11434/chat/completions "HTTP/1.1 404 Not Found"
2025-11-16 18:41:00,184 - INFO - HTTP Request: POST http://localhost:11434/chat/completions "HTTP/1.1 404 Not Found"
2025-11-16 18:41:00,185 - WARNING - RetryError[<Future at 0x7a63482cae60 state=finished raised NotFoundError>]
2025-11-16 18:41:00,190 - INFO - HTTP Request: POST http://localhost:11434/chat/completions "HTTP/1.1 404 Not Found"
2025-11-16 18:41:00,191 - WARNING - RetryError[<Future at 0x7a63482cb820 state=finished raised NotFoundError>]
2025-11-16 18:41:00,196 - INFO - HTTP Request: POST http://localhost:11434/chat/completions "HTTP/1.1 404 Not Found"
2025-11-16 18:41:00,199 - WARNING - RetryError[<Future at 0x7a63482dd7e0 state=finished raised NotFoundError>]
2025-11-16 18:41:00,200 - INFO - HTTP Request: POST http://localhost:11434/chat/completions "HTTP/1.1 404 Not Found"
2025-11-16 18:41:00,205 - INFO - HTTP Request: POST http://localhost:11434/chat/completions "HTTP/1.1 404 Not Found"
2025-11-16 18:41:00,213 - INFO - HTTP Request: POST http://localhost:11434/chat/completions "HTTP/1.1 404 Not Found"
2025-11-16 18:41:00,223 - INFO - HTTP Request: POST http://localhost:11434/chat/completions "HTTP/1.1 404 Not Found"
2025-11-16 18:41:00,256 - INFO - HTTP Request: POST http://localhost:11434/chat/completions "HTTP/1.1 404 Not Found"
2025-11-16 18:41:00,279 - INFO - HTTP Request: POST http://localhost:11434/chat/completions "HTTP/1.1 404 Not Found"
2025-11-16 18:41:00,781 - INFO - HTTP Request: POST http://localhost:11434/chat/completions "HTTP/1.1 404 Not Found"
2025-11-16 18:41:00,783 - WARNING - RetryError[<Future at 0x7a63482c89a0 state=finished raised NotFoundError>]
2025-11-16 18:41:00,794 - INFO - HTTP Request: POST http://localhost:11434/chat/completions "HTTP/1.1 404 Not Found"
2025-11-16 18:41:00,796 - WARNING - RetryError[<Future at 0x7a63482cb910 state=finished raised NotFoundError>]
2025-11-16 18:41:00,804 - INFO - HTTP Request: POST http://localhost:11434/chat/completions "HTTP/1.1 404 Not Found"
2025-11-16 18:41:00,854 - INFO - HTTP Request: POST http://localhost:11434/chat/completions "HTTP/1.1 404 Not Found"
2025-11-16 18:41:00,892 - INFO - HTTP Request: POST http://localhost:11434/chat/completions "HTTP/1.1 404 Not Found"
2025-11-16 18:41:00,892 - WARNING - RetryError[<Future at 0x7a63482cb1f0 state=finished raised NotFoundError>]
2025-11-16 18:41:00,896 - INFO - HTTP Request: POST http://localhost:11434/chat/completions "HTTP/1.1 404 Not Found"
2025-11-16 18:41:00,937 - INFO - HTTP Request: POST http://localhost:11434/chat/completions "HTTP/1.1 404 Not Found"
2025-11-16 18:41:00,938 - WARNING - RetryError[<Future at 0x7a63482de050 state=finished raised NotFoundError>]
2025-11-16 18:41:00,950 - INFO - HTTP Request: POST http://localhost:11434/chat/completions "HTTP/1.1 404 Not Found"
2025-11-16 18:41:00,977 - INFO - HTTP Request: POST http://localhost:11434/chat/completions "HTTP/1.1 404 Not Found"
2025-11-16 18:41:00,978 - WARNING - RetryError[<Future at 0x7a63482bea40 state=finished raised NotFoundError>]
2025-11-16 18:41:00,991 - INFO - HTTP Request: POST http://localhost:11434/chat/completions "HTTP/1.1 404 Not Found"
2025-11-16 18:41:01,000 - INFO - HTTP Request: POST http://localhost:11434/chat/completions "HTTP/1.1 404 Not Found"
2025-11-16 18:41:01,001 - WARNING - RetryError[<Future at 0x7a63482be1d0 state=finished raised NotFoundError>]
2025-11-16 18:41:01,006 - INFO - HTTP Request: POST http://localhost:11434/chat/completions "HTTP/1.1 404 Not Found"
2025-11-16 18:41:01,079 - INFO - HTTP Request: POST http://localhost:11434/chat/completions "HTTP/1.1 404 Not Found"
2025-11-16 18:41:01,081 - WARNING - RetryError[<Future at 0x7a63482dca00 state=finished raised NotFoundError>]
2025-11-16 18:41:01,094 - INFO - HTTP Request: POST http://localhost:11434/chat/completions "HTTP/1.1 404 Not Found"
2025-11-16 18:41:01,138 - INFO - HTTP Request: POST http://localhost:11434/chat/completions "HTTP/1.1 404 Not Found"
2025-11-16 18:41:01,140 - WARNING - RetryError[<Future at 0x7a634824d540 state=finished raised NotFoundError>]
2025-11-16 18:41:01,152 - INFO - HTTP Request: POST http://localhost:11434/chat/completions "HTTP/1.1 404 Not Found"
2025-11-16 18:41:01,185 - INFO - HTTP Request: POST http://localhost:11434/chat/completions "HTTP/1.1 404 Not Found"
2025-11-16 18:41:01,187 - WARNING - RetryError[<Future at 0x7a63481fae30 state=finished raised NotFoundError>]
2025-11-16 18:41:01,197 - INFO - HTTP Request: POST http://localhost:11434/chat/completions "HTTP/1.1 404 Not Found"
2025-11-16 18:41:01,199 - WARNING - RetryError[<Future at 0x7a63482bd9c0 state=finished raised NotFoundError>]
2025-11-16 18:41:01,230 - INFO - HTTP Request: POST http://localhost:11434/chat/completions "HTTP/1.1 404 Not Found"
2025-11-16 18:41:01,231 - INFO - HTTP Request: POST http://localhost:11434/chat/completions "HTTP/1.1 404 Not Found"
2025-11-16 18:41:01,234 - WARNING - RetryError[<Future at 0x7a63482ac670 state=finished raised NotFoundError>]
2025-11-16 18:41:01,235 - WARNING - RetryError[<Future at 0x7a63482afaf0 state=finished raised NotFoundError>]
2025-11-16 18:41:01,237 - INFO - HTTP Request: POST http://localhost:11434/chat/completions "HTTP/1.1 404 Not Found"
2025-11-16 18:41:01,237 - INFO - HTTP Request: POST http://localhost:11434/chat/completions "HTTP/1.1 404 Not Found"
2025-11-16 18:41:01,239 - WARNING - RetryError[<Future at 0x7a634824df00 state=finished raised NotFoundError>]
2025-11-16 18:41:01,241 - INFO - HTTP Request: POST http://localhost:11434/chat/completions "HTTP/1.1 404 Not Found"
2025-11-16 18:41:01,242 - WARNING - RetryError[<Future at 0x7a634829bf40 state=finished raised NotFoundError>]
2025-11-16 18:41:01,246 - INFO - HTTP Request: POST http://localhost:11434/chat/completions "HTTP/1.1 404 Not Found"
2025-11-16 18:41:01,261 - INFO - HTTP Request: POST http://localhost:11434/chat/completions "HTTP/1.1 404 Not Found"
2025-11-16 18:41:01,262 - WARNING - RetryError[<Future at 0x7a6348291690 state=finished raised NotFoundError>]
2025-11-16 18:41:01,266 - INFO - HTTP Request: POST http://localhost:11434/chat/completions "HTTP/1.1 404 Not Found"
2025-11-16 18:41:01,285 - INFO - HTTP Request: POST http://localhost:11434/chat/completions "HTTP/1.1 404 Not Found"
2025-11-16 18:41:01,286 - WARNING - RetryError[<Future at 0x7a6348233b20 state=finished raised NotFoundError>]
2025-11-16 18:41:01,286 - INFO - HTTP Request: POST http://localhost:11434/chat/completions "HTTP/1.1 404 Not Found"
2025-11-16 18:41:01,290 - INFO - HTTP Request: POST http://localhost:11434/chat/completions "HTTP/1.1 404 Not Found"
2025-11-16 18:41:01,294 - INFO - HTTP Request: POST http://localhost:11434/chat/completions "HTTP/1.1 404 Not Found"
2025-11-16 18:41:01,298 - INFO - HTTP Request: POST http://localhost:11434/chat/completions "HTTP/1.1 404 Not Found"
2025-11-16 18:41:01,354 - INFO - HTTP Request: POST http://localhost:11434/chat/completions "HTTP/1.1 404 Not Found"
2025-11-16 18:41:01,814 - INFO - HTTP Request: POST http://localhost:11434/chat/completions "HTTP/1.1 404 Not Found"
2025-11-16 18:41:01,815 - WARNING - RetryError[<Future at 0x7a6348317220 state=finished raised NotFoundError>]
2025-11-16 18:41:01,828 - INFO - HTTP Request: POST http://localhost:11434/chat/completions "HTTP/1.1 404 Not Found"
2025-11-16 18:41:01,864 - INFO - HTTP Request: POST http://localhost:11434/chat/completions "HTTP/1.1 404 Not Found"
2025-11-16 18:41:01,866 - WARNING - RetryError[<Future at 0x7a6348396200 state=finished raised NotFoundError>]
2025-11-16 18:41:01,877 - INFO - HTTP Request: POST http://localhost:11434/chat/completions "HTTP/1.1 404 Not Found"
2025-11-16 18:41:01,904 - INFO - HTTP Request: POST http://localhost:11434/chat/completions "HTTP/1.1 404 Not Found"
2025-11-16 18:41:01,905 - WARNING - RetryError[<Future at 0x7a636b112da0 state=finished raised NotFoundError>]
2025-11-16 18:41:01,913 - INFO - HTTP Request: POST http://localhost:11434/chat/completions "HTTP/1.1 404 Not Found"
2025-11-16 18:41:01,961 - INFO - HTTP Request: POST http://localhost:11434/chat/completions "HTTP/1.1 404 Not Found"
2025-11-16 18:41:01,962 - WARNING - RetryError[<Future at 0x7a63482901c0 state=finished raised NotFoundError>]
2025-11-16 18:41:01,976 - INFO - HTTP Request: POST http://localhost:11434/chat/completions "HTTP/1.1 404 Not Found"
2025-11-16 18:41:02,002 - INFO - HTTP Request: POST http://localhost:11434/chat/completions "HTTP/1.1 404 Not Found"
2025-11-16 18:41:02,003 - WARNING - RetryError[<Future at 0x7a63482695a0 state=finished raised NotFoundError>]
2025-11-16 18:41:02,022 - INFO - HTTP Request: POST http://localhost:11434/chat/completions "HTTP/1.1 404 Not Found"
2025-11-16 18:41:02,024 - INFO - HTTP Request: POST http://localhost:11434/chat/completions "HTTP/1.1 404 Not Found"
2025-11-16 18:41:02,025 - WARNING - RetryError[<Future at 0x7a636b112e90 state=finished raised NotFoundError>]
2025-11-16 18:41:02,032 - INFO - HTTP Request: POST http://localhost:11434/chat/completions "HTTP/1.1 404 Not Found"
2025-11-16 18:41:02,105 - INFO - HTTP Request: POST http://localhost:11434/chat/completions "HTTP/1.1 404 Not Found"
2025-11-16 18:41:02,107 - WARNING - RetryError[<Future at 0x7a6348106200 state=finished raised NotFoundError>]
2025-11-16 18:41:02,120 - INFO - HTTP Request: POST http://localhost:11434/chat/completions "HTTP/1.1 404 Not Found"
2025-11-16 18:41:02,164 - INFO - HTTP Request: POST http://localhost:11434/chat/completions "HTTP/1.1 404 Not Found"
2025-11-16 18:41:02,167 - WARNING - RetryError[<Future at 0x7a63482f3580 state=finished raised NotFoundError>]
2025-11-16 18:41:02,185 - INFO - HTTP Request: POST http://localhost:11434/chat/completions "HTTP/1.1 404 Not Found"
2025-11-16 18:41:02,247 - INFO - HTTP Request: POST http://localhost:11434/chat/completions "HTTP/1.1 404 Not Found"
2025-11-16 18:41:02,254 - WARNING - RetryError[<Future at 0x7a6348107cd0 state=finished raised NotFoundError>]
2025-11-16 18:41:02,259 - INFO - HTTP Request: POST http://localhost:11434/chat/completions "HTTP/1.1 404 Not Found"
2025-11-16 18:41:02,261 - WARNING - RetryError[<Future at 0x7a63481146d0 state=finished raised NotFoundError>]
2025-11-16 18:41:02,280 - INFO - HTTP Request: POST http://localhost:11434/chat/completions "HTTP/1.1 404 Not Found"
2025-11-16 18:41:02,284 - INFO - HTTP Request: POST http://localhost:11434/chat/completions "HTTP/1.1 404 Not Found"
2025-11-16 18:41:02,286 - WARNING - RetryError[<Future at 0x7a63482f2410 state=finished raised NotFoundError>]
2025-11-16 18:41:02,317 - INFO - HTTP Request: POST http://localhost:11434/chat/completions "HTTP/1.1 404 Not Found"
2025-11-16 18:41:02,322 - INFO - HTTP Request: POST http://localhost:11434/chat/completions "HTTP/1.1 404 Not Found"
2025-11-16 18:41:02,325 - INFO - HTTP Request: POST http://localhost:11434/chat/completions "HTTP/1.1 404 Not Found"
2025-11-16 18:41:02,327 - INFO - HTTP Request: POST http://localhost:11434/chat/completions "HTTP/1.1 404 Not Found"
2025-11-16 18:41:02,328 - WARNING - RetryError[<Future at 0x7a6348105b70 state=finished raised NotFoundError>]
2025-11-16 18:41:02,330 - WARNING - RetryError[<Future at 0x7a6348117040 state=finished raised NotFoundError>]
2025-11-16 18:41:02,339 - INFO - HTTP Request: POST http://localhost:11434/chat/completions "HTTP/1.1 404 Not Found"
2025-11-16 18:41:02,340 - WARNING - RetryError[<Future at 0x7a63481176a0 state=finished raised NotFoundError>]
2025-11-16 18:41:02,342 - WARNING - RetryError[<Future at 0x7a6348116d40 state=finished raised NotFoundError>]
2025-11-16 18:41:02,348 - INFO - HTTP Request: POST http://localhost:11434/chat/completions "HTTP/1.1 404 Not Found"
2025-11-16 18:41:02,355 - INFO - HTTP Request: POST http://localhost:11434/chat/completions "HTTP/1.1 404 Not Found"
2025-11-16 18:41:02,363 - INFO - HTTP Request: POST http://localhost:11434/chat/completions "HTTP/1.1 404 Not Found"
2025-11-16 18:41:02,364 - WARNING - RetryError[<Future at 0x7a63481076a0 state=finished raised NotFoundError>]
2025-11-16 18:41:02,373 - INFO - HTTP Request: POST http://localhost:11434/chat/completions "HTTP/1.1 404 Not Found"
2025-11-16 18:41:02,402 - INFO - HTTP Request: POST http://localhost:11434/chat/completions "HTTP/1.1 404 Not Found"
2025-11-16 18:41:02,408 - INFO - HTTP Request: POST http://localhost:11434/chat/completions "HTTP/1.1 404 Not Found"
2025-11-16 18:41:02,461 - INFO - HTTP Request: POST http://localhost:11434/chat/completions "HTTP/1.1 404 Not Found"
2025-11-16 18:41:02,841 - INFO - HTTP Request: POST http://localhost:11434/chat/completions "HTTP/1.1 404 Not Found"
2025-11-16 18:41:02,843 - WARNING - RetryError[<Future at 0x7a63481370d0 state=finished raised NotFoundError>]
2025-11-16 18:41:02,861 - INFO - HTTP Request: POST http://localhost:11434/chat/completions "HTTP/1.1 404 Not Found"
2025-11-16 18:41:02,887 - INFO - HTTP Request: POST http://localhost:11434/chat/completions "HTTP/1.1 404 Not Found"
2025-11-16 18:41:02,889 - WARNING - RetryError[<Future at 0x7a6348137e50 state=finished raised NotFoundError>]
2025-11-16 18:41:02,903 - INFO - HTTP Request: POST http://localhost:11434/chat/completions "HTTP/1.1 404 Not Found"
2025-11-16 18:41:02,919 - INFO - HTTP Request: POST http://localhost:11434/chat/completions "HTTP/1.1 404 Not Found"
2025-11-16 18:41:02,919 - WARNING - RetryError[<Future at 0x7a6348135750 state=finished raised NotFoundError>]
2025-11-16 18:41:02,923 - INFO - HTTP Request: POST http://localhost:11434/chat/completions "HTTP/1.1 404 Not Found"
2025-11-16 18:41:02,981 - INFO - HTTP Request: POST http://localhost:11434/chat/completions "HTTP/1.1 404 Not Found"
2025-11-16 18:41:02,982 - WARNING - RetryError[<Future at 0x7a63481231f0 state=finished raised NotFoundError>]
2025-11-16 18:41:02,988 - INFO - HTTP Request: POST http://localhost:11434/chat/completions "HTTP/1.1 404 Not Found"
2025-11-16 18:41:03,027 - INFO - HTTP Request: POST http://localhost:11434/chat/completions "HTTP/1.1 404 Not Found"
2025-11-16 18:41:03,028 - WARNING - RetryError[<Future at 0x7a6348120a90 state=finished raised NotFoundError>]
2025-11-16 18:41:03,031 - INFO - HTTP Request: POST http://localhost:11434/chat/completions "HTTP/1.1 404 Not Found"
2025-11-16 18:41:03,036 - INFO - HTTP Request: POST http://localhost:11434/chat/completions "HTTP/1.1 404 Not Found"
2025-11-16 18:41:03,036 - WARNING - RetryError[<Future at 0x7a63481354b0 state=finished raised NotFoundError>]
2025-11-16 18:41:03,040 - INFO - HTTP Request: POST http://localhost:11434/chat/completions "HTTP/1.1 404 Not Found"
2025-11-16 18:41:03,126 - INFO - HTTP Request: POST http://localhost:11434/chat/completions "HTTP/1.1 404 Not Found"
2025-11-16 18:41:03,126 - WARNING - RetryError[<Future at 0x7a6348116590 state=finished raised NotFoundError>]
2025-11-16 18:41:03,132 - INFO - HTTP Request: POST http://localhost:11434/chat/completions "HTTP/1.1 404 Not Found"
2025-11-16 18:41:03,191 - INFO - HTTP Request: POST http://localhost:11434/chat/completions "HTTP/1.1 404 Not Found"
2025-11-16 18:41:03,192 - WARNING - RetryError[<Future at 0x7a6348137c40 state=finished raised NotFoundError>]
2025-11-16 18:41:03,201 - INFO - HTTP Request: POST http://localhost:11434/chat/completions "HTTP/1.1 404 Not Found"
2025-11-16 18:41:03,287 - INFO - HTTP Request: POST http://localhost:11434/chat/completions "HTTP/1.1 404 Not Found"
2025-11-16 18:41:03,287 - WARNING - RetryError[<Future at 0x7a63481376a0 state=finished raised NotFoundError>]
2025-11-16 18:41:03,294 - INFO - HTTP Request: POST http://localhost:11434/chat/completions "HTTP/1.1 404 Not Found"
2025-11-16 18:41:03,353 - INFO - HTTP Request: POST http://localhost:11434/chat/completions "HTTP/1.1 404 Not Found"
2025-11-16 18:41:03,354 - INFO - HTTP Request: POST http://localhost:11434/chat/completions "HTTP/1.1 404 Not Found"
2025-11-16 18:41:03,355 - WARNING - RetryError[<Future at 0x7a63482bef20 state=finished raised NotFoundError>]
2025-11-16 18:41:03,355 - WARNING - RetryError[<Future at 0x7a6348106d10 state=finished raised NotFoundError>]
2025-11-16 18:41:03,361 - INFO - HTTP Request: POST http://localhost:11434/chat/completions "HTTP/1.1 404 Not Found"
2025-11-16 18:41:03,361 - WARNING - RetryError[<Future at 0x7a6348281e70 state=finished raised NotFoundError>]
2025-11-16 18:41:03,366 - INFO - HTTP Request: POST http://localhost:11434/chat/completions "HTTP/1.1 404 Not Found"
2025-11-16 18:41:03,377 - INFO - HTTP Request: POST http://localhost:11434/chat/completions "HTTP/1.1 404 Not Found"
2025-11-16 18:41:03,378 - WARNING - RetryError[<Future at 0x7a6348104eb0 state=finished raised NotFoundError>]
2025-11-16 18:41:03,381 - INFO - HTTP Request: POST http://localhost:11434/chat/completions "HTTP/1.1 404 Not Found"
2025-11-16 18:41:03,406 - INFO - HTTP Request: POST http://localhost:11434/chat/completions "HTTP/1.1 404 Not Found"
2025-11-16 18:41:03,407 - WARNING - RetryError[<Future at 0x7a63483167a0 state=finished raised NotFoundError>]
2025-11-16 18:41:03,410 - INFO - HTTP Request: POST http://localhost:11434/chat/completions "HTTP/1.1 404 Not Found"
2025-11-16 18:41:03,414 - INFO - HTTP Request: POST http://localhost:11434/chat/completions "HTTP/1.1 404 Not Found"
2025-11-16 18:41:03,414 - WARNING - RetryError[<Future at 0x7a63482f3a00 state=finished raised NotFoundError>]
2025-11-16 18:41:03,419 - INFO - HTTP Request: POST http://localhost:11434/chat/completions "HTTP/1.1 404 Not Found"
2025-11-16 18:41:03,473 - INFO - HTTP Request: POST http://localhost:11434/chat/completions "HTTP/1.1 404 Not Found"
2025-11-16 18:41:03,475 - WARNING - RetryError[<Future at 0x7a6348122bf0 state=finished raised NotFoundError>]
2025-11-16 18:41:03,486 - INFO - HTTP Request: POST http://localhost:11434/chat/completions "HTTP/1.1 404 Not Found"
2025-11-16 18:41:03,536 - INFO - HTTP Request: POST http://localhost:11434/chat/completions "HTTP/1.1 404 Not Found"
2025-11-16 18:41:03,549 - INFO - HTTP Request: POST http://localhost:11434/chat/completions "HTTP/1.1 404 Not Found"
2025-11-16 18:41:03,868 - INFO - HTTP Request: POST http://localhost:11434/chat/completions "HTTP/1.1 404 Not Found"
2025-11-16 18:41:03,869 - WARNING - RetryError[<Future at 0x7a63482ad630 state=finished raised NotFoundError>]
2025-11-16 18:41:03,874 - INFO - HTTP Request: POST http://localhost:11434/chat/completions "HTTP/1.1 404 Not Found"
2025-11-16 18:41:03,909 - INFO - HTTP Request: POST http://localhost:11434/chat/completions "HTTP/1.1 404 Not Found"
2025-11-16 18:41:03,910 - WARNING - RetryError[<Future at 0x7a63482c9750 state=finished raised NotFoundError>]
2025-11-16 18:41:03,918 - INFO - HTTP Request: POST http://localhost:11434/chat/completions "HTTP/1.1 404 Not Found"
2025-11-16 18:41:03,927 - INFO - HTTP Request: POST http://localhost:11434/chat/completions "HTTP/1.1 404 Not Found"
2025-11-16 18:41:03,928 - WARNING - RetryError[<Future at 0x7a63481075b0 state=finished raised NotFoundError>]
2025-11-16 18:41:03,933 - INFO - HTTP Request: POST http://localhost:11434/chat/completions "HTTP/1.1 404 Not Found"
2025-11-16 18:41:03,994 - INFO - HTTP Request: POST http://localhost:11434/chat/completions "HTTP/1.1 404 Not Found"
2025-11-16 18:41:03,995 - WARNING - RetryError[<Future at 0x7a634824d9f0 state=finished raised NotFoundError>]
2025-11-16 18:41:04,001 - INFO - HTTP Request: POST http://localhost:11434/chat/completions "HTTP/1.1 404 Not Found"
2025-11-16 18:41:04,035 - INFO - HTTP Request: POST http://localhost:11434/chat/completions "HTTP/1.1 404 Not Found"
2025-11-16 18:41:04,036 - WARNING - RetryError[<Future at 0x7a636b140610 state=finished raised NotFoundError>]
2025-11-16 18:41:04,040 - INFO - HTTP Request: POST http://localhost:11434/chat/completions "HTTP/1.1 404 Not Found"
2025-11-16 18:41:04,047 - INFO - HTTP Request: POST http://localhost:11434/chat/completions "HTTP/1.1 404 Not Found"
2025-11-16 18:41:04,049 - WARNING - RetryError[<Future at 0x7a6348293520 state=finished raised NotFoundError>]
2025-11-16 18:41:04,056 - INFO - HTTP Request: POST http://localhost:11434/chat/completions "HTTP/1.1 404 Not Found"
2025-11-16 18:41:04,136 - INFO - HTTP Request: POST http://localhost:11434/chat/completions "HTTP/1.1 404 Not Found"
2025-11-16 18:41:04,137 - WARNING - RetryError[<Future at 0x7a63482ddcc0 state=finished raised NotFoundError>]
2025-11-16 18:41:04,141 - INFO - HTTP Request: POST http://localhost:11434/chat/completions "HTTP/1.1 404 Not Found"
2025-11-16 18:41:04,206 - INFO - HTTP Request: POST http://localhost:11434/chat/completions "HTTP/1.1 404 Not Found"
2025-11-16 18:41:04,207 - WARNING - RetryError[<Future at 0x7a63482c9120 state=finished raised NotFoundError>]
2025-11-16 18:41:04,214 - INFO - HTTP Request: POST http://localhost:11434/chat/completions "HTTP/1.1 404 Not Found"
2025-11-16 18:41:04,299 - INFO - HTTP Request: POST http://localhost:11434/chat/completions "HTTP/1.1 404 Not Found"
2025-11-16 18:41:04,300 - WARNING - RetryError[<Future at 0x7a634829beb0 state=finished raised NotFoundError>]
2025-11-16 18:41:04,305 - INFO - HTTP Request: POST http://localhost:11434/chat/completions "HTTP/1.1 404 Not Found"
2025-11-16 18:41:04,377 - INFO - HTTP Request: POST http://localhost:11434/chat/completions "HTTP/1.1 404 Not Found"
2025-11-16 18:41:04,380 - WARNING - RetryError[<Future at 0x7a6348147400 state=finished raised NotFoundError>]
2025-11-16 18:41:04,393 - INFO - HTTP Request: POST http://localhost:11434/chat/completions "HTTP/1.1 404 Not Found"
2025-11-16 18:41:04,395 - WARNING - RetryError[<Future at 0x7a634824dd50 state=finished raised NotFoundError>]
2025-11-16 18:41:04,404 - INFO - HTTP Request: POST http://localhost:11434/chat/completions "HTTP/1.1 404 Not Found"
2025-11-16 18:41:04,419 - INFO - HTTP Request: POST http://localhost:11434/chat/completions "HTTP/1.1 404 Not Found"
2025-11-16 18:41:04,421 - WARNING - RetryError[<Future at 0x7a63481460e0 state=finished raised NotFoundError>]
2025-11-16 18:41:04,425 - INFO - HTTP Request: POST http://localhost:11434/chat/completions "HTTP/1.1 404 Not Found"
2025-11-16 18:41:04,426 - WARNING - RetryError[<Future at 0x7a6348155ba0 state=finished raised NotFoundError>]
2025-11-16 18:41:04,432 - INFO - HTTP Request: POST http://localhost:11434/chat/completions "HTTP/1.1 404 Not Found"
2025-11-16 18:41:04,452 - INFO - HTTP Request: POST http://localhost:11434/chat/completions "HTTP/1.1 404 Not Found"
2025-11-16 18:41:04,481 - INFO - HTTP Request: POST http://localhost:11434/chat/completions "HTTP/1.1 404 Not Found"
2025-11-16 18:41:04,491 - INFO - HTTP Request: POST http://localhost:11434/chat/completions "HTTP/1.1 404 Not Found"
2025-11-16 18:41:04,492 - WARNING - RetryError[<Future at 0x7a6348146650 state=finished raised NotFoundError>]
2025-11-16 18:41:04,496 - INFO - HTTP Request: POST http://localhost:11434/chat/completions "HTTP/1.1 404 Not Found"
2025-11-16 18:41:04,544 - INFO - HTTP Request: POST http://localhost:11434/chat/completions "HTTP/1.1 404 Not Found"
2025-11-16 18:41:04,546 - WARNING - RetryError[<Future at 0x7a6348166440 state=finished raised NotFoundError>]
2025-11-16 18:41:04,561 - INFO - HTTP Request: POST http://localhost:11434/chat/completions "HTTP/1.1 404 Not Found"
2025-11-16 18:41:04,563 - INFO - HTTP Request: POST http://localhost:11434/chat/completions "HTTP/1.1 404 Not Found"
2025-11-16 18:41:04,564 - WARNING - RetryError[<Future at 0x7a6348146440 state=finished raised NotFoundError>]
2025-11-16 18:41:04,574 - INFO - HTTP Request: POST http://localhost:11434/chat/completions "HTTP/1.1 404 Not Found"
2025-11-16 18:41:04,878 - INFO - HTTP Request: POST http://localhost:11434/chat/completions "HTTP/1.1 404 Not Found"
2025-11-16 18:41:04,879 - WARNING - RetryError[<Future at 0x7a6348167be0 state=finished raised NotFoundError>]
2025-11-16 18:41:04,883 - INFO - HTTP Request: POST http://localhost:11434/chat/completions "HTTP/1.1 404 Not Found"
2025-11-16 18:41:04,923 - INFO - HTTP Request: POST http://localhost:11434/chat/completions "HTTP/1.1 404 Not Found"
2025-11-16 18:41:04,924 - WARNING - RetryError[<Future at 0x7a6348171e70 state=finished raised NotFoundError>]
2025-11-16 18:41:04,928 - INFO - HTTP Request: POST http://localhost:11434/chat/completions "HTTP/1.1 404 Not Found"
2025-11-16 18:41:04,937 - INFO - HTTP Request: POST http://localhost:11434/chat/completions "HTTP/1.1 404 Not Found"
2025-11-16 18:41:04,938 - WARNING - RetryError[<Future at 0x7a6348167730 state=finished raised NotFoundError>]
2025-11-16 18:41:04,942 - INFO - HTTP Request: POST http://localhost:11434/chat/completions "HTTP/1.1 404 Not Found"
2025-11-16 18:41:05,007 - INFO - HTTP Request: POST http://localhost:11434/chat/completions "HTTP/1.1 404 Not Found"
2025-11-16 18:41:05,007 - WARNING - RetryError[<Future at 0x7a6348173760 state=finished raised NotFoundError>]
2025-11-16 18:41:05,012 - INFO - HTTP Request: POST http://localhost:11434/chat/completions "HTTP/1.1 404 Not Found"
2025-11-16 18:41:05,046 - INFO - HTTP Request: POST http://localhost:11434/chat/completions "HTTP/1.1 404 Not Found"
2025-11-16 18:41:05,047 - WARNING - RetryError[<Future at 0x7a6348173cd0 state=finished raised NotFoundError>]
2025-11-16 18:41:05,051 - INFO - HTTP Request: POST http://localhost:11434/chat/completions "HTTP/1.1 404 Not Found"
2025-11-16 18:41:05,061 - INFO - HTTP Request: POST http://localhost:11434/chat/completions "HTTP/1.1 404 Not Found"
2025-11-16 18:41:05,062 - WARNING - RetryError[<Future at 0x7a63481736d0 state=finished raised NotFoundError>]
2025-11-16 18:41:05,066 - INFO - HTTP Request: POST http://localhost:11434/chat/completions "HTTP/1.1 404 Not Found"
2025-11-16 18:41:05,151 - INFO - HTTP Request: POST http://localhost:11434/chat/completions "HTTP/1.1 404 Not Found"
2025-11-16 18:41:05,152 - WARNING - RetryError[<Future at 0x7a6348170910 state=finished raised NotFoundError>]
2025-11-16 18:41:05,164 - INFO - HTTP Request: POST http://localhost:11434/chat/completions "HTTP/1.1 404 Not Found"
2025-11-16 18:41:05,220 - INFO - HTTP Request: POST http://localhost:11434/chat/completions "HTTP/1.1 404 Not Found"
2025-11-16 18:41:05,221 - WARNING - RetryError[<Future at 0x7a6348166b90 state=finished raised NotFoundError>]
2025-11-16 18:41:05,450 - INFO - HTTP Request: POST http://localhost:11434/chat/completions "HTTP/1.1 404 Not Found"
2025-11-16 18:41:05,453 - INFO - HTTP Request: POST http://localhost:11434/chat/completions "HTTP/1.1 404 Not Found"
2025-11-16 18:41:05,453 - INFO - HTTP Request: POST http://localhost:11434/chat/completions "HTTP/1.1 404 Not Found"
2025-11-16 18:41:05,454 - WARNING - RetryError[<Future at 0x7a6348167190 state=finished raised NotFoundError>]
2025-11-16 18:41:05,455 - WARNING - RetryError[<Future at 0x7a636ad78100 state=finished raised NotFoundError>]
2025-11-16 18:41:05,459 - WARNING - RetryError[<Future at 0x7a6348164160 state=finished raised NotFoundError>]
2025-11-16 18:41:05,464 - INFO - HTTP Request: POST http://localhost:11434/chat/completions "HTTP/1.1 404 Not Found"
2025-11-16 18:41:05,465 - INFO - HTTP Request: POST http://localhost:11434/chat/completions "HTTP/1.1 404 Not Found"
2025-11-16 18:41:05,467 - WARNING - RetryError[<Future at 0x7a6348164df0 state=finished raised NotFoundError>]
2025-11-16 18:41:05,471 - INFO - HTTP Request: POST http://localhost:11434/chat/completions "HTTP/1.1 404 Not Found"
2025-11-16 18:41:05,486 - INFO - HTTP Request: POST http://localhost:11434/chat/completions "HTTP/1.1 404 Not Found"
2025-11-16 18:41:05,487 - WARNING - RetryError[<Future at 0x7a6348173730 state=finished raised NotFoundError>]
2025-11-16 18:41:05,491 - INFO - HTTP Request: POST http://localhost:11434/chat/completions "HTTP/1.1 404 Not Found"
2025-11-16 18:41:05,501 - INFO - HTTP Request: POST http://localhost:11434/chat/completions "HTTP/1.1 404 Not Found"
2025-11-16 18:41:05,502 - WARNING - RetryError[<Future at 0x7a6348173c70 state=finished raised NotFoundError>]
2025-11-16 18:41:05,506 - INFO - HTTP Request: POST http://localhost:11434/chat/completions "HTTP/1.1 404 Not Found"
2025-11-16 18:41:05,520 - INFO - HTTP Request: POST http://localhost:11434/chat/completions "HTTP/1.1 404 Not Found"
2025-11-16 18:41:05,524 - INFO - HTTP Request: POST http://localhost:11434/chat/completions "HTTP/1.1 404 Not Found"
2025-11-16 18:41:05,575 - INFO - HTTP Request: POST http://localhost:11434/chat/completions "HTTP/1.1 404 Not Found"
2025-11-16 18:41:05,578 - WARNING - RetryError[<Future at 0x7a63482bc820 state=finished raised NotFoundError>]
2025-11-16 18:41:05,594 - INFO - HTTP Request: POST http://localhost:11434/chat/completions "HTTP/1.1 404 Not Found"
2025-11-16 18:41:05,596 - WARNING - RetryError[<Future at 0x7a63482bf1f0 state=finished raised NotFoundError>]
2025-11-16 18:41:05,600 - INFO - HTTP Request: POST http://localhost:11434/chat/completions "HTTP/1.1 404 Not Found"
2025-11-16 18:41:05,612 - INFO - HTTP Request: POST http://localhost:11434/chat/completions "HTTP/1.1 404 Not Found"
2025-11-16 18:41:05,644 - INFO - HTTP Request: POST http://localhost:11434/chat/completions "HTTP/1.1 404 Not Found"
2025-11-16 18:41:05,893 - INFO - HTTP Request: POST http://localhost:11434/chat/completions "HTTP/1.1 404 Not Found"
2025-11-16 18:41:05,895 - WARNING - RetryError[<Future at 0x7a634825f340 state=finished raised NotFoundError>]
2025-11-16 18:41:05,908 - INFO - HTTP Request: POST http://localhost:11434/chat/completions "HTTP/1.1 404 Not Found"
2025-11-16 18:41:05,938 - INFO - HTTP Request: POST http://localhost:11434/chat/completions "HTTP/1.1 404 Not Found"
2025-11-16 18:41:05,940 - WARNING - RetryError[<Future at 0x7a63481712a0 state=finished raised NotFoundError>]
2025-11-16 18:41:05,958 - INFO - HTTP Request: POST http://localhost:11434/chat/completions "HTTP/1.1 404 Not Found"
2025-11-16 18:41:05,965 - WARNING - RetryError[<Future at 0x7a634825f9a0 state=finished raised NotFoundError>]
2025-11-16 18:41:05,969 - INFO - HTTP Request: POST http://localhost:11434/chat/completions "HTTP/1.1 404 Not Found"
2025-11-16 18:41:05,975 - INFO - HTTP Request: POST http://localhost:11434/chat/completions "HTTP/1.1 404 Not Found"
2025-11-16 18:41:06,016 - INFO - HTTP Request: POST http://localhost:11434/chat/completions "HTTP/1.1 404 Not Found"
2025-11-16 18:41:06,017 - WARNING - RetryError[<Future at 0x7a634825dd80 state=finished raised NotFoundError>]
2025-11-16 18:41:06,021 - INFO - HTTP Request: POST http://localhost:11434/chat/completions "HTTP/1.1 404 Not Found"
2025-11-16 18:41:06,057 - INFO - HTTP Request: POST http://localhost:11434/chat/completions "HTTP/1.1 404 Not Found"
2025-11-16 18:41:06,057 - WARNING - RetryError[<Future at 0x7a6348212200 state=finished raised NotFoundError>]
2025-11-16 18:41:06,064 - INFO - HTTP Request: POST http://localhost:11434/chat/completions "HTTP/1.1 404 Not Found"
2025-11-16 18:41:06,073 - INFO - HTTP Request: POST http://localhost:11434/chat/completions "HTTP/1.1 404 Not Found"
2025-11-16 18:41:06,074 - WARNING - RetryError[<Future at 0x7a63481fad10 state=finished raised NotFoundError>]
2025-11-16 18:41:06,081 - INFO - HTTP Request: POST http://localhost:11434/chat/completions "HTTP/1.1 404 Not Found"
2025-11-16 18:41:06,171 - INFO - HTTP Request: POST http://localhost:11434/chat/completions "HTTP/1.1 404 Not Found"
2025-11-16 18:41:06,172 - WARNING - RetryError[<Future at 0x7a6348211840 state=finished raised NotFoundError>]
2025-11-16 18:41:06,178 - INFO - HTTP Request: POST http://localhost:11434/chat/completions "HTTP/1.1 404 Not Found"
2025-11-16 18:41:06,471 - INFO - HTTP Request: POST http://localhost:11434/chat/completions "HTTP/1.1 404 Not Found"
2025-11-16 18:41:06,472 - WARNING - RetryError[<Future at 0x7a63481fbc40 state=finished raised NotFoundError>]
2025-11-16 18:41:06,477 - INFO - HTTP Request: POST http://localhost:11434/chat/completions "HTTP/1.1 404 Not Found"
2025-11-16 18:41:06,478 - WARNING - RetryError[<Future at 0x7a634821c460 state=finished raised NotFoundError>]
2025-11-16 18:41:06,483 - INFO - HTTP Request: POST http://localhost:11434/chat/completions "HTTP/1.1 404 Not Found"
2025-11-16 18:41:06,496 - INFO - HTTP Request: POST http://localhost:11434/chat/completions "HTTP/1.1 404 Not Found"
2025-11-16 18:41:06,496 - WARNING - RetryError[<Future at 0x7a63481fb9a0 state=finished raised NotFoundError>]
2025-11-16 18:41:06,501 - INFO - HTTP Request: POST http://localhost:11434/chat/completions "HTTP/1.1 404 Not Found"
2025-11-16 18:41:06,511 - INFO - HTTP Request: POST http://localhost:11434/chat/completions "HTTP/1.1 404 Not Found"
2025-11-16 18:41:06,512 - WARNING - RetryError[<Future at 0x7a634821e6b0 state=finished raised NotFoundError>]
2025-11-16 18:41:06,517 - INFO - HTTP Request: POST http://localhost:11434/chat/completions "HTTP/1.1 404 Not Found"
2025-11-16 18:41:06,525 - INFO - HTTP Request: POST http://localhost:11434/chat/completions "HTTP/1.1 404 Not Found"
2025-11-16 18:41:06,530 - WARNING - RetryError[<Future at 0x7a634821c5b0 state=finished raised NotFoundError>]
2025-11-16 18:41:06,533 - INFO - HTTP Request: POST http://localhost:11434/chat/completions "HTTP/1.1 404 Not Found"
2025-11-16 18:41:06,533 - WARNING - RetryError[<Future at 0x7a634821d2a0 state=finished raised NotFoundError>]
2025-11-16 18:41:06,538 - INFO - HTTP Request: POST http://localhost:11434/chat/completions "HTTP/1.1 404 Not Found"
2025-11-16 18:41:06,588 - INFO - HTTP Request: POST http://localhost:11434/chat/completions "HTTP/1.1 404 Not Found"
2025-11-16 18:41:06,596 - INFO - HTTP Request: POST http://localhost:11434/chat/completions "HTTP/1.1 404 Not Found"
2025-11-16 18:41:06,607 - INFO - HTTP Request: POST http://localhost:11434/chat/completions "HTTP/1.1 404 Not Found"
2025-11-16 18:41:06,609 - WARNING - RetryError[<Future at 0x7a63482417e0 state=finished raised NotFoundError>]
2025-11-16 18:41:06,619 - INFO - HTTP Request: POST http://localhost:11434/chat/completions "HTTP/1.1 404 Not Found"
2025-11-16 18:41:06,620 - WARNING - RetryError[<Future at 0x7a6348241270 state=finished raised NotFoundError>]
2025-11-16 18:41:06,620 - INFO - HTTP Request: POST http://localhost:11434/chat/completions "HTTP/1.1 404 Not Found"
2025-11-16 18:41:06,626 - INFO - HTTP Request: POST http://localhost:11434/chat/completions "HTTP/1.1 404 Not Found"
2025-11-16 18:41:06,649 - INFO - HTTP Request: POST http://localhost:11434/chat/completions "HTTP/1.1 404 Not Found"
2025-11-16 18:41:06,650 - WARNING - RetryError[<Future at 0x7a6348240790 state=finished raised NotFoundError>]
2025-11-16 18:41:06,654 - INFO - HTTP Request: POST http://localhost:11434/chat/completions "HTTP/1.1 404 Not Found"
2025-11-16 18:41:06,914 - INFO - HTTP Request: POST http://localhost:11434/chat/completions "HTTP/1.1 404 Not Found"
2025-11-16 18:41:06,915 - WARNING - RetryError[<Future at 0x7a63481f99f0 state=finished raised NotFoundError>]
2025-11-16 18:41:06,920 - INFO - HTTP Request: POST http://localhost:11434/chat/completions "HTTP/1.1 404 Not Found"
2025-11-16 18:41:06,974 - INFO - HTTP Request: POST http://localhost:11434/chat/completions "HTTP/1.1 404 Not Found"
2025-11-16 18:41:06,974 - WARNING - RetryError[<Future at 0x7a63483b9e70 state=finished raised NotFoundError>]
2025-11-16 18:41:06,980 - INFO - HTTP Request: POST http://localhost:11434/chat/completions "HTTP/1.1 404 Not Found"
2025-11-16 18:41:06,981 - WARNING - RetryError[<Future at 0x7a63483acd00 state=finished raised NotFoundError>]
2025-11-16 18:41:06,986 - INFO - HTTP Request: POST http://localhost:11434/chat/completions "HTTP/1.1 404 Not Found"
2025-11-16 18:41:06,990 - INFO - HTTP Request: POST http://localhost:11434/chat/completions "HTTP/1.1 404 Not Found"
2025-11-16 18:41:07,025 - INFO - HTTP Request: POST http://localhost:11434/chat/completions "HTTP/1.1 404 Not Found"
2025-11-16 18:41:07,026 - WARNING - RetryError[<Future at 0x7a63483ba9b0 state=finished raised NotFoundError>]
2025-11-16 18:41:07,030 - INFO - HTTP Request: POST http://localhost:11434/chat/completions "HTTP/1.1 404 Not Found"
2025-11-16 18:41:07,068 - INFO - HTTP Request: POST http://localhost:11434/chat/completions "HTTP/1.1 404 Not Found"
2025-11-16 18:41:07,069 - WARNING - RetryError[<Future at 0x7a63483cb100 state=finished raised NotFoundError>]
2025-11-16 18:41:07,075 - INFO - HTTP Request: POST http://localhost:11434/chat/completions "HTTP/1.1 404 Not Found"
2025-11-16 18:41:07,086 - INFO - HTTP Request: POST http://localhost:11434/chat/completions "HTTP/1.1 404 Not Found"
2025-11-16 18:41:07,087 - WARNING - RetryError[<Future at 0x7a63483ac760 state=finished raised NotFoundError>]
2025-11-16 18:41:07,091 - INFO - HTTP Request: POST http://localhost:11434/chat/completions "HTTP/1.1 404 Not Found"
2025-11-16 18:41:07,184 - INFO - HTTP Request: POST http://localhost:11434/chat/completions "HTTP/1.1 404 Not Found"
2025-11-16 18:41:07,185 - WARNING - RetryError[<Future at 0x7a636b0883d0 state=finished raised NotFoundError>]
2025-11-16 18:41:07,191 - INFO - HTTP Request: POST http://localhost:11434/chat/completions "HTTP/1.1 404 Not Found"
2025-11-16 18:41:07,487 - INFO - HTTP Request: POST http://localhost:11434/chat/completions "HTTP/1.1 404 Not Found"
2025-11-16 18:41:07,488 - WARNING - RetryError[<Future at 0x7a63483ba260 state=finished raised NotFoundError>]
2025-11-16 18:41:07,493 - INFO - HTTP Request: POST http://localhost:11434/chat/completions "HTTP/1.1 404 Not Found"
2025-11-16 18:41:07,509 - INFO - HTTP Request: POST http://localhost:11434/chat/completions "HTTP/1.1 404 Not Found"
2025-11-16 18:41:07,511 - WARNING - RetryError[<Future at 0x7a634825c970 state=finished raised NotFoundError>]
2025-11-16 18:41:07,520 - INFO - HTTP Request: POST http://localhost:11434/chat/completions "HTTP/1.1 404 Not Found"
2025-11-16 18:41:07,527 - INFO - HTTP Request: POST http://localhost:11434/chat/completions "HTTP/1.1 404 Not Found"
2025-11-16 18:41:07,529 - WARNING - RetryError[<Future at 0x7a63483afaf0 state=finished raised NotFoundError>]
2025-11-16 18:41:07,538 - INFO - HTTP Request: POST http://localhost:11434/chat/completions "HTTP/1.1 404 Not Found"
2025-11-16 18:41:07,547 - INFO - HTTP Request: POST http://localhost:11434/chat/completions "HTTP/1.1 404 Not Found"
2025-11-16 18:41:07,549 - WARNING - RetryError[<Future at 0x7a6348241a80 state=finished raised NotFoundError>]
2025-11-16 18:41:07,556 - INFO - HTTP Request: POST http://localhost:11434/chat/completions "HTTP/1.1 404 Not Found"
2025-11-16 18:41:07,594 - INFO - HTTP Request: POST http://localhost:11434/chat/completions "HTTP/1.1 404 Not Found"
2025-11-16 18:41:07,595 - WARNING - RetryError[<Future at 0x7a6348212170 state=finished raised NotFoundError>]
2025-11-16 18:41:07,603 - INFO - HTTP Request: POST http://localhost:11434/chat/completions "HTTP/1.1 404 Not Found"
2025-11-16 18:41:07,605 - INFO - HTTP Request: POST http://localhost:11434/chat/completions "HTTP/1.1 404 Not Found"
2025-11-16 18:41:07,606 - WARNING - RetryError[<Future at 0x7a6348211f60 state=finished raised NotFoundError>]
2025-11-16 18:41:07,613 - INFO - HTTP Request: POST http://localhost:11434/chat/completions "HTTP/1.1 404 Not Found"
2025-11-16 18:41:07,626 - INFO - HTTP Request: POST http://localhost:11434/chat/completions "HTTP/1.1 404 Not Found"
2025-11-16 18:41:07,627 - WARNING - RetryError[<Future at 0x7a63482bf790 state=finished raised NotFoundError>]
2025-11-16 18:41:07,633 - INFO - HTTP Request: POST http://localhost:11434/chat/completions "HTTP/1.1 404 Not Found"
2025-11-16 18:41:07,634 - WARNING - RetryError[<Future at 0x7a63481fb970 state=finished raised NotFoundError>]
2025-11-16 18:41:07,640 - INFO - HTTP Request: POST http://localhost:11434/chat/completions "HTTP/1.1 404 Not Found"
2025-11-16 18:41:07,644 - INFO - HTTP Request: POST http://localhost:11434/chat/completions "HTTP/1.1 404 Not Found"
2025-11-16 18:41:07,659 - INFO - HTTP Request: POST http://localhost:11434/chat/completions "HTTP/1.1 404 Not Found"
2025-11-16 18:41:07,660 - WARNING - RetryError[<Future at 0x7a63483af460 state=finished raised NotFoundError>]
2025-11-16 18:41:07,664 - INFO - HTTP Request: POST http://localhost:11434/chat/completions "HTTP/1.1 404 Not Found"
2025-11-16 18:41:07,927 - INFO - HTTP Request: POST http://localhost:11434/chat/completions "HTTP/1.1 404 Not Found"
2025-11-16 18:41:07,928 - WARNING - RetryError[<Future at 0x7a634821f190 state=finished raised NotFoundError>]
2025-11-16 18:41:07,935 - INFO - HTTP Request: POST http://localhost:11434/chat/completions "HTTP/1.1 404 Not Found"
2025-11-16 18:41:08,003 - INFO - HTTP Request: POST http://localhost:11434/chat/completions "HTTP/1.1 404 Not Found"
2025-11-16 18:41:08,005 - WARNING - RetryError[<Future at 0x7a63483ae9b0 state=finished raised NotFoundError>]
2025-11-16 18:41:08,008 - INFO - HTTP Request: POST http://localhost:11434/chat/completions "HTTP/1.1 404 Not Found"
2025-11-16 18:41:08,010 - WARNING - RetryError[<Future at 0x7a63483b9360 state=finished raised NotFoundError>]
2025-11-16 18:41:08,021 - INFO - HTTP Request: POST http://localhost:11434/chat/completions "HTTP/1.1 404 Not Found"
2025-11-16 18:41:08,038 - INFO - HTTP Request: POST http://localhost:11434/chat/completions "HTTP/1.1 404 Not Found"
2025-11-16 18:41:08,040 - WARNING - RetryError[<Future at 0x7a63482411e0 state=finished raised NotFoundError>]
2025-11-16 18:41:08,051 - INFO - HTTP Request: POST http://localhost:11434/chat/completions "HTTP/1.1 404 Not Found"
2025-11-16 18:41:08,073 - INFO - HTTP Request: POST http://localhost:11434/chat/completions "HTTP/1.1 404 Not Found"
2025-11-16 18:41:08,087 - INFO - HTTP Request: POST http://localhost:11434/chat/completions "HTTP/1.1 404 Not Found"
2025-11-16 18:41:08,088 - WARNING - RetryError[<Future at 0x7a6348370940 state=finished raised NotFoundError>]
2025-11-16 18:41:08,108 - INFO - HTTP Request: POST http://localhost:11434/chat/completions "HTTP/1.1 404 Not Found"
2025-11-16 18:41:08,109 - INFO - HTTP Request: POST http://localhost:11434/chat/completions "HTTP/1.1 404 Not Found"
2025-11-16 18:41:08,112 - WARNING - RetryError[<Future at 0x7a634821c550 state=finished raised NotFoundError>]
2025-11-16 18:41:08,120 - INFO - HTTP Request: POST http://localhost:11434/chat/completions "HTTP/1.1 404 Not Found"
2025-11-16 18:41:08,198 - INFO - HTTP Request: POST http://localhost:11434/chat/completions "HTTP/1.1 404 Not Found"
2025-11-16 18:41:08,199 - WARNING - RetryError[<Future at 0x7a6348372020 state=finished raised NotFoundError>]
2025-11-16 18:41:08,205 - INFO - HTTP Request: POST http://localhost:11434/chat/completions "HTTP/1.1 404 Not Found"
2025-11-16 18:41:08,497 - INFO - HTTP Request: POST http://localhost:11434/chat/completions "HTTP/1.1 404 Not Found"
2025-11-16 18:41:08,498 - WARNING - RetryError[<Future at 0x7a634821cd00 state=finished raised NotFoundError>]
2025-11-16 18:41:08,501 - INFO - HTTP Request: POST http://localhost:11434/chat/completions "HTTP/1.1 404 Not Found"
2025-11-16 18:41:08,526 - INFO - HTTP Request: POST http://localhost:11434/chat/completions "HTTP/1.1 404 Not Found"
2025-11-16 18:41:08,527 - WARNING - RetryError[<Future at 0x7a6348371030 state=finished raised NotFoundError>]
2025-11-16 18:41:08,534 - INFO - HTTP Request: POST http://localhost:11434/chat/completions "HTTP/1.1 404 Not Found"
2025-11-16 18:41:08,546 - INFO - HTTP Request: POST http://localhost:11434/chat/completions "HTTP/1.1 404 Not Found"
2025-11-16 18:41:08,547 - WARNING - RetryError[<Future at 0x7a6348356e00 state=finished raised NotFoundError>]
2025-11-16 18:41:08,555 - INFO - HTTP Request: POST http://localhost:11434/chat/completions "HTTP/1.1 404 Not Found"
2025-11-16 18:41:08,563 - INFO - HTTP Request: POST http://localhost:11434/chat/completions "HTTP/1.1 404 Not Found"
2025-11-16 18:41:08,564 - WARNING - RetryError[<Future at 0x7a6348355810 state=finished raised NotFoundError>]
2025-11-16 18:41:08,570 - INFO - HTTP Request: POST http://localhost:11434/chat/completions "HTTP/1.1 404 Not Found"
2025-11-16 18:41:08,609 - INFO - HTTP Request: POST http://localhost:11434/chat/completions "HTTP/1.1 404 Not Found"
2025-11-16 18:41:08,610 - WARNING - RetryError[<Future at 0x7a6348371780 state=finished raised NotFoundError>]
2025-11-16 18:41:08,623 - INFO - HTTP Request: POST http://localhost:11434/chat/completions "HTTP/1.1 404 Not Found"
2025-11-16 18:41:08,624 - INFO - HTTP Request: POST http://localhost:11434/chat/completions "HTTP/1.1 404 Not Found"
2025-11-16 18:41:08,626 - WARNING - RetryError[<Future at 0x7a6348356830 state=finished raised NotFoundError>]
2025-11-16 18:41:08,634 - INFO - HTTP Request: POST http://localhost:11434/chat/completions "HTTP/1.1 404 Not Found"
2025-11-16 18:41:08,647 - INFO - HTTP Request: POST http://localhost:11434/chat/completions "HTTP/1.1 404 Not Found"
2025-11-16 18:41:08,654 - WARNING - RetryError[<Future at 0x7a63483820b0 state=finished raised NotFoundError>]
2025-11-16 18:41:08,657 - INFO - HTTP Request: POST http://localhost:11434/chat/completions "HTTP/1.1 404 Not Found"
2025-11-16 18:41:08,659 - WARNING - RetryError[<Future at 0x7a6348373220 state=finished raised NotFoundError>]
2025-11-16 18:41:08,671 - INFO - HTTP Request: POST http://localhost:11434/chat/completions "HTTP/1.1 404 Not Found"
2025-11-16 18:41:08,672 - INFO - HTTP Request: POST http://localhost:11434/chat/completions "HTTP/1.1 404 Not Found"
2025-11-16 18:41:08,674 - WARNING - RetryError[<Future at 0x7a6348356cb0 state=finished raised NotFoundError>]
2025-11-16 18:41:08,682 - INFO - HTTP Request: POST http://localhost:11434/chat/completions "HTTP/1.1 404 Not Found"
2025-11-16 18:41:08,721 - INFO - HTTP Request: POST http://localhost:11434/chat/completions "HTTP/1.1 404 Not Found"
2025-11-16 18:41:08,940 - INFO - HTTP Request: POST http://localhost:11434/chat/completions "HTTP/1.1 404 Not Found"
2025-11-16 18:41:08,940 - WARNING - RetryError[<Future at 0x7a634832f550 state=finished raised NotFoundError>]
2025-11-16 18:41:08,946 - INFO - HTTP Request: POST http://localhost:11434/chat/completions "HTTP/1.1 404 Not Found"
2025-11-16 18:41:09,031 - INFO - HTTP Request: POST http://localhost:11434/chat/completions "HTTP/1.1 404 Not Found"
2025-11-16 18:41:09,033 - WARNING - RetryError[<Future at 0x7a6348334ca0 state=finished raised NotFoundError>]
2025-11-16 18:41:09,044 - INFO - HTTP Request: POST http://localhost:11434/chat/completions "HTTP/1.1 404 Not Found"
2025-11-16 18:41:09,062 - INFO - HTTP Request: POST http://localhost:11434/chat/completions "HTTP/1.1 404 Not Found"
2025-11-16 18:41:09,064 - WARNING - RetryError[<Future at 0x7a634832efe0 state=finished raised NotFoundError>]
2025-11-16 18:41:09,083 - INFO - HTTP Request: POST http://localhost:11434/chat/completions "HTTP/1.1 404 Not Found"
2025-11-16 18:41:09,086 - INFO - HTTP Request: POST http://localhost:11434/chat/completions "HTTP/1.1 404 Not Found"
2025-11-16 18:41:09,088 - WARNING - RetryError[<Future at 0x7a6348354460 state=finished raised NotFoundError>]
2025-11-16 18:41:09,099 - INFO - HTTP Request: POST http://localhost:11434/chat/completions "HTTP/1.1 404 Not Found"
2025-11-16 18:41:09,120 - INFO - HTTP Request: POST http://localhost:11434/chat/completions "HTTP/1.1 404 Not Found"
2025-11-16 18:41:09,121 - WARNING - RetryError[<Future at 0x7a63483352d0 state=finished raised NotFoundError>]
2025-11-16 18:41:09,132 - INFO - HTTP Request: POST http://localhost:11434/chat/completions "HTTP/1.1 404 Not Found"
2025-11-16 18:41:09,133 - WARNING - RetryError[<Future at 0x7a63483364a0 state=finished raised NotFoundError>]
2025-11-16 18:41:09,144 - INFO - HTTP Request: POST http://localhost:11434/chat/completions "HTTP/1.1 404 Not Found"
2025-11-16 18:41:09,196 - INFO - HTTP Request: POST http://localhost:11434/chat/completions "HTTP/1.1 404 Not Found"
2025-11-16 18:41:09,215 - INFO - HTTP Request: POST http://localhost:11434/chat/completions "HTTP/1.1 404 Not Found"
2025-11-16 18:41:09,216 - WARNING - RetryError[<Future at 0x7a6348364a60 state=finished raised NotFoundError>]
2025-11-16 18:41:09,233 - INFO - HTTP Request: POST http://localhost:11434/chat/completions "HTTP/1.1 404 Not Found"
2025-11-16 18:41:09,514 - INFO - HTTP Request: POST http://localhost:11434/chat/completions "HTTP/1.1 404 Not Found"
2025-11-16 18:41:09,516 - WARNING - RetryError[<Future at 0x7a6348367340 state=finished raised NotFoundError>]
2025-11-16 18:41:09,532 - INFO - HTTP Request: POST http://localhost:11434/chat/completions "HTTP/1.1 404 Not Found"
2025-11-16 18:41:09,542 - INFO - HTTP Request: POST http://localhost:11434/chat/completions "HTTP/1.1 404 Not Found"
2025-11-16 18:41:09,543 - WARNING - RetryError[<Future at 0x7a6348366ec0 state=finished raised NotFoundError>]
2025-11-16 18:41:09,549 - INFO - HTTP Request: POST http://localhost:11434/chat/completions "HTTP/1.1 404 Not Found"
2025-11-16 18:41:09,560 - INFO - HTTP Request: POST http://localhost:11434/chat/completions "HTTP/1.1 404 Not Found"
2025-11-16 18:41:09,561 - WARNING - RetryError[<Future at 0x7a63483356c0 state=finished raised NotFoundError>]
2025-11-16 18:41:09,566 - INFO - HTTP Request: POST http://localhost:11434/chat/completions "HTTP/1.1 404 Not Found"
2025-11-16 18:41:09,575 - INFO - HTTP Request: POST http://localhost:11434/chat/completions "HTTP/1.1 404 Not Found"
2025-11-16 18:41:09,576 - WARNING - RetryError[<Future at 0x7a63482bd540 state=finished raised NotFoundError>]
2025-11-16 18:41:09,580 - INFO - HTTP Request: POST http://localhost:11434/chat/completions "HTTP/1.1 404 Not Found"
2025-11-16 18:41:09,631 - INFO - HTTP Request: POST http://localhost:11434/chat/completions "HTTP/1.1 404 Not Found"
2025-11-16 18:41:09,633 - WARNING - RetryError[<Future at 0x7a6348334430 state=finished raised NotFoundError>]
2025-11-16 18:41:09,642 - INFO - HTTP Request: POST http://localhost:11434/chat/completions "HTTP/1.1 404 Not Found"
2025-11-16 18:41:09,644 - WARNING - RetryError[<Future at 0x7a6348365c90 state=finished raised NotFoundError>]
2025-11-16 18:41:09,654 - INFO - HTTP Request: POST http://localhost:11434/chat/completions "HTTP/1.1 404 Not Found"
2025-11-16 18:41:09,678 - INFO - HTTP Request: POST http://localhost:11434/chat/completions "HTTP/1.1 404 Not Found"
2025-11-16 18:41:09,679 - WARNING - RetryError[<Future at 0x7a634832eb00 state=finished raised NotFoundError>]
2025-11-16 18:41:09,691 - INFO - HTTP Request: POST http://localhost:11434/chat/completions "HTTP/1.1 404 Not Found"
2025-11-16 18:41:09,692 - WARNING - RetryError[<Future at 0x7a634832ff10 state=finished raised NotFoundError>]
2025-11-16 18:41:09,694 - INFO - HTTP Request: POST http://localhost:11434/chat/completions "HTTP/1.1 404 Not Found"
2025-11-16 18:41:09,703 - INFO - HTTP Request: POST http://localhost:11434/chat/completions "HTTP/1.1 404 Not Found"
2025-11-16 18:41:09,708 - INFO - HTTP Request: POST http://localhost:11434/chat/completions "HTTP/1.1 404 Not Found"
2025-11-16 18:41:09,727 - INFO - HTTP Request: POST http://localhost:11434/chat/completions "HTTP/1.1 404 Not Found"
2025-11-16 18:41:09,727 - WARNING - RetryError[<Future at 0x7a6348383eb0 state=finished raised NotFoundError>]
2025-11-16 18:41:09,731 - INFO - HTTP Request: POST http://localhost:11434/chat/completions "HTTP/1.1 404 Not Found"
2025-11-16 18:41:09,953 - INFO - HTTP Request: POST http://localhost:11434/chat/completions "HTTP/1.1 404 Not Found"
2025-11-16 18:41:09,955 - WARNING - RetryError[<Future at 0x7a6348242dd0 state=finished raised NotFoundError>]
2025-11-16 18:41:09,969 - INFO - HTTP Request: POST http://localhost:11434/chat/completions "HTTP/1.1 404 Not Found"
2025-11-16 18:41:10,050 - INFO - HTTP Request: POST http://localhost:11434/chat/completions "HTTP/1.1 404 Not Found"
2025-11-16 18:41:10,051 - WARNING - RetryError[<Future at 0x7a634825e410 state=finished raised NotFoundError>]
2025-11-16 18:41:10,055 - INFO - HTTP Request: POST http://localhost:11434/chat/completions "HTTP/1.1 404 Not Found"
2025-11-16 18:41:10,089 - INFO - HTTP Request: POST http://localhost:11434/chat/completions "HTTP/1.1 404 Not Found"
2025-11-16 18:41:10,090 - WARNING - RetryError[<Future at 0x7a6348380910 state=finished raised NotFoundError>]
2025-11-16 18:41:10,095 - INFO - HTTP Request: POST http://localhost:11434/chat/completions "HTTP/1.1 404 Not Found"
2025-11-16 18:41:10,106 - INFO - HTTP Request: POST http://localhost:11434/chat/completions "HTTP/1.1 404 Not Found"
2025-11-16 18:41:10,107 - WARNING - RetryError[<Future at 0x7a6348357370 state=finished raised NotFoundError>]
2025-11-16 18:41:10,115 - INFO - HTTP Request: POST http://localhost:11434/chat/completions "HTTP/1.1 404 Not Found"
2025-11-16 18:41:10,149 - INFO - HTTP Request: POST http://localhost:11434/chat/completions "HTTP/1.1 404 Not Found"
2025-11-16 18:41:10,150 - WARNING - RetryError[<Future at 0x7a6348355e10 state=finished raised NotFoundError>]
2025-11-16 18:41:10,156 - INFO - HTTP Request: POST http://localhost:11434/chat/completions "HTTP/1.1 404 Not Found"
2025-11-16 18:41:10,203 - INFO - HTTP Request: POST http://localhost:11434/chat/completions "HTTP/1.1 404 Not Found"
2025-11-16 18:41:10,204 - WARNING - RetryError[<Future at 0x7a6348382890 state=finished raised NotFoundError>]
2025-11-16 18:41:10,209 - INFO - HTTP Request: POST http://localhost:11434/chat/completions "HTTP/1.1 404 Not Found"
2025-11-16 18:41:10,239 - INFO - HTTP Request: POST http://localhost:11434/chat/completions "HTTP/1.1 404 Not Found"
2025-11-16 18:41:10,239 - WARNING - RetryError[<Future at 0x7a63483b8a60 state=finished raised NotFoundError>]
2025-11-16 18:41:10,244 - INFO - HTTP Request: POST http://localhost:11434/chat/completions "HTTP/1.1 404 Not Found"
2025-11-16 18:41:10,543 - INFO - HTTP Request: POST http://localhost:11434/chat/completions "HTTP/1.1 404 Not Found"
2025-11-16 18:41:10,544 - WARNING - RetryError[<Future at 0x7a63483aead0 state=finished raised NotFoundError>]
2025-11-16 18:41:10,563 - INFO - HTTP Request: POST http://localhost:11434/chat/completions "HTTP/1.1 404 Not Found"
2025-11-16 18:41:10,565 - INFO - HTTP Request: POST http://localhost:11434/chat/completions "HTTP/1.1 404 Not Found"
2025-11-16 18:41:10,568 - WARNING - RetryError[<Future at 0x7a63483bb640 state=finished raised NotFoundError>]
2025-11-16 18:41:10,575 - INFO - HTTP Request: POST http://localhost:11434/chat/completions "HTTP/1.1 404 Not Found"
2025-11-16 18:41:10,576 - WARNING - RetryError[<Future at 0x7a634832db10 state=finished raised NotFoundError>]
2025-11-16 18:41:10,581 - INFO - HTTP Request: POST http://localhost:11434/chat/completions "HTTP/1.1 404 Not Found"
2025-11-16 18:41:10,585 - INFO - HTTP Request: POST http://localhost:11434/chat/completions "HTTP/1.1 404 Not Found"
2025-11-16 18:41:10,586 - WARNING - RetryError[<Future at 0x7a6348381cf0 state=finished raised NotFoundError>]
2025-11-16 18:41:10,590 - INFO - HTTP Request: POST http://localhost:11434/chat/completions "HTTP/1.1 404 Not Found"
2025-11-16 18:41:10,634 - INFO - HTTP Request: POST http://localhost:11434/chat/completions "HTTP/1.1 404 Not Found"
2025-11-16 18:41:10,664 - INFO - HTTP Request: POST http://localhost:11434/chat/completions "HTTP/1.1 404 Not Found"
2025-11-16 18:41:10,666 - WARNING - RetryError[<Future at 0x7a63483d44f0 state=finished raised NotFoundError>]
2025-11-16 18:41:10,677 - INFO - HTTP Request: POST http://localhost:11434/chat/completions "HTTP/1.1 404 Not Found"
2025-11-16 18:41:10,705 - INFO - HTTP Request: POST http://localhost:11434/chat/completions "HTTP/1.1 404 Not Found"
2025-11-16 18:41:10,719 - WARNING - RetryError[<Future at 0x7a63680c4310 state=finished raised NotFoundError>]
2025-11-16 18:41:10,728 - INFO - HTTP Request: POST http://localhost:11434/chat/completions "HTTP/1.1 404 Not Found"
2025-11-16 18:41:10,730 - WARNING - RetryError[<Future at 0x7a63483d65c0 state=finished raised NotFoundError>]
2025-11-16 18:41:10,740 - INFO - HTTP Request: POST http://localhost:11434/chat/completions "HTTP/1.1 404 Not Found"
2025-11-16 18:41:10,742 - WARNING - RetryError[<Future at 0x7a63680c6920 state=finished raised NotFoundError>]
2025-11-16 18:41:10,749 - INFO - HTTP Request: POST http://localhost:11434/chat/completions "HTTP/1.1 404 Not Found"
2025-11-16 18:41:10,750 - WARNING - RetryError[<Future at 0x7a63483d6170 state=finished raised NotFoundError>]
2025-11-16 18:41:10,763 - INFO - HTTP Request: POST http://localhost:11434/chat/completions "HTTP/1.1 404 Not Found"
2025-11-16 18:41:10,771 - INFO - HTTP Request: POST http://localhost:11434/chat/completions "HTTP/1.1 404 Not Found"
2025-11-16 18:41:10,798 - INFO - HTTP Request: POST http://localhost:11434/chat/completions "HTTP/1.1 404 Not Found"
2025-11-16 18:41:10,806 - INFO - HTTP Request: POST http://localhost:11434/chat/completions "HTTP/1.1 404 Not Found"
2025-11-16 18:41:10,980 - INFO - HTTP Request: POST http://localhost:11434/chat/completions "HTTP/1.1 404 Not Found"
2025-11-16 18:41:10,982 - WARNING - RetryError[<Future at 0x7a63484b5750 state=finished raised NotFoundError>]
2025-11-16 18:41:10,996 - INFO - HTTP Request: POST http://localhost:11434/chat/completions "HTTP/1.1 404 Not Found"
2025-11-16 18:41:11,061 - INFO - HTTP Request: POST http://localhost:11434/chat/completions "HTTP/1.1 404 Not Found"
2025-11-16 18:41:11,061 - WARNING - RetryError[<Future at 0x7a634b597cd0 state=finished raised NotFoundError>]
2025-11-16 18:41:11,067 - INFO - HTTP Request: POST http://localhost:11434/chat/completions "HTTP/1.1 404 Not Found"
2025-11-16 18:41:11,100 - INFO - HTTP Request: POST http://localhost:11434/chat/completions "HTTP/1.1 404 Not Found"
2025-11-16 18:41:11,101 - WARNING - RetryError[<Future at 0x7a634b5be140 state=finished raised NotFoundError>]
2025-11-16 18:41:11,105 - INFO - HTTP Request: POST http://localhost:11434/chat/completions "HTTP/1.1 404 Not Found"
2025-11-16 18:41:11,119 - INFO - HTTP Request: POST http://localhost:11434/chat/completions "HTTP/1.1 404 Not Found"
2025-11-16 18:41:11,120 - WARNING - RetryError[<Future at 0x7a634831ff40 state=finished raised NotFoundError>]
2025-11-16 18:41:11,125 - INFO - HTTP Request: POST http://localhost:11434/chat/completions "HTTP/1.1 404 Not Found"
2025-11-16 18:41:11,160 - INFO - HTTP Request: POST http://localhost:11434/chat/completions "HTTP/1.1 404 Not Found"
2025-11-16 18:41:11,161 - WARNING - RetryError[<Future at 0x7a63484e7e50 state=finished raised NotFoundError>]
2025-11-16 18:41:11,166 - INFO - HTTP Request: POST http://localhost:11434/chat/completions "HTTP/1.1 404 Not Found"
2025-11-16 18:41:11,214 - INFO - HTTP Request: POST http://localhost:11434/chat/completions "HTTP/1.1 404 Not Found"
2025-11-16 18:41:11,215 - WARNING - RetryError[<Future at 0x7a63484b7eb0 state=finished raised NotFoundError>]
2025-11-16 18:41:11,222 - INFO - HTTP Request: POST http://localhost:11434/chat/completions "HTTP/1.1 404 Not Found"
2025-11-16 18:41:11,252 - INFO - HTTP Request: POST http://localhost:11434/chat/completions "HTTP/1.1 404 Not Found"
2025-11-16 18:41:11,254 - WARNING - RetryError[<Future at 0x7a63484e6860 state=finished raised NotFoundError>]
2025-11-16 18:41:11,262 - INFO - HTTP Request: POST http://localhost:11434/chat/completions "HTTP/1.1 404 Not Found"
2025-11-16 18:41:11,570 - INFO - HTTP Request: POST http://localhost:11434/chat/completions "HTTP/1.1 404 Not Found"
2025-11-16 18:41:11,571 - WARNING - RetryError[<Future at 0x7a63484e7910 state=finished raised NotFoundError>]
2025-11-16 18:41:11,574 - INFO - HTTP Request: POST http://localhost:11434/chat/completions "HTTP/1.1 404 Not Found"
2025-11-16 18:41:11,588 - INFO - HTTP Request: POST http://localhost:11434/chat/completions "HTTP/1.1 404 Not Found"
2025-11-16 18:41:11,589 - WARNING - RetryError[<Future at 0x7a63484e4460 state=finished raised NotFoundError>]
2025-11-16 18:41:11,595 - INFO - HTTP Request: POST http://localhost:11434/chat/completions "HTTP/1.1 404 Not Found"
2025-11-16 18:41:11,595 - INFO - HTTP Request: POST http://localhost:11434/chat/completions "HTTP/1.1 404 Not Found"
2025-11-16 18:41:11,596 - WARNING - RetryError[<Future at 0x7a63484d3b50 state=finished raised NotFoundError>]
2025-11-16 18:41:11,603 - INFO - HTTP Request: POST http://localhost:11434/chat/completions "HTTP/1.1 404 Not Found"
2025-11-16 18:41:11,645 - INFO - HTTP Request: POST http://localhost:11434/chat/completions "HTTP/1.1 404 Not Found"
2025-11-16 18:41:11,647 - WARNING - RetryError[<Future at 0x7a63680dc3a0 state=finished raised NotFoundError>]
2025-11-16 18:41:11,660 - INFO - HTTP Request: POST http://localhost:11434/chat/completions "HTTP/1.1 404 Not Found"
2025-11-16 18:41:11,685 - INFO - HTTP Request: POST http://localhost:11434/chat/completions "HTTP/1.1 404 Not Found"
2025-11-16 18:41:11,686 - WARNING - RetryError[<Future at 0x7a63484d01f0 state=finished raised NotFoundError>]
2025-11-16 18:41:11,691 - INFO - HTTP Request: POST http://localhost:11434/chat/completions "HTTP/1.1 404 Not Found"
2025-11-16 18:41:11,768 - INFO - HTTP Request: POST http://localhost:11434/chat/completions "HTTP/1.1 404 Not Found"
2025-11-16 18:41:11,769 - WARNING - RetryError[<Future at 0x7a63484e64d0 state=finished raised NotFoundError>]
2025-11-16 18:41:11,778 - INFO - HTTP Request: POST http://localhost:11434/chat/completions "HTTP/1.1 404 Not Found"
2025-11-16 18:41:11,780 - INFO - HTTP Request: POST http://localhost:11434/chat/completions "HTTP/1.1 404 Not Found"
2025-11-16 18:41:11,781 - WARNING - RetryError[<Future at 0x7a634b594f10 state=finished raised NotFoundError>]
2025-11-16 18:41:11,788 - INFO - HTTP Request: POST http://localhost:11434/chat/completions "HTTP/1.1 404 Not Found"
2025-11-16 18:41:11,802 - INFO - HTTP Request: POST http://localhost:11434/chat/completions "HTTP/1.1 404 Not Found"
2025-11-16 18:41:11,803 - WARNING - RetryError[<Future at 0x7a63484d32e0 state=finished raised NotFoundError>]
2025-11-16 18:41:11,807 - INFO - HTTP Request: POST http://localhost:11434/chat/completions "HTTP/1.1 404 Not Found"
2025-11-16 18:41:11,811 - INFO - HTTP Request: POST http://localhost:11434/chat/completions "HTTP/1.1 404 Not Found"
2025-11-16 18:41:11,811 - WARNING - RetryError[<Future at 0x7a634831d6f0 state=finished raised NotFoundError>]
2025-11-16 18:41:11,815 - INFO - HTTP Request: POST http://localhost:11434/chat/completions "HTTP/1.1 404 Not Found"
2025-11-16 18:41:12,002 - INFO - HTTP Request: POST http://localhost:11434/chat/completions "HTTP/1.1 404 Not Found"
2025-11-16 18:41:12,003 - WARNING - RetryError[<Future at 0x7a634831f760 state=finished raised NotFoundError>]
2025-11-16 18:41:12,008 - INFO - HTTP Request: POST http://localhost:11434/chat/completions "HTTP/1.1 404 Not Found"
2025-11-16 18:41:12,075 - INFO - HTTP Request: POST http://localhost:11434/chat/completions "HTTP/1.1 404 Not Found"
2025-11-16 18:41:12,077 - WARNING - RetryError[<Future at 0x7a6348356590 state=finished raised NotFoundError>]
2025-11-16 18:41:12,093 - INFO - HTTP Request: POST http://localhost:11434/chat/completions "HTTP/1.1 404 Not Found"
2025-11-16 18:41:12,118 - INFO - HTTP Request: POST http://localhost:11434/chat/completions "HTTP/1.1 404 Not Found"
2025-11-16 18:41:12,121 - WARNING - RetryError[<Future at 0x7a63484d33a0 state=finished raised NotFoundError>]
2025-11-16 18:41:12,138 - INFO - HTTP Request: POST http://localhost:11434/chat/completions "HTTP/1.1 404 Not Found"
2025-11-16 18:41:12,140 - WARNING - RetryError[<Future at 0x7a63484b5120 state=finished raised NotFoundError>]
2025-11-16 18:41:12,159 - INFO - HTTP Request: POST http://localhost:11434/chat/completions "HTTP/1.1 404 Not Found"
2025-11-16 18:41:12,178 - INFO - HTTP Request: POST http://localhost:11434/chat/completions "HTTP/1.1 404 Not Found"
2025-11-16 18:41:12,180 - WARNING - RetryError[<Future at 0x7a63680c6920 state=finished raised NotFoundError>]
2025-11-16 18:41:12,194 - INFO - HTTP Request: POST http://localhost:11434/chat/completions "HTTP/1.1 404 Not Found"
2025-11-16 18:41:12,217 - INFO - HTTP Request: POST http://localhost:11434/chat/completions "HTTP/1.1 404 Not Found"
2025-11-16 18:41:12,231 - INFO - HTTP Request: POST http://localhost:11434/chat/completions "HTTP/1.1 404 Not Found"
2025-11-16 18:41:12,233 - WARNING - RetryError[<Future at 0x7a6348354310 state=finished raised NotFoundError>]
2025-11-16 18:41:12,245 - INFO - HTTP Request: POST http://localhost:11434/chat/completions "HTTP/1.1 404 Not Found"
2025-11-16 18:41:12,271 - INFO - HTTP Request: POST http://localhost:11434/chat/completions "HTTP/1.1 404 Not Found"
2025-11-16 18:41:12,273 - WARNING - RetryError[<Future at 0x7a6348370310 state=finished raised NotFoundError>]
2025-11-16 18:41:12,282 - INFO - HTTP Request: POST http://localhost:11434/chat/completions "HTTP/1.1 404 Not Found"
2025-11-16 18:41:12,582 - INFO - HTTP Request: POST http://localhost:11434/chat/completions "HTTP/1.1 404 Not Found"
2025-11-16 18:41:12,583 - WARNING - RetryError[<Future at 0x7a6348337580 state=finished raised NotFoundError>]
2025-11-16 18:41:12,591 - INFO - HTTP Request: POST http://localhost:11434/chat/completions "HTTP/1.1 404 Not Found"
2025-11-16 18:41:12,601 - INFO - HTTP Request: POST http://localhost:11434/chat/completions "HTTP/1.1 404 Not Found"
2025-11-16 18:41:12,602 - WARNING - RetryError[<Future at 0x7a634831c9a0 state=finished raised NotFoundError>]
2025-11-16 18:41:12,610 - INFO - HTTP Request: POST http://localhost:11434/chat/completions "HTTP/1.1 404 Not Found"
2025-11-16 18:41:12,611 - INFO - HTTP Request: POST http://localhost:11434/chat/completions "HTTP/1.1 404 Not Found"
2025-11-16 18:41:12,612 - WARNING - RetryError[<Future at 0x7a63483d5a80 state=finished raised NotFoundError>]
2025-11-16 18:41:12,617 - INFO - HTTP Request: POST http://localhost:11434/chat/completions "HTTP/1.1 404 Not Found"
2025-11-16 18:41:12,667 - INFO - HTTP Request: POST http://localhost:11434/chat/completions "HTTP/1.1 404 Not Found"
2025-11-16 18:41:12,668 - WARNING - RetryError[<Future at 0x7a63483aeb60 state=finished raised NotFoundError>]
2025-11-16 18:41:12,674 - INFO - HTTP Request: POST http://localhost:11434/chat/completions "HTTP/1.1 404 Not Found"
2025-11-16 18:41:12,696 - INFO - HTTP Request: POST http://localhost:11434/chat/completions "HTTP/1.1 404 Not Found"
2025-11-16 18:41:12,697 - WARNING - RetryError[<Future at 0x7a63484d0d30 state=finished raised NotFoundError>]
2025-11-16 18:41:12,703 - INFO - HTTP Request: POST http://localhost:11434/chat/completions "HTTP/1.1 404 Not Found"
2025-11-16 18:41:12,789 - INFO - HTTP Request: POST http://localhost:11434/chat/completions "HTTP/1.1 404 Not Found"
2025-11-16 18:41:12,796 - WARNING - RetryError[<Future at 0x7a63483d4c10 state=finished raised NotFoundError>]
2025-11-16 18:41:12,804 - INFO - HTTP Request: POST http://localhost:11434/chat/completions "HTTP/1.1 404 Not Found"
2025-11-16 18:41:12,806 - WARNING - RetryError[<Future at 0x7a63482fded0 state=finished raised NotFoundError>]
2025-11-16 18:41:12,825 - INFO - HTTP Request: POST http://localhost:11434/chat/completions "HTTP/1.1 404 Not Found"
2025-11-16 18:41:12,826 - INFO - HTTP Request: POST http://localhost:11434/chat/completions "HTTP/1.1 404 Not Found"
2025-11-16 18:41:12,827 - WARNING - RetryError[<Future at 0x7a63482ff970 state=finished raised NotFoundError>]
2025-11-16 18:41:12,828 - INFO - HTTP Request: POST http://localhost:11434/chat/completions "HTTP/1.1 404 Not Found"
2025-11-16 18:41:12,829 - WARNING - RetryError[<Future at 0x7a63482fd390 state=finished raised NotFoundError>]
2025-11-16 18:41:12,833 - INFO - HTTP Request: POST http://localhost:11434/chat/completions "HTTP/1.1 404 Not Found"
2025-11-16 18:41:12,836 - INFO - HTTP Request: POST http://localhost:11434/chat/completions "HTTP/1.1 404 Not Found"
2025-11-16 18:41:12,874 - INFO - HTTP Request: POST http://localhost:11434/chat/completions "HTTP/1.1 404 Not Found"
2025-11-16 18:41:13,018 - INFO - HTTP Request: POST http://localhost:11434/chat/completions "HTTP/1.1 404 Not Found"
2025-11-16 18:41:13,019 - WARNING - RetryError[<Future at 0x7a63484e4e20 state=finished raised NotFoundError>]
2025-11-16 18:41:13,033 - INFO - HTTP Request: POST http://localhost:11434/chat/completions "HTTP/1.1 404 Not Found"
2025-11-16 18:41:13,103 - INFO - HTTP Request: POST http://localhost:11434/chat/completions "HTTP/1.1 404 Not Found"
2025-11-16 18:41:13,105 - WARNING - RetryError[<Future at 0x7a6348304310 state=finished raised NotFoundError>]
2025-11-16 18:41:13,117 - INFO - HTTP Request: POST http://localhost:11434/chat/completions "HTTP/1.1 404 Not Found"
2025-11-16 18:41:13,172 - INFO - HTTP Request: POST http://localhost:11434/chat/completions "HTTP/1.1 404 Not Found"
2025-11-16 18:41:13,175 - WARNING - RetryError[<Future at 0x7a636b312410 state=finished raised NotFoundError>]
2025-11-16 18:41:13,191 - INFO - HTTP Request: POST http://localhost:11434/chat/completions "HTTP/1.1 404 Not Found"
2025-11-16 18:41:13,203 - INFO - HTTP Request: POST http://localhost:11434/chat/completions "HTTP/1.1 404 Not Found"
2025-11-16 18:41:13,204 - WARNING - RetryError[<Future at 0x7a63484e6590 state=finished raised NotFoundError>]
2025-11-16 18:41:13,211 - INFO - HTTP Request: POST http://localhost:11434/chat/completions "HTTP/1.1 404 Not Found"
2025-11-16 18:41:13,223 - INFO - HTTP Request: POST http://localhost:11434/chat/completions "HTTP/1.1 404 Not Found"
2025-11-16 18:41:13,224 - WARNING - RetryError[<Future at 0x7a636b110310 state=finished raised NotFoundError>]
2025-11-16 18:41:13,228 - INFO - HTTP Request: POST http://localhost:11434/chat/completions "HTTP/1.1 404 Not Found"
2025-11-16 18:41:13,253 - INFO - HTTP Request: POST http://localhost:11434/chat/completions "HTTP/1.1 404 Not Found"
2025-11-16 18:41:13,254 - WARNING - RetryError[<Future at 0x7a636b0affa0 state=finished raised NotFoundError>]
2025-11-16 18:41:13,262 - INFO - HTTP Request: POST http://localhost:11434/chat/completions "HTTP/1.1 404 Not Found"
2025-11-16 18:41:13,289 - INFO - HTTP Request: POST http://localhost:11434/chat/completions "HTTP/1.1 404 Not Found"
2025-11-16 18:41:13,290 - WARNING - RetryError[<Future at 0x7a6348305f00 state=finished raised NotFoundError>]
2025-11-16 18:41:13,297 - INFO - HTTP Request: POST http://localhost:11434/chat/completions "HTTP/1.1 404 Not Found"
2025-11-16 18:41:13,600 - INFO - HTTP Request: POST http://localhost:11434/chat/completions "HTTP/1.1 404 Not Found"
2025-11-16 18:41:13,602 - WARNING - RetryError[<Future at 0x7a6348155750 state=finished raised NotFoundError>]
2025-11-16 18:41:13,610 - INFO - HTTP Request: POST http://localhost:11434/chat/completions "HTTP/1.1 404 Not Found"
2025-11-16 18:41:13,616 - INFO - HTTP Request: POST http://localhost:11434/chat/completions "HTTP/1.1 404 Not Found"
2025-11-16 18:41:13,617 - WARNING - RetryError[<Future at 0x7a636a57e5f0 state=finished raised NotFoundError>]
2025-11-16 18:41:13,626 - INFO - HTTP Request: POST http://localhost:11434/chat/completions "HTTP/1.1 404 Not Found"
2025-11-16 18:41:13,627 - WARNING - RetryError[<Future at 0x7a6348156a10 state=finished raised NotFoundError>]
2025-11-16 18:41:13,627 - INFO - HTTP Request: POST http://localhost:11434/chat/completions "HTTP/1.1 404 Not Found"
2025-11-16 18:41:13,632 - INFO - HTTP Request: POST http://localhost:11434/chat/completions "HTTP/1.1 404 Not Found"
2025-11-16 18:41:13,679 - INFO - HTTP Request: POST http://localhost:11434/chat/completions "HTTP/1.1 404 Not Found"
2025-11-16 18:41:13,679 - WARNING - RetryError[<Future at 0x7a636b0ad060 state=finished raised NotFoundError>]
2025-11-16 18:41:13,683 - INFO - HTTP Request: POST http://localhost:11434/chat/completions "HTTP/1.1 404 Not Found"
2025-11-16 18:41:13,708 - INFO - HTTP Request: POST http://localhost:11434/chat/completions "HTTP/1.1 404 Not Found"
2025-11-16 18:41:13,709 - WARNING - RetryError[<Future at 0x7a6348396230 state=finished raised NotFoundError>]
2025-11-16 18:41:13,713 - INFO - HTTP Request: POST http://localhost:11434/chat/completions "HTTP/1.1 404 Not Found"
2025-11-16 18:41:13,834 - INFO - HTTP Request: POST http://localhost:11434/chat/completions "HTTP/1.1 404 Not Found"
2025-11-16 18:41:13,835 - WARNING - RetryError[<Future at 0x7a6348283280 state=finished raised NotFoundError>]
2025-11-16 18:41:13,865 - INFO - HTTP Request: POST http://localhost:11434/chat/completions "HTTP/1.1 404 Not Found"
2025-11-16 18:41:13,867 - INFO - HTTP Request: POST http://localhost:11434/chat/completions "HTTP/1.1 404 Not Found"
2025-11-16 18:41:13,869 - WARNING - RetryError[<Future at 0x7a637eb48c70 state=finished raised NotFoundError>]
2025-11-16 18:41:13,871 - WARNING - RetryError[<Future at 0x7a63b73fcfd0 state=finished raised NotFoundError>]
2025-11-16 18:41:13,877 - INFO - HTTP Request: POST http://localhost:11434/chat/completions "HTTP/1.1 404 Not Found"
2025-11-16 18:41:13,885 - INFO - HTTP Request: POST http://localhost:11434/chat/completions "HTTP/1.1 404 Not Found"
2025-11-16 18:41:13,888 - WARNING - RetryError[<Future at 0x7a636a57e290 state=finished raised NotFoundError>]
2025-11-16 18:41:13,896 - INFO - HTTP Request: POST http://localhost:11434/chat/completions "HTTP/1.1 404 Not Found"
2025-11-16 18:41:13,949 - INFO - HTTP Request: POST http://localhost:11434/chat/completions "HTTP/1.1 404 Not Found"
2025-11-16 18:41:14,003 - INFO - HTTP Request: POST http://localhost:11434/chat/completions "HTTP/1.1 404 Not Found"
2025-11-16 18:41:14,038 - INFO - HTTP Request: POST http://localhost:11434/chat/completions "HTTP/1.1 404 Not Found"
2025-11-16 18:41:14,039 - WARNING - RetryError[<Future at 0x7a63481579a0 state=finished raised NotFoundError>]
2025-11-16 18:41:14,043 - INFO - HTTP Request: POST http://localhost:11434/chat/completions "HTTP/1.1 404 Not Found"
2025-11-16 18:41:14,128 - INFO - HTTP Request: POST http://localhost:11434/chat/completions "HTTP/1.1 404 Not Found"
2025-11-16 18:41:14,129 - WARNING - RetryError[<Future at 0x7a6348373c70 state=finished raised NotFoundError>]
2025-11-16 18:41:14,140 - INFO - HTTP Request: POST http://localhost:11434/chat/completions "HTTP/1.1 404 Not Found"
2025-11-16 18:41:14,202 - INFO - HTTP Request: POST http://localhost:11434/chat/completions "HTTP/1.1 404 Not Found"
2025-11-16 18:41:14,203 - WARNING - RetryError[<Future at 0x7a636b0ac610 state=finished raised NotFoundError>]
2025-11-16 18:41:14,224 - INFO - HTTP Request: POST http://localhost:11434/chat/completions "HTTP/1.1 404 Not Found"
2025-11-16 18:41:14,225 - INFO - HTTP Request: POST http://localhost:11434/chat/completions "HTTP/1.1 404 Not Found"
2025-11-16 18:41:14,227 - WARNING - RetryError[<Future at 0x7a636b290250 state=finished raised NotFoundError>]
2025-11-16 18:41:14,234 - INFO - HTTP Request: POST http://localhost:11434/chat/completions "HTTP/1.1 404 Not Found"
2025-11-16 18:41:14,239 - WARNING - RetryError[<Future at 0x7a636b0afa90 state=finished raised NotFoundError>]
2025-11-16 18:41:14,240 - INFO - HTTP Request: POST http://localhost:11434/chat/completions "HTTP/1.1 404 Not Found"
2025-11-16 18:41:14,246 - INFO - HTTP Request: POST http://localhost:11434/chat/completions "HTTP/1.1 404 Not Found"
2025-11-16 18:41:14,267 - INFO - HTTP Request: POST http://localhost:11434/chat/completions "HTTP/1.1 404 Not Found"
2025-11-16 18:41:14,267 - WARNING - RetryError[<Future at 0x7a6348306560 state=finished raised NotFoundError>]
2025-11-16 18:41:14,272 - INFO - HTTP Request: POST http://localhost:11434/chat/completions "HTTP/1.1 404 Not Found"
2025-11-16 18:41:14,302 - INFO - HTTP Request: POST http://localhost:11434/chat/completions "HTTP/1.1 404 Not Found"
2025-11-16 18:41:14,303 - WARNING - RetryError[<Future at 0x7a63680dc6a0 state=finished raised NotFoundError>]
2025-11-16 18:41:14,308 - INFO - HTTP Request: POST http://localhost:11434/chat/completions "HTTP/1.1 404 Not Found"
2025-11-16 18:41:14,620 - INFO - HTTP Request: POST http://localhost:11434/chat/completions "HTTP/1.1 404 Not Found"
2025-11-16 18:41:14,621 - WARNING - RetryError[<Future at 0x7a634831ef20 state=finished raised NotFoundError>]
2025-11-16 18:41:14,650 - INFO - HTTP Request: POST http://localhost:11434/chat/completions "HTTP/1.1 404 Not Found"
2025-11-16 18:41:14,653 - INFO - HTTP Request: POST http://localhost:11434/chat/completions "HTTP/1.1 404 Not Found"
2025-11-16 18:41:14,654 - WARNING - RetryError[<Future at 0x7a63483d7730 state=finished raised NotFoundError>]
2025-11-16 18:41:14,656 - INFO - HTTP Request: POST http://localhost:11434/chat/completions "HTTP/1.1 404 Not Found"
2025-11-16 18:41:14,657 - WARNING - RetryError[<Future at 0x7a636b292860 state=finished raised NotFoundError>]
2025-11-16 18:41:14,667 - INFO - HTTP Request: POST http://localhost:11434/chat/completions "HTTP/1.1 404 Not Found"
2025-11-16 18:41:14,689 - INFO - HTTP Request: POST http://localhost:11434/chat/completions "HTTP/1.1 404 Not Found"
2025-11-16 18:41:14,690 - WARNING - RetryError[<Future at 0x7a636b0ac130 state=finished raised NotFoundError>]
2025-11-16 18:41:14,694 - INFO - HTTP Request: POST http://localhost:11434/chat/completions "HTTP/1.1 404 Not Found"
2025-11-16 18:41:14,713 - INFO - HTTP Request: POST http://localhost:11434/chat/completions "HTTP/1.1 404 Not Found"
2025-11-16 18:41:14,717 - INFO - HTTP Request: POST http://localhost:11434/chat/completions "HTTP/1.1 404 Not Found"
2025-11-16 18:41:14,718 - WARNING - RetryError[<Future at 0x7a63482fdd50 state=finished raised NotFoundError>]
2025-11-16 18:41:14,722 - INFO - HTTP Request: POST http://localhost:11434/chat/completions "HTTP/1.1 404 Not Found"
2025-11-16 18:41:14,890 - INFO - HTTP Request: POST http://localhost:11434/chat/completions "HTTP/1.1 404 Not Found"
2025-11-16 18:41:14,890 - WARNING - RetryError[<Future at 0x7a63483c8910 state=finished raised NotFoundError>]
2025-11-16 18:41:14,895 - INFO - HTTP Request: POST http://localhost:11434/chat/completions "HTTP/1.1 404 Not Found"
2025-11-16 18:41:14,901 - INFO - HTTP Request: POST http://localhost:11434/chat/completions "HTTP/1.1 404 Not Found"
2025-11-16 18:41:14,902 - WARNING - RetryError[<Future at 0x7a63484d3610 state=finished raised NotFoundError>]
2025-11-16 18:41:14,907 - INFO - HTTP Request: POST http://localhost:11434/chat/completions "HTTP/1.1 404 Not Found"
2025-11-16 18:41:14,960 - INFO - HTTP Request: POST http://localhost:11434/chat/completions "HTTP/1.1 404 Not Found"
2025-11-16 18:41:14,962 - WARNING - RetryError[<Future at 0x7a63482fe170 state=finished raised NotFoundError>]
2025-11-16 18:41:14,973 - INFO - HTTP Request: POST http://localhost:11434/chat/completions "HTTP/1.1 404 Not Found"
2025-11-16 18:41:15,013 - INFO - HTTP Request: POST http://localhost:11434/chat/completions "HTTP/1.1 404 Not Found"
2025-11-16 18:41:15,015 - WARNING - RetryError[<Future at 0x7a63482809d0 state=finished raised NotFoundError>]
2025-11-16 18:41:15,036 - INFO - HTTP Request: POST http://localhost:11434/chat/completions "HTTP/1.1 404 Not Found"
2025-11-16 18:41:15,049 - INFO - HTTP Request: POST http://localhost:11434/chat/completions "HTTP/1.1 404 Not Found"
2025-11-16 18:41:15,051 - WARNING - RetryError[<Future at 0x7a636b0aec20 state=finished raised NotFoundError>]
2025-11-16 18:41:15,057 - INFO - HTTP Request: POST http://localhost:11434/chat/completions "HTTP/1.1 404 Not Found"
2025-11-16 18:41:15,150 - INFO - HTTP Request: POST http://localhost:11434/chat/completions "HTTP/1.1 404 Not Found"
2025-11-16 18:41:15,152 - WARNING - RetryError[<Future at 0x7a63484d0df0 state=finished raised NotFoundError>]
2025-11-16 18:41:15,168 - INFO - HTTP Request: POST http://localhost:11434/chat/completions "HTTP/1.1 404 Not Found"
2025-11-16 18:41:15,230 - INFO - HTTP Request: POST http://localhost:11434/chat/completions "HTTP/1.1 404 Not Found"
2025-11-16 18:41:15,230 - WARNING - RetryError[<Future at 0x7a6348315c30 state=finished raised NotFoundError>]
2025-11-16 18:41:15,236 - INFO - HTTP Request: POST http://localhost:11434/chat/completions "HTTP/1.1 404 Not Found"
2025-11-16 18:41:15,245 - INFO - HTTP Request: POST http://localhost:11434/chat/completions "HTTP/1.1 404 Not Found"
2025-11-16 18:41:15,246 - WARNING - RetryError[<Future at 0x7a63484d3f40 state=finished raised NotFoundError>]
2025-11-16 18:41:15,251 - INFO - HTTP Request: POST http://localhost:11434/chat/completions "HTTP/1.1 404 Not Found"
2025-11-16 18:41:15,252 - INFO - HTTP Request: POST http://localhost:11434/chat/completions "HTTP/1.1 404 Not Found"
2025-11-16 18:41:15,253 - WARNING - RetryError[<Future at 0x7a6348315d20 state=finished raised NotFoundError>]
2025-11-16 18:41:15,256 - INFO - HTTP Request: POST http://localhost:11434/chat/completions "HTTP/1.1 404 Not Found"
2025-11-16 18:41:15,277 - INFO - HTTP Request: POST http://localhost:11434/chat/completions "HTTP/1.1 404 Not Found"
2025-11-16 18:41:15,277 - WARNING - RetryError[<Future at 0x7a6348315ba0 state=finished raised NotFoundError>]
2025-11-16 18:41:15,282 - INFO - HTTP Request: POST http://localhost:11434/chat/completions "HTTP/1.1 404 Not Found"
2025-11-16 18:41:15,312 - INFO - HTTP Request: POST http://localhost:11434/chat/completions "HTTP/1.1 404 Not Found"
2025-11-16 18:41:15,313 - WARNING - RetryError[<Future at 0x7a6348283790 state=finished raised NotFoundError>]
2025-11-16 18:41:15,317 - INFO - HTTP Request: POST http://localhost:11434/chat/completions "HTTP/1.1 404 Not Found"
2025-11-16 18:41:15,657 - INFO - HTTP Request: POST http://localhost:11434/chat/completions "HTTP/1.1 404 Not Found"
2025-11-16 18:41:15,658 - WARNING - RetryError[<Future at 0x7a63481463b0 state=finished raised NotFoundError>]
2025-11-16 18:41:15,669 - INFO - HTTP Request: POST http://localhost:11434/chat/completions "HTTP/1.1 404 Not Found"
2025-11-16 18:41:15,676 - INFO - HTTP Request: POST http://localhost:11434/chat/completions "HTTP/1.1 404 Not Found"
2025-11-16 18:41:15,677 - WARNING - RetryError[<Future at 0x7a63483aeb60 state=finished raised NotFoundError>]
2025-11-16 18:41:15,686 - INFO - HTTP Request: POST http://localhost:11434/chat/completions "HTTP/1.1 404 Not Found"
2025-11-16 18:41:15,702 - INFO - HTTP Request: POST http://localhost:11434/chat/completions "HTTP/1.1 404 Not Found"
2025-11-16 18:41:15,703 - WARNING - RetryError[<Future at 0x7a63482dc6a0 state=finished raised NotFoundError>]
2025-11-16 18:41:15,711 - INFO - HTTP Request: POST http://localhost:11434/chat/completions "HTTP/1.1 404 Not Found"
2025-11-16 18:41:15,718 - INFO - HTTP Request: POST http://localhost:11434/chat/completions "HTTP/1.1 404 Not Found"
2025-11-16 18:41:15,719 - WARNING - RetryError[<Future at 0x7a63483acdf0 state=finished raised NotFoundError>]
2025-11-16 18:41:15,728 - INFO - HTTP Request: POST http://localhost:11434/chat/completions "HTTP/1.1 404 Not Found"
2025-11-16 18:41:15,729 - INFO - HTTP Request: POST http://localhost:11434/chat/completions "HTTP/1.1 404 Not Found"
2025-11-16 18:41:15,730 - WARNING - RetryError[<Future at 0x7a63482dc850 state=finished raised NotFoundError>]
2025-11-16 18:41:15,735 - INFO - HTTP Request: POST http://localhost:11434/chat/completions "HTTP/1.1 404 Not Found"
2025-11-16 18:41:15,905 - INFO - HTTP Request: POST http://localhost:11434/chat/completions "HTTP/1.1 404 Not Found"
2025-11-16 18:41:15,906 - WARNING - RetryError[<Future at 0x7a6348231180 state=finished raised NotFoundError>]
2025-11-16 18:41:15,917 - INFO - HTTP Request: POST http://localhost:11434/chat/completions "HTTP/1.1 404 Not Found"
2025-11-16 18:41:15,919 - WARNING - RetryError[<Future at 0x7a6348233df0 state=finished raised NotFoundError>]
2025-11-16 18:41:15,931 - INFO - HTTP Request: POST http://localhost:11434/chat/completions "HTTP/1.1 404 Not Found"
2025-11-16 18:41:15,979 - INFO - HTTP Request: POST http://localhost:11434/chat/completions "HTTP/1.1 404 Not Found"
2025-11-16 18:41:15,980 - INFO - HTTP Request: POST http://localhost:11434/chat/completions "HTTP/1.1 404 Not Found"
2025-11-16 18:41:15,981 - WARNING - RetryError[<Future at 0x7a63482dffa0 state=finished raised NotFoundError>]
2025-11-16 18:41:15,985 - INFO - HTTP Request: POST http://localhost:11434/chat/completions "HTTP/1.1 404 Not Found"
2025-11-16 18:41:16,048 - INFO - HTTP Request: POST http://localhost:11434/chat/completions "HTTP/1.1 404 Not Found"
2025-11-16 18:41:16,049 - WARNING - RetryError[<Future at 0x7a634824df00 state=finished raised NotFoundError>]
2025-11-16 18:41:16,069 - INFO - HTTP Request: POST http://localhost:11434/chat/completions "HTTP/1.1 404 Not Found"
2025-11-16 18:41:16,070 - WARNING - RetryError[<Future at 0x7a634824f3a0 state=finished raised NotFoundError>]
2025-11-16 18:41:16,072 - INFO - HTTP Request: POST http://localhost:11434/chat/completions "HTTP/1.1 404 Not Found"
2025-11-16 18:41:16,079 - INFO - HTTP Request: POST http://localhost:11434/chat/completions "HTTP/1.1 404 Not Found"
2025-11-16 18:41:16,182 - INFO - HTTP Request: POST http://localhost:11434/chat/completions "HTTP/1.1 404 Not Found"
2025-11-16 18:41:16,184 - WARNING - RetryError[<Future at 0x7a634824d930 state=finished raised NotFoundError>]
2025-11-16 18:41:16,199 - INFO - HTTP Request: POST http://localhost:11434/chat/completions "HTTP/1.1 404 Not Found"
2025-11-16 18:41:16,240 - INFO - HTTP Request: POST http://localhost:11434/chat/completions "HTTP/1.1 404 Not Found"
2025-11-16 18:41:16,241 - WARNING - RetryError[<Future at 0x7a6348233400 state=finished raised NotFoundError>]
2025-11-16 18:41:16,245 - INFO - HTTP Request: POST http://localhost:11434/chat/completions "HTTP/1.1 404 Not Found"
2025-11-16 18:41:16,257 - INFO - HTTP Request: POST http://localhost:11434/chat/completions "HTTP/1.1 404 Not Found"
2025-11-16 18:41:16,257 - WARNING - RetryError[<Future at 0x7a63484e5cc0 state=finished raised NotFoundError>]
2025-11-16 18:41:16,264 - INFO - HTTP Request: POST http://localhost:11434/chat/completions "HTTP/1.1 404 Not Found"
2025-11-16 18:41:16,264 - WARNING - RetryError[<Future at 0x7a634824c0d0 state=finished raised NotFoundError>]
2025-11-16 18:41:16,265 - INFO - HTTP Request: POST http://localhost:11434/chat/completions "HTTP/1.1 404 Not Found"
2025-11-16 18:41:16,269 - INFO - HTTP Request: POST http://localhost:11434/chat/completions "HTTP/1.1 404 Not Found"
2025-11-16 18:41:16,286 - INFO - HTTP Request: POST http://localhost:11434/chat/completions "HTTP/1.1 404 Not Found"
2025-11-16 18:41:16,287 - WARNING - RetryError[<Future at 0x7a63482de170 state=finished raised NotFoundError>]
2025-11-16 18:41:16,291 - INFO - HTTP Request: POST http://localhost:11434/chat/completions "HTTP/1.1 404 Not Found"
2025-11-16 18:41:16,321 - INFO - HTTP Request: POST http://localhost:11434/chat/completions "HTTP/1.1 404 Not Found"
2025-11-16 18:41:16,321 - WARNING - RetryError[<Future at 0x7a63484b7940 state=finished raised NotFoundError>]
2025-11-16 18:41:16,325 - INFO - HTTP Request: POST http://localhost:11434/chat/completions "HTTP/1.1 404 Not Found"
2025-11-16 18:41:16,684 - INFO - HTTP Request: POST http://localhost:11434/chat/completions "HTTP/1.1 404 Not Found"
2025-11-16 18:41:16,685 - WARNING - RetryError[<Future at 0x7a63482dead0 state=finished raised NotFoundError>]
2025-11-16 18:41:16,696 - INFO - HTTP Request: POST http://localhost:11434/chat/completions "HTTP/1.1 404 Not Found"
2025-11-16 18:41:16,698 - WARNING - RetryError[<Future at 0x7a6348146530 state=finished raised NotFoundError>]
2025-11-16 18:41:16,713 - INFO - HTTP Request: POST http://localhost:11434/chat/completions "HTTP/1.1 404 Not Found"
2025-11-16 18:41:16,723 - INFO - HTTP Request: POST http://localhost:11434/chat/completions "HTTP/1.1 404 Not Found"
2025-11-16 18:41:16,724 - WARNING - RetryError[<Future at 0x7a6348305990 state=finished raised NotFoundError>]
2025-11-16 18:41:16,735 - INFO - HTTP Request: POST http://localhost:11434/chat/completions "HTTP/1.1 404 Not Found"
2025-11-16 18:41:16,735 - INFO - HTTP Request: POST http://localhost:11434/chat/completions "HTTP/1.1 404 Not Found"
2025-11-16 18:41:16,736 - WARNING - RetryError[<Future at 0x7a63482dd9c0 state=finished raised NotFoundError>]
2025-11-16 18:41:16,740 - INFO - HTTP Request: POST http://localhost:11434/chat/completions "HTTP/1.1 404 Not Found"
2025-11-16 18:41:16,741 - WARNING - RetryError[<Future at 0x7a63482dfc40 state=finished raised NotFoundError>]
2025-11-16 18:41:16,745 - INFO - HTTP Request: POST http://localhost:11434/chat/completions "HTTP/1.1 404 Not Found"
2025-11-16 18:41:16,754 - INFO - HTTP Request: POST http://localhost:11434/chat/completions "HTTP/1.1 404 Not Found"
2025-11-16 18:41:16,795 - INFO - HTTP Request: POST http://localhost:11434/chat/completions "HTTP/1.1 404 Not Found"
2025-11-16 18:41:16,936 - INFO - HTTP Request: POST http://localhost:11434/chat/completions "HTTP/1.1 404 Not Found"
2025-11-16 18:41:16,937 - WARNING - RetryError[<Future at 0x7a636b35e4a0 state=finished raised NotFoundError>]
2025-11-16 18:41:16,943 - INFO - HTTP Request: POST http://localhost:11434/chat/completions "HTTP/1.1 404 Not Found"
2025-11-16 18:41:16,984 - INFO - HTTP Request: POST http://localhost:11434/chat/completions "HTTP/1.1 404 Not Found"
2025-11-16 18:41:16,984 - WARNING - RetryError[<Future at 0x7a636b35e890 state=finished raised NotFoundError>]
2025-11-16 18:41:16,992 - INFO - HTTP Request: POST http://localhost:11434/chat/completions "HTTP/1.1 404 Not Found"
2025-11-16 18:41:16,992 - INFO - HTTP Request: POST http://localhost:11434/chat/completions "HTTP/1.1 404 Not Found"
2025-11-16 18:41:16,994 - WARNING - RetryError[<Future at 0x7a63482fcdc0 state=finished raised NotFoundError>]
2025-11-16 18:41:16,998 - INFO - HTTP Request: POST http://localhost:11434/chat/completions "HTTP/1.1 404 Not Found"
2025-11-16 18:41:17,088 - INFO - HTTP Request: POST http://localhost:11434/chat/completions "HTTP/1.1 404 Not Found"
2025-11-16 18:41:17,090 - WARNING - RetryError[<Future at 0x7a63482fe7d0 state=finished raised NotFoundError>]
2025-11-16 18:41:17,092 - INFO - HTTP Request: POST http://localhost:11434/chat/completions "HTTP/1.1 404 Not Found"
2025-11-16 18:41:17,095 - WARNING - RetryError[<Future at 0x7a63483af100 state=finished raised NotFoundError>]
2025-11-16 18:41:17,105 - INFO - HTTP Request: POST http://localhost:11434/chat/completions "HTTP/1.1 404 Not Found"
2025-11-16 18:41:17,156 - INFO - HTTP Request: POST http://localhost:11434/chat/completions "HTTP/1.1 404 Not Found"
2025-11-16 18:41:17,209 - INFO - HTTP Request: POST http://localhost:11434/chat/completions "HTTP/1.1 404 Not Found"
2025-11-16 18:41:17,211 - WARNING - RetryError[<Future at 0x7a6348394100 state=finished raised NotFoundError>]
2025-11-16 18:41:17,220 - INFO - HTTP Request: POST http://localhost:11434/chat/completions "HTTP/1.1 404 Not Found"
2025-11-16 18:41:17,250 - INFO - HTTP Request: POST http://localhost:11434/chat/completions "HTTP/1.1 404 Not Found"
2025-11-16 18:41:17,251 - WARNING - RetryError[<Future at 0x7a6348299c30 state=finished raised NotFoundError>]
2025-11-16 18:41:17,255 - INFO - HTTP Request: POST http://localhost:11434/chat/completions "HTTP/1.1 404 Not Found"
2025-11-16 18:41:17,269 - INFO - HTTP Request: POST http://localhost:11434/chat/completions "HTTP/1.1 404 Not Found"
2025-11-16 18:41:17,269 - WARNING - RetryError[<Future at 0x7a63481561a0 state=finished raised NotFoundError>]
2025-11-16 18:41:17,273 - INFO - HTTP Request: POST http://localhost:11434/chat/completions "HTTP/1.1 404 Not Found"
2025-11-16 18:41:17,274 - WARNING - RetryError[<Future at 0x7a6348280f40 state=finished raised NotFoundError>]
2025-11-16 18:41:17,278 - INFO - HTTP Request: POST http://localhost:11434/chat/completions "HTTP/1.1 404 Not Found"
2025-11-16 18:41:17,297 - INFO - HTTP Request: POST http://localhost:11434/chat/completions "HTTP/1.1 404 Not Found"
2025-11-16 18:41:17,298 - WARNING - RetryError[<Future at 0x7a634829af20 state=finished raised NotFoundError>]
2025-11-16 18:41:17,305 - INFO - HTTP Request: POST http://localhost:11434/chat/completions "HTTP/1.1 404 Not Found"
2025-11-16 18:41:17,345 - INFO - HTTP Request: POST http://localhost:11434/chat/completions "HTTP/1.1 404 Not Found"
2025-11-16 18:41:17,347 - WARNING - RetryError[<Future at 0x7a6348283940 state=finished raised NotFoundError>]
2025-11-16 18:41:17,350 - INFO - HTTP Request: POST http://localhost:11434/chat/completions "HTTP/1.1 404 Not Found"
2025-11-16 18:41:17,365 - INFO - HTTP Request: POST http://localhost:11434/chat/completions "HTTP/1.1 404 Not Found"
2025-11-16 18:41:17,724 - INFO - HTTP Request: POST http://localhost:11434/chat/completions "HTTP/1.1 404 Not Found"
2025-11-16 18:41:17,726 - WARNING - RetryError[<Future at 0x7a6348106110 state=finished raised NotFoundError>]
2025-11-16 18:41:17,739 - INFO - HTTP Request: POST http://localhost:11434/chat/completions "HTTP/1.1 404 Not Found"
2025-11-16 18:41:17,761 - INFO - HTTP Request: POST http://localhost:11434/chat/completions "HTTP/1.1 404 Not Found"
2025-11-16 18:41:17,761 - WARNING - RetryError[<Future at 0x7a6348299930 state=finished raised NotFoundError>]
2025-11-16 18:41:17,763 - INFO - HTTP Request: POST http://localhost:11434/chat/completions "HTTP/1.1 404 Not Found"
2025-11-16 18:41:17,764 - WARNING - RetryError[<Future at 0x7a63481056c0 state=finished raised NotFoundError>]
2025-11-16 18:41:17,765 - INFO - HTTP Request: POST http://localhost:11434/chat/completions "HTTP/1.1 404 Not Found"
2025-11-16 18:41:17,766 - WARNING - RetryError[<Future at 0x7a6348105240 state=finished raised NotFoundError>]
2025-11-16 18:41:17,770 - INFO - HTTP Request: POST http://localhost:11434/chat/completions "HTTP/1.1 404 Not Found"
2025-11-16 18:41:17,774 - INFO - HTTP Request: POST http://localhost:11434/chat/completions "HTTP/1.1 404 Not Found"
2025-11-16 18:41:17,800 - INFO - HTTP Request: POST http://localhost:11434/chat/completions "HTTP/1.1 404 Not Found"
2025-11-16 18:41:17,801 - WARNING - RetryError[<Future at 0x7a6348154be0 state=finished raised NotFoundError>]
2025-11-16 18:41:17,805 - INFO - HTTP Request: POST http://localhost:11434/chat/completions "HTTP/1.1 404 Not Found"
2025-11-16 18:41:17,824 - INFO - HTTP Request: POST http://localhost:11434/chat/completions "HTTP/1.1 404 Not Found"
2025-11-16 18:41:17,953 - INFO - HTTP Request: POST http://localhost:11434/chat/completions "HTTP/1.1 404 Not Found"
2025-11-16 18:41:17,954 - WARNING - RetryError[<Future at 0x7a63482f2aa0 state=finished raised NotFoundError>]
2025-11-16 18:41:17,967 - INFO - HTTP Request: POST http://localhost:11434/chat/completions "HTTP/1.1 404 Not Found"
2025-11-16 18:41:18,007 - INFO - HTTP Request: POST http://localhost:11434/chat/completions "HTTP/1.1 404 Not Found"
2025-11-16 18:41:18,009 - WARNING - RetryError[<Future at 0x7a6348115c90 state=finished raised NotFoundError>]
2025-11-16 18:41:18,010 - INFO - HTTP Request: POST http://localhost:11434/chat/completions "HTTP/1.1 404 Not Found"
2025-11-16 18:41:18,012 - WARNING - RetryError[<Future at 0x7a6348114670 state=finished raised NotFoundError>]
2025-11-16 18:41:18,020 - INFO - HTTP Request: POST http://localhost:11434/chat/completions "HTTP/1.1 404 Not Found"
2025-11-16 18:41:18,074 - INFO - HTTP Request: POST http://localhost:11434/chat/completions "HTTP/1.1 404 Not Found"
2025-11-16 18:41:18,116 - INFO - HTTP Request: POST http://localhost:11434/chat/completions "HTTP/1.1 404 Not Found"
2025-11-16 18:41:18,117 - WARNING - RetryError[<Future at 0x7a63483e4310 state=finished raised NotFoundError>]
2025-11-16 18:41:18,124 - INFO - HTTP Request: POST http://localhost:11434/chat/completions "HTTP/1.1 404 Not Found"
2025-11-16 18:41:18,161 - INFO - HTTP Request: POST http://localhost:11434/chat/completions "HTTP/1.1 404 Not Found"
2025-11-16 18:41:18,162 - WARNING - RetryError[<Future at 0x7a6348116f50 state=finished raised NotFoundError>]
2025-11-16 18:41:18,166 - INFO - HTTP Request: POST http://localhost:11434/chat/completions "HTTP/1.1 404 Not Found"
2025-11-16 18:41:18,225 - INFO - HTTP Request: POST http://localhost:11434/chat/completions "HTTP/1.1 404 Not Found"
2025-11-16 18:41:18,226 - WARNING - RetryError[<Future at 0x7a63483e4e80 state=finished raised NotFoundError>]
2025-11-16 18:41:18,230 - INFO - HTTP Request: POST http://localhost:11434/chat/completions "HTTP/1.1 404 Not Found"
2025-11-16 18:41:18,262 - INFO - HTTP Request: POST http://localhost:11434/chat/completions "HTTP/1.1 404 Not Found"
2025-11-16 18:41:18,262 - WARNING - RetryError[<Future at 0x7a63483e6dd0 state=finished raised NotFoundError>]
2025-11-16 18:41:18,266 - INFO - HTTP Request: POST http://localhost:11434/chat/completions "HTTP/1.1 404 Not Found"
2025-11-16 18:41:18,282 - INFO - HTTP Request: POST http://localhost:11434/chat/completions "HTTP/1.1 404 Not Found"
2025-11-16 18:41:18,282 - WARNING - RetryError[<Future at 0x7a63483e5180 state=finished raised NotFoundError>]
2025-11-16 18:41:18,286 - INFO - HTTP Request: POST http://localhost:11434/chat/completions "HTTP/1.1 404 Not Found"
2025-11-16 18:41:18,313 - INFO - HTTP Request: POST http://localhost:11434/chat/completions "HTTP/1.1 404 Not Found"
2025-11-16 18:41:18,314 - WARNING - RetryError[<Future at 0x7a63483e6230 state=finished raised NotFoundError>]
2025-11-16 18:41:18,325 - INFO - HTTP Request: POST http://localhost:11434/chat/completions "HTTP/1.1 404 Not Found"
2025-11-16 18:41:18,361 - INFO - HTTP Request: POST http://localhost:11434/chat/completions "HTTP/1.1 404 Not Found"
2025-11-16 18:41:18,363 - WARNING - RetryError[<Future at 0x7a6348371e40 state=finished raised NotFoundError>]
2025-11-16 18:41:18,379 - INFO - HTTP Request: POST http://localhost:11434/chat/completions "HTTP/1.1 404 Not Found"
2025-11-16 18:41:18,382 - INFO - HTTP Request: POST http://localhost:11434/chat/completions "HTTP/1.1 404 Not Found"
2025-11-16 18:41:18,384 - WARNING - RetryError[<Future at 0x7a63482f3190 state=finished raised NotFoundError>]
2025-11-16 18:41:18,396 - INFO - HTTP Request: POST http://localhost:11434/chat/completions "HTTP/1.1 404 Not Found"
2025-11-16 18:41:18,749 - INFO - HTTP Request: POST http://localhost:11434/chat/completions "HTTP/1.1 404 Not Found"
2025-11-16 18:41:18,751 - WARNING - RetryError[<Future at 0x7a63483e5480 state=finished raised NotFoundError>]
2025-11-16 18:41:18,762 - INFO - HTTP Request: POST http://localhost:11434/chat/completions "HTTP/1.1 404 Not Found"
2025-11-16 18:41:18,786 - INFO - HTTP Request: POST http://localhost:11434/chat/completions "HTTP/1.1 404 Not Found"
2025-11-16 18:41:18,788 - WARNING - RetryError[<Future at 0x7a6348114490 state=finished raised NotFoundError>]
2025-11-16 18:41:18,793 - INFO - HTTP Request: POST http://localhost:11434/chat/completions "HTTP/1.1 404 Not Found"
2025-11-16 18:41:18,794 - WARNING - RetryError[<Future at 0x7a6348116e60 state=finished raised NotFoundError>]
2025-11-16 18:41:18,805 - INFO - HTTP Request: POST http://localhost:11434/chat/completions "HTTP/1.1 404 Not Found"
2025-11-16 18:41:18,815 - INFO - HTTP Request: POST http://localhost:11434/chat/completions "HTTP/1.1 404 Not Found"
2025-11-16 18:41:18,817 - WARNING - RetryError[<Future at 0x7a6348114610 state=finished raised NotFoundError>]
2025-11-16 18:41:18,835 - INFO - HTTP Request: POST http://localhost:11434/chat/completions "HTTP/1.1 404 Not Found"
2025-11-16 18:41:18,839 - INFO - HTTP Request: POST http://localhost:11434/chat/completions "HTTP/1.1 404 Not Found"
2025-11-16 18:41:18,840 - WARNING - RetryError[<Future at 0x7a6348115510 state=finished raised NotFoundError>]
2025-11-16 18:41:18,852 - INFO - HTTP Request: POST http://localhost:11434/chat/completions "HTTP/1.1 404 Not Found"
2025-11-16 18:41:18,866 - INFO - HTTP Request: POST http://localhost:11434/chat/completions "HTTP/1.1 404 Not Found"
2025-11-16 18:41:18,978 - INFO - HTTP Request: POST http://localhost:11434/chat/completions "HTTP/1.1 404 Not Found"
2025-11-16 18:41:18,979 - WARNING - RetryError[<Future at 0x7a6348144160 state=finished raised NotFoundError>]
2025-11-16 18:41:18,992 - INFO - HTTP Request: POST http://localhost:11434/chat/completions "HTTP/1.1 404 Not Found"
2025-11-16 18:41:19,030 - INFO - HTTP Request: POST http://localhost:11434/chat/completions "HTTP/1.1 404 Not Found"
2025-11-16 18:41:19,032 - WARNING - RetryError[<Future at 0x7a6348106740 state=finished raised NotFoundError>]
2025-11-16 18:41:19,039 - INFO - HTTP Request: POST http://localhost:11434/chat/completions "HTTP/1.1 404 Not Found"
2025-11-16 18:41:19,079 - INFO - HTTP Request: POST http://localhost:11434/chat/completions "HTTP/1.1 404 Not Found"
2025-11-16 18:41:19,080 - WARNING - RetryError[<Future at 0x7a63482986a0 state=finished raised NotFoundError>]
2025-11-16 18:41:19,085 - INFO - HTTP Request: POST http://localhost:11434/chat/completions "HTTP/1.1 404 Not Found"
2025-11-16 18:41:19,135 - INFO - HTTP Request: POST http://localhost:11434/chat/completions "HTTP/1.1 404 Not Found"
2025-11-16 18:41:19,138 - WARNING - RetryError[<Future at 0x7a6348232440 state=finished raised NotFoundError>]
2025-11-16 18:41:19,159 - INFO - HTTP Request: POST http://localhost:11434/chat/completions "HTTP/1.1 404 Not Found"
2025-11-16 18:41:19,171 - INFO - HTTP Request: POST http://localhost:11434/chat/completions "HTTP/1.1 404 Not Found"
2025-11-16 18:41:19,172 - WARNING - RetryError[<Future at 0x7a636b354190 state=finished raised NotFoundError>]
2025-11-16 18:41:19,177 - INFO - HTTP Request: POST http://localhost:11434/chat/completions "HTTP/1.1 404 Not Found"
2025-11-16 18:41:19,237 - INFO - HTTP Request: POST http://localhost:11434/chat/completions "HTTP/1.1 404 Not Found"
2025-11-16 18:41:19,239 - WARNING - RetryError[<Future at 0x7a63482dea70 state=finished raised NotFoundError>]
2025-11-16 18:41:19,256 - INFO - HTTP Request: POST http://localhost:11434/chat/completions "HTTP/1.1 404 Not Found"
2025-11-16 18:41:19,272 - INFO - HTTP Request: POST http://localhost:11434/chat/completions "HTTP/1.1 404 Not Found"
2025-11-16 18:41:19,274 - WARNING - RetryError[<Future at 0x7a6348282770 state=finished raised NotFoundError>]
2025-11-16 18:41:19,284 - INFO - HTTP Request: POST http://localhost:11434/chat/completions "HTTP/1.1 404 Not Found"
2025-11-16 18:41:19,292 - INFO - HTTP Request: POST http://localhost:11434/chat/completions "HTTP/1.1 404 Not Found"
2025-11-16 18:41:19,293 - WARNING - RetryError[<Future at 0x7a63482817b0 state=finished raised NotFoundError>]
2025-11-16 18:41:19,300 - INFO - HTTP Request: POST http://localhost:11434/chat/completions "HTTP/1.1 404 Not Found"
2025-11-16 18:41:19,332 - INFO - HTTP Request: POST http://localhost:11434/chat/completions "HTTP/1.1 404 Not Found"
2025-11-16 18:41:19,333 - WARNING - RetryError[<Future at 0x7a634829b310 state=finished raised NotFoundError>]
2025-11-16 18:41:19,340 - INFO - HTTP Request: POST http://localhost:11434/chat/completions "HTTP/1.1 404 Not Found"
2025-11-16 18:41:19,390 - INFO - HTTP Request: POST http://localhost:11434/chat/completions "HTTP/1.1 404 Not Found"
2025-11-16 18:41:19,392 - WARNING - RetryError[<Future at 0x7a6348290c70 state=finished raised NotFoundError>]
2025-11-16 18:41:19,411 - INFO - HTTP Request: POST http://localhost:11434/chat/completions "HTTP/1.1 404 Not Found"
2025-11-16 18:41:19,414 - INFO - HTTP Request: POST http://localhost:11434/chat/completions "HTTP/1.1 404 Not Found"
2025-11-16 18:41:19,415 - WARNING - RetryError[<Future at 0x7a634824f6a0 state=finished raised NotFoundError>]
2025-11-16 18:41:19,427 - INFO - HTTP Request: POST http://localhost:11434/chat/completions "HTTP/1.1 404 Not Found"
2025-11-16 18:41:19,773 - INFO - HTTP Request: POST http://localhost:11434/chat/completions "HTTP/1.1 404 Not Found"
2025-11-16 18:41:19,774 - WARNING - RetryError[<Future at 0x7a6348280c10 state=finished raised NotFoundError>]
2025-11-16 18:41:19,786 - INFO - HTTP Request: POST http://localhost:11434/chat/completions "HTTP/1.1 404 Not Found"
2025-11-16 18:41:19,817 - INFO - HTTP Request: POST http://localhost:11434/chat/completions "HTTP/1.1 404 Not Found"
2025-11-16 18:41:19,819 - WARNING - RetryError[<Future at 0x7a6348123df0 state=finished raised NotFoundError>]
2025-11-16 18:41:19,830 - INFO - HTTP Request: POST http://localhost:11434/chat/completions "HTTP/1.1 404 Not Found"
2025-11-16 18:41:19,840 - INFO - HTTP Request: POST http://localhost:11434/chat/completions "HTTP/1.1 404 Not Found"
2025-11-16 18:41:19,841 - WARNING - RetryError[<Future at 0x7a63482834c0 state=finished raised NotFoundError>]
2025-11-16 18:41:19,845 - INFO - HTTP Request: POST http://localhost:11434/chat/completions "HTTP/1.1 404 Not Found"
2025-11-16 18:41:19,857 - INFO - HTTP Request: POST http://localhost:11434/chat/completions "HTTP/1.1 404 Not Found"
2025-11-16 18:41:19,858 - WARNING - RetryError[<Future at 0x7a6348120190 state=finished raised NotFoundError>]
2025-11-16 18:41:19,862 - INFO - HTTP Request: POST http://localhost:11434/chat/completions "HTTP/1.1 404 Not Found"
2025-11-16 18:41:19,871 - INFO - HTTP Request: POST http://localhost:11434/chat/completions "HTTP/1.1 404 Not Found"
2025-11-16 18:41:19,872 - WARNING - RetryError[<Future at 0x7a636b1412a0 state=finished raised NotFoundError>]
2025-11-16 18:41:19,876 - INFO - HTTP Request: POST http://localhost:11434/chat/completions "HTTP/1.1 404 Not Found"
2025-11-16 18:41:19,998 - INFO - HTTP Request: POST http://localhost:11434/chat/completions "HTTP/1.1 404 Not Found"
2025-11-16 18:41:19,999 - WARNING - RetryError[<Future at 0x7a6348293b50 state=finished raised NotFoundError>]
2025-11-16 18:41:20,003 - INFO - HTTP Request: POST http://localhost:11434/chat/completions "HTTP/1.1 404 Not Found"
2025-11-16 18:41:20,047 - INFO - HTTP Request: POST http://localhost:11434/chat/completions "HTTP/1.1 404 Not Found"
2025-11-16 18:41:20,048 - WARNING - RetryError[<Future at 0x7a63482add80 state=finished raised NotFoundError>]
2025-11-16 18:41:20,057 - INFO - HTTP Request: POST http://localhost:11434/chat/completions "HTTP/1.1 404 Not Found"
2025-11-16 18:41:20,094 - INFO - HTTP Request: POST http://localhost:11434/chat/completions "HTTP/1.1 404 Not Found"
2025-11-16 18:41:20,096 - WARNING - RetryError[<Future at 0x7a63482afca0 state=finished raised NotFoundError>]
2025-11-16 18:41:20,107 - INFO - HTTP Request: POST http://localhost:11434/chat/completions "HTTP/1.1 404 Not Found"
2025-11-16 18:41:20,169 - INFO - HTTP Request: POST http://localhost:11434/chat/completions "HTTP/1.1 404 Not Found"
2025-11-16 18:41:20,170 - WARNING - RetryError[<Future at 0x7a63482c8b50 state=finished raised NotFoundError>]
2025-11-16 18:41:20,190 - INFO - HTTP Request: POST http://localhost:11434/chat/completions "HTTP/1.1 404 Not Found"
2025-11-16 18:41:20,192 - WARNING - RetryError[<Future at 0x7a63482adf90 state=finished raised NotFoundError>]
2025-11-16 18:41:20,193 - INFO - HTTP Request: POST http://localhost:11434/chat/completions "HTTP/1.1 404 Not Found"
2025-11-16 18:41:20,203 - INFO - HTTP Request: POST http://localhost:11434/chat/completions "HTTP/1.1 404 Not Found"
2025-11-16 18:41:20,262 - INFO - HTTP Request: POST http://localhost:11434/chat/completions "HTTP/1.1 404 Not Found"
2025-11-16 18:41:20,263 - WARNING - RetryError[<Future at 0x7a63482c87c0 state=finished raised NotFoundError>]
2025-11-16 18:41:20,268 - INFO - HTTP Request: POST http://localhost:11434/chat/completions "HTTP/1.1 404 Not Found"
2025-11-16 18:41:20,290 - INFO - HTTP Request: POST http://localhost:11434/chat/completions "HTTP/1.1 404 Not Found"
2025-11-16 18:41:20,291 - WARNING - RetryError[<Future at 0x7a634826af20 state=finished raised NotFoundError>]
2025-11-16 18:41:20,302 - INFO - HTTP Request: POST http://localhost:11434/chat/completions "HTTP/1.1 404 Not Found"
2025-11-16 18:41:20,310 - INFO - HTTP Request: POST http://localhost:11434/chat/completions "HTTP/1.1 404 Not Found"
2025-11-16 18:41:20,311 - WARNING - RetryError[<Future at 0x7a63482c8b20 state=finished raised NotFoundError>]
2025-11-16 18:41:20,321 - INFO - HTTP Request: POST http://localhost:11434/chat/completions "HTTP/1.1 404 Not Found"
2025-11-16 18:41:20,349 - INFO - HTTP Request: POST http://localhost:11434/chat/completions "HTTP/1.1 404 Not Found"
2025-11-16 18:41:20,350 - WARNING - RetryError[<Future at 0x7a634826ad70 state=finished raised NotFoundError>]
2025-11-16 18:41:20,360 - INFO - HTTP Request: POST http://localhost:11434/chat/completions "HTTP/1.1 404 Not Found"
2025-11-16 18:41:20,439 - INFO - HTTP Request: POST http://localhost:11434/chat/completions "HTTP/1.1 404 Not Found"
2025-11-16 18:41:20,441 - WARNING - RetryError[<Future at 0x7a634826ba00 state=finished raised NotFoundError>]
2025-11-16 18:41:20,442 - INFO - HTTP Request: POST http://localhost:11434/chat/completions "HTTP/1.1 404 Not Found"
2025-11-16 18:41:20,447 - WARNING - RetryError[<Future at 0x7a63482680a0 state=finished raised NotFoundError>]
2025-11-16 18:41:20,460 - INFO - HTTP Request: POST http://localhost:11434/chat/completions "HTTP/1.1 404 Not Found"
2025-11-16 18:41:20,505 - INFO - HTTP Request: POST http://localhost:11434/chat/completions "HTTP/1.1 404 Not Found"
2025-11-16 18:41:20,797 - INFO - HTTP Request: POST http://localhost:11434/chat/completions "HTTP/1.1 404 Not Found"
2025-11-16 18:41:20,799 - WARNING - RetryError[<Future at 0x7a634826acb0 state=finished raised NotFoundError>]
2025-11-16 18:41:20,815 - INFO - HTTP Request: POST http://localhost:11434/chat/completions "HTTP/1.1 404 Not Found"
2025-11-16 18:41:20,841 - INFO - HTTP Request: POST http://localhost:11434/chat/completions "HTTP/1.1 404 Not Found"
2025-11-16 18:41:20,842 - WARNING - RetryError[<Future at 0x7a63482c9990 state=finished raised NotFoundError>]
2025-11-16 18:41:20,854 - INFO - HTTP Request: POST http://localhost:11434/chat/completions "HTTP/1.1 404 Not Found"
2025-11-16 18:41:20,856 - WARNING - RetryError[<Future at 0x7a63482c9f60 state=finished raised NotFoundError>]
2025-11-16 18:41:20,874 - INFO - HTTP Request: POST http://localhost:11434/chat/completions "HTTP/1.1 404 Not Found"
2025-11-16 18:41:20,875 - INFO - HTTP Request: POST http://localhost:11434/chat/completions "HTTP/1.1 404 Not Found"
2025-11-16 18:41:20,876 - WARNING - RetryError[<Future at 0x7a6348268be0 state=finished raised NotFoundError>]
2025-11-16 18:41:20,880 - INFO - HTTP Request: POST http://localhost:11434/chat/completions "HTTP/1.1 404 Not Found"
2025-11-16 18:41:20,881 - WARNING - RetryError[<Future at 0x7a634826a440 state=finished raised NotFoundError>]
2025-11-16 18:41:20,886 - INFO - HTTP Request: POST http://localhost:11434/chat/completions "HTTP/1.1 404 Not Found"
2025-11-16 18:41:20,890 - INFO - HTTP Request: POST http://localhost:11434/chat/completions "HTTP/1.1 404 Not Found"
2025-11-16 18:41:20,912 - INFO - HTTP Request: POST http://localhost:11434/chat/completions "HTTP/1.1 404 Not Found"
2025-11-16 18:41:21,010 - INFO - HTTP Request: POST http://localhost:11434/chat/completions "HTTP/1.1 404 Not Found"
2025-11-16 18:41:21,011 - WARNING - RetryError[<Future at 0x7a636b1417e0 state=finished raised NotFoundError>]
2025-11-16 18:41:21,019 - INFO - HTTP Request: POST http://localhost:11434/chat/completions "HTTP/1.1 404 Not Found"
2025-11-16 18:41:21,067 - INFO - HTTP Request: POST http://localhost:11434/chat/completions "HTTP/1.1 404 Not Found"
2025-11-16 18:41:21,068 - WARNING - RetryError[<Future at 0x7a6348104550 state=finished raised NotFoundError>]
2025-11-16 18:41:21,082 - INFO - HTTP Request: POST http://localhost:11434/chat/completions "HTTP/1.1 404 Not Found"
2025-11-16 18:41:21,112 - INFO - HTTP Request: POST http://localhost:11434/chat/completions "HTTP/1.1 404 Not Found"
2025-11-16 18:41:21,113 - WARNING - RetryError[<Future at 0x7a6348123c70 state=finished raised NotFoundError>]
2025-11-16 18:41:21,117 - INFO - HTTP Request: POST http://localhost:11434/chat/completions "HTTP/1.1 404 Not Found"
2025-11-16 18:41:21,205 - INFO - HTTP Request: POST http://localhost:11434/chat/completions "HTTP/1.1 404 Not Found"
2025-11-16 18:41:21,213 - WARNING - RetryError[<Future at 0x7a634824e560 state=finished raised NotFoundError>]
2025-11-16 18:41:21,215 - INFO - HTTP Request: POST http://localhost:11434/chat/completions "HTTP/1.1 404 Not Found"
2025-11-16 18:41:21,220 - WARNING - RetryError[<Future at 0x7a636b143fd0 state=finished raised NotFoundError>]
2025-11-16 18:41:21,232 - INFO - HTTP Request: POST http://localhost:11434/chat/completions "HTTP/1.1 404 Not Found"
2025-11-16 18:41:21,275 - INFO - HTTP Request: POST http://localhost:11434/chat/completions "HTTP/1.1 404 Not Found"
2025-11-16 18:41:21,276 - WARNING - RetryError[<Future at 0x7a6348291f60 state=finished raised NotFoundError>]
2025-11-16 18:41:21,283 - INFO - HTTP Request: POST http://localhost:11434/chat/completions "HTTP/1.1 404 Not Found"
2025-11-16 18:41:21,309 - INFO - HTTP Request: POST http://localhost:11434/chat/completions "HTTP/1.1 404 Not Found"
2025-11-16 18:41:21,311 - WARNING - RetryError[<Future at 0x7a63482f0df0 state=finished raised NotFoundError>]
2025-11-16 18:41:21,321 - INFO - HTTP Request: POST http://localhost:11434/chat/completions "HTTP/1.1 404 Not Found"
2025-11-16 18:41:21,328 - INFO - HTTP Request: POST http://localhost:11434/chat/completions "HTTP/1.1 404 Not Found"
2025-11-16 18:41:21,330 - WARNING - RetryError[<Future at 0x7a6348146c50 state=finished raised NotFoundError>]
2025-11-16 18:41:21,340 - INFO - HTTP Request: POST http://localhost:11434/chat/completions "HTTP/1.1 404 Not Found"
2025-11-16 18:41:21,371 - INFO - HTTP Request: POST http://localhost:11434/chat/completions "HTTP/1.1 404 Not Found"
2025-11-16 18:41:21,373 - WARNING - RetryError[<Future at 0x7a6348121630 state=finished raised NotFoundError>]
2025-11-16 18:41:21,385 - INFO - HTTP Request: POST http://localhost:11434/chat/completions "HTTP/1.1 404 Not Found"
2025-11-16 18:41:21,395 - INFO - HTTP Request: POST http://localhost:11434/chat/completions "HTTP/1.1 404 Not Found"
2025-11-16 18:41:21,472 - INFO - HTTP Request: POST http://localhost:11434/chat/completions "HTTP/1.1 404 Not Found"
2025-11-16 18:41:21,474 - WARNING - RetryError[<Future at 0x7a63483e5f60 state=finished raised NotFoundError>]
2025-11-16 18:41:21,485 - INFO - HTTP Request: POST http://localhost:11434/chat/completions "HTTP/1.1 404 Not Found"
2025-11-16 18:41:21,514 - INFO - HTTP Request: POST http://localhost:11434/chat/completions "HTTP/1.1 404 Not Found"
2025-11-16 18:41:21,516 - WARNING - RetryError[<Future at 0x7a63482fe7d0 state=finished raised NotFoundError>]
2025-11-16 18:41:21,531 - INFO - HTTP Request: POST http://localhost:11434/chat/completions "HTTP/1.1 404 Not Found"
2025-11-16 18:41:21,820 - INFO - HTTP Request: POST http://localhost:11434/chat/completions "HTTP/1.1 404 Not Found"
2025-11-16 18:41:21,821 - WARNING - RetryError[<Future at 0x7a63482de650 state=finished raised NotFoundError>]
2025-11-16 18:41:21,825 - INFO - HTTP Request: POST http://localhost:11434/chat/completions "HTTP/1.1 404 Not Found"
2025-11-16 18:41:21,879 - INFO - HTTP Request: POST http://localhost:11434/chat/completions "HTTP/1.1 404 Not Found"
2025-11-16 18:41:21,881 - WARNING - RetryError[<Future at 0x7a63482dff70 state=finished raised NotFoundError>]
2025-11-16 18:41:21,899 - INFO - HTTP Request: POST http://localhost:11434/chat/completions "HTTP/1.1 404 Not Found"
2025-11-16 18:41:21,900 - INFO - HTTP Request: POST http://localhost:11434/chat/completions "HTTP/1.1 404 Not Found"
2025-11-16 18:41:21,901 - INFO - HTTP Request: POST http://localhost:11434/chat/completions "HTTP/1.1 404 Not Found"
2025-11-16 18:41:21,901 - WARNING - RetryError[<Future at 0x7a6348298190 state=finished raised NotFoundError>]
2025-11-16 18:41:21,903 - WARNING - RetryError[<Future at 0x7a6348135d80 state=finished raised NotFoundError>]
2025-11-16 18:41:21,912 - INFO - HTTP Request: POST http://localhost:11434/chat/completions "HTTP/1.1 404 Not Found"
2025-11-16 18:41:21,918 - INFO - HTTP Request: POST http://localhost:11434/chat/completions "HTTP/1.1 404 Not Found"
2025-11-16 18:41:21,919 - WARNING - RetryError[<Future at 0x7a6348187730 state=finished raised NotFoundError>]
2025-11-16 18:41:21,924 - INFO - HTTP Request: POST http://localhost:11434/chat/completions "HTTP/1.1 404 Not Found"
2025-11-16 18:41:21,959 - INFO - HTTP Request: POST http://localhost:11434/chat/completions "HTTP/1.1 404 Not Found"
2025-11-16 18:41:22,024 - INFO - HTTP Request: POST http://localhost:11434/chat/completions "HTTP/1.1 404 Not Found"
2025-11-16 18:41:22,025 - WARNING - RetryError[<Future at 0x7a6348134970 state=finished raised NotFoundError>]
2025-11-16 18:41:22,029 - INFO - HTTP Request: POST http://localhost:11434/chat/completions "HTTP/1.1 404 Not Found"
2025-11-16 18:41:22,087 - INFO - HTTP Request: POST http://localhost:11434/chat/completions "HTTP/1.1 404 Not Found"
2025-11-16 18:41:22,088 - WARNING - RetryError[<Future at 0x7a63481aed70 state=finished raised NotFoundError>]
2025-11-16 18:41:22,092 - INFO - HTTP Request: POST http://localhost:11434/chat/completions "HTTP/1.1 404 Not Found"
2025-11-16 18:41:22,121 - INFO - HTTP Request: POST http://localhost:11434/chat/completions "HTTP/1.1 404 Not Found"
2025-11-16 18:41:22,122 - WARNING - RetryError[<Future at 0x7a6348136e00 state=finished raised NotFoundError>]
2025-11-16 18:41:22,126 - INFO - HTTP Request: POST http://localhost:11434/chat/completions "HTTP/1.1 404 Not Found"
2025-11-16 18:41:22,240 - INFO - HTTP Request: POST http://localhost:11434/chat/completions "HTTP/1.1 404 Not Found"
2025-11-16 18:41:22,240 - WARNING - RetryError[<Future at 0x7a63481ae830 state=finished raised NotFoundError>]
2025-11-16 18:41:22,248 - INFO - HTTP Request: POST http://localhost:11434/chat/completions "HTTP/1.1 404 Not Found"
2025-11-16 18:41:22,290 - INFO - HTTP Request: POST http://localhost:11434/chat/completions "HTTP/1.1 404 Not Found"
2025-11-16 18:41:22,291 - WARNING - RetryError[<Future at 0x7a63481affd0 state=finished raised NotFoundError>]
2025-11-16 18:41:22,299 - INFO - HTTP Request: POST http://localhost:11434/chat/completions "HTTP/1.1 404 Not Found"
2025-11-16 18:41:22,336 - INFO - HTTP Request: POST http://localhost:11434/chat/completions "HTTP/1.1 404 Not Found"
2025-11-16 18:41:22,337 - WARNING - RetryError[<Future at 0x7a63481340a0 state=finished raised NotFoundError>]
2025-11-16 18:41:22,351 - INFO - HTTP Request: POST http://localhost:11434/chat/completions "HTTP/1.1 404 Not Found"
2025-11-16 18:41:22,354 - INFO - HTTP Request: POST http://localhost:11434/chat/completions "HTTP/1.1 404 Not Found"
2025-11-16 18:41:22,355 - WARNING - RetryError[<Future at 0x7a63481c32b0 state=finished raised NotFoundError>]
2025-11-16 18:41:22,366 - INFO - HTTP Request: POST http://localhost:11434/chat/completions "HTTP/1.1 404 Not Found"
2025-11-16 18:41:22,391 - INFO - HTTP Request: POST http://localhost:11434/chat/completions "HTTP/1.1 404 Not Found"
2025-11-16 18:41:22,392 - WARNING - RetryError[<Future at 0x7a6348187070 state=finished raised NotFoundError>]
2025-11-16 18:41:22,396 - INFO - HTTP Request: POST http://localhost:11434/chat/completions "HTTP/1.1 404 Not Found"
2025-11-16 18:41:22,400 - INFO - HTTP Request: POST http://localhost:11434/chat/completions "HTTP/1.1 404 Not Found"
2025-11-16 18:41:22,401 - WARNING - RetryError[<Future at 0x7a63481ce6b0 state=finished raised NotFoundError>]
2025-11-16 18:41:22,405 - INFO - HTTP Request: POST http://localhost:11434/chat/completions "HTTP/1.1 404 Not Found"
2025-11-16 18:41:22,492 - INFO - HTTP Request: POST http://localhost:11434/chat/completions "HTTP/1.1 404 Not Found"
2025-11-16 18:41:22,493 - WARNING - RetryError[<Future at 0x7a6348186aa0 state=finished raised NotFoundError>]
2025-11-16 18:41:22,500 - INFO - HTTP Request: POST http://localhost:11434/chat/completions "HTTP/1.1 404 Not Found"
2025-11-16 18:41:22,537 - INFO - HTTP Request: POST http://localhost:11434/chat/completions "HTTP/1.1 404 Not Found"
2025-11-16 18:41:22,538 - WARNING - RetryError[<Future at 0x7a63481c23e0 state=finished raised NotFoundError>]
2025-11-16 18:41:22,542 - INFO - HTTP Request: POST http://localhost:11434/chat/completions "HTTP/1.1 404 Not Found"
2025-11-16 18:41:22,830 - INFO - HTTP Request: POST http://localhost:11434/chat/completions "HTTP/1.1 404 Not Found"
2025-11-16 18:41:22,831 - WARNING - RetryError[<Future at 0x7a63481ddea0 state=finished raised NotFoundError>]
2025-11-16 18:41:22,844 - INFO - HTTP Request: POST http://localhost:11434/chat/completions "HTTP/1.1 404 Not Found"
2025-11-16 18:41:22,908 - INFO - HTTP Request: POST http://localhost:11434/chat/completions "HTTP/1.1 404 Not Found"
2025-11-16 18:41:22,909 - WARNING - RetryError[<Future at 0x7a63481ce080 state=finished raised NotFoundError>]
2025-11-16 18:41:22,920 - INFO - HTTP Request: POST http://localhost:11434/chat/completions "HTTP/1.1 404 Not Found"
2025-11-16 18:41:22,921 - INFO - HTTP Request: POST http://localhost:11434/chat/completions "HTTP/1.1 404 Not Found"
2025-11-16 18:41:22,923 - WARNING - RetryError[<Future at 0x7a63482f0af0 state=finished raised NotFoundError>]
2025-11-16 18:41:22,934 - INFO - HTTP Request: POST http://localhost:11434/chat/completions "HTTP/1.1 404 Not Found"
2025-11-16 18:41:22,935 - INFO - HTTP Request: POST http://localhost:11434/chat/completions "HTTP/1.1 404 Not Found"
2025-11-16 18:41:22,937 - WARNING - RetryError[<Future at 0x7a636b35fb20 state=finished raised NotFoundError>]
2025-11-16 18:41:22,944 - INFO - HTTP Request: POST http://localhost:11434/chat/completions "HTTP/1.1 404 Not Found"
2025-11-16 18:41:22,966 - INFO - HTTP Request: POST http://localhost:11434/chat/completions "HTTP/1.1 404 Not Found"
2025-11-16 18:41:22,967 - WARNING - RetryError[<Future at 0x7a6348144220 state=finished raised NotFoundError>]
2025-11-16 18:41:22,976 - INFO - HTTP Request: POST http://localhost:11434/chat/completions "HTTP/1.1 404 Not Found"
2025-11-16 18:41:23,033 - INFO - HTTP Request: POST http://localhost:11434/chat/completions "HTTP/1.1 404 Not Found"
2025-11-16 18:41:23,034 - WARNING - RetryError[<Future at 0x7a63481ce980 state=finished raised NotFoundError>]
2025-11-16 18:41:23,040 - INFO - HTTP Request: POST http://localhost:11434/chat/completions "HTTP/1.1 404 Not Found"
2025-11-16 18:41:23,096 - INFO - HTTP Request: POST http://localhost:11434/chat/completions "HTTP/1.1 404 Not Found"
2025-11-16 18:41:23,097 - WARNING - RetryError[<Future at 0x7a63481c3790 state=finished raised NotFoundError>]
2025-11-16 18:41:23,101 - INFO - HTTP Request: POST http://localhost:11434/chat/completions "HTTP/1.1 404 Not Found"
2025-11-16 18:41:23,131 - INFO - HTTP Request: POST http://localhost:11434/chat/completions "HTTP/1.1 404 Not Found"
2025-11-16 18:41:23,132 - WARNING - RetryError[<Future at 0x7a63481ad0f0 state=finished raised NotFoundError>]
2025-11-16 18:41:23,137 - INFO - HTTP Request: POST http://localhost:11434/chat/completions "HTTP/1.1 404 Not Found"
2025-11-16 18:41:23,254 - INFO - HTTP Request: POST http://localhost:11434/chat/completions "HTTP/1.1 404 Not Found"
2025-11-16 18:41:23,254 - WARNING - RetryError[<Future at 0x7a634824f6a0 state=finished raised NotFoundError>]
2025-11-16 18:41:23,258 - INFO - HTTP Request: POST http://localhost:11434/chat/completions "HTTP/1.1 404 Not Found"
2025-11-16 18:41:23,304 - INFO - HTTP Request: POST http://localhost:11434/chat/completions "HTTP/1.1 404 Not Found"
2025-11-16 18:41:23,304 - WARNING - RetryError[<Future at 0x7a63481ced70 state=finished raised NotFoundError>]
2025-11-16 18:41:23,308 - INFO - HTTP Request: POST http://localhost:11434/chat/completions "HTTP/1.1 404 Not Found"
2025-11-16 18:41:23,356 - INFO - HTTP Request: POST http://localhost:11434/chat/completions "HTTP/1.1 404 Not Found"
2025-11-16 18:41:23,357 - WARNING - RetryError[<Future at 0x7a6348185120 state=finished raised NotFoundError>]
2025-11-16 18:41:23,361 - INFO - HTTP Request: POST http://localhost:11434/chat/completions "HTTP/1.1 404 Not Found"
2025-11-16 18:41:23,371 - INFO - HTTP Request: POST http://localhost:11434/chat/completions "HTTP/1.1 404 Not Found"
2025-11-16 18:41:23,371 - WARNING - RetryError[<Future at 0x7a6348106050 state=finished raised NotFoundError>]
2025-11-16 18:41:23,375 - INFO - HTTP Request: POST http://localhost:11434/chat/completions "HTTP/1.1 404 Not Found"
2025-11-16 18:41:23,401 - INFO - HTTP Request: POST http://localhost:11434/chat/completions "HTTP/1.1 404 Not Found"
2025-11-16 18:41:23,401 - WARNING - RetryError[<Future at 0x7a6348184c40 state=finished raised NotFoundError>]
2025-11-16 18:41:23,411 - INFO - HTTP Request: POST http://localhost:11434/chat/completions "HTTP/1.1 404 Not Found"
2025-11-16 18:41:23,412 - INFO - HTTP Request: POST http://localhost:11434/chat/completions "HTTP/1.1 404 Not Found"
2025-11-16 18:41:23,413 - WARNING - RetryError[<Future at 0x7a636b355b10 state=finished raised NotFoundError>]
2025-11-16 18:41:23,418 - INFO - HTTP Request: POST http://localhost:11434/chat/completions "HTTP/1.1 404 Not Found"
2025-11-16 18:41:23,505 - INFO - HTTP Request: POST http://localhost:11434/chat/completions "HTTP/1.1 404 Not Found"
2025-11-16 18:41:23,506 - WARNING - RetryError[<Future at 0x7a63482ff490 state=finished raised NotFoundError>]
2025-11-16 18:41:23,512 - INFO - HTTP Request: POST http://localhost:11434/chat/completions "HTTP/1.1 404 Not Found"
2025-11-16 18:41:23,548 - INFO - HTTP Request: POST http://localhost:11434/chat/completions "HTTP/1.1 404 Not Found"
2025-11-16 18:41:23,549 - WARNING - RetryError[<Future at 0x7a6348186950 state=finished raised NotFoundError>]
2025-11-16 18:41:23,554 - INFO - HTTP Request: POST http://localhost:11434/chat/completions "HTTP/1.1 404 Not Found"
2025-11-16 18:41:23,849 - INFO - HTTP Request: POST http://localhost:11434/chat/completions "HTTP/1.1 404 Not Found"
2025-11-16 18:41:23,850 - WARNING - RetryError[<Future at 0x7a6348134a00 state=finished raised NotFoundError>]
2025-11-16 18:41:23,858 - INFO - HTTP Request: POST http://localhost:11434/chat/completions "HTTP/1.1 404 Not Found"
2025-11-16 18:41:23,928 - INFO - HTTP Request: POST http://localhost:11434/chat/completions "HTTP/1.1 404 Not Found"
2025-11-16 18:41:23,929 - WARNING - RetryError[<Future at 0x7a63483e5e10 state=finished raised NotFoundError>]
2025-11-16 18:41:23,937 - INFO - HTTP Request: POST http://localhost:11434/chat/completions "HTTP/1.1 404 Not Found"
2025-11-16 18:41:23,942 - INFO - HTTP Request: POST http://localhost:11434/chat/completions "HTTP/1.1 404 Not Found"
2025-11-16 18:41:23,943 - WARNING - RetryError[<Future at 0x7a6348137070 state=finished raised NotFoundError>]
2025-11-16 18:41:23,954 - INFO - HTTP Request: POST http://localhost:11434/chat/completions "HTTP/1.1 404 Not Found"
2025-11-16 18:41:23,955 - INFO - HTTP Request: POST http://localhost:11434/chat/completions "HTTP/1.1 404 Not Found"
2025-11-16 18:41:23,957 - WARNING - RetryError[<Future at 0x7a63481dcf40 state=finished raised NotFoundError>]
2025-11-16 18:41:23,964 - INFO - HTTP Request: POST http://localhost:11434/chat/completions "HTTP/1.1 404 Not Found"
2025-11-16 18:41:23,981 - INFO - HTTP Request: POST http://localhost:11434/chat/completions "HTTP/1.1 404 Not Found"
2025-11-16 18:41:23,981 - WARNING - RetryError[<Future at 0x7a63481dca60 state=finished raised NotFoundError>]
2025-11-16 18:41:23,986 - INFO - HTTP Request: POST http://localhost:11434/chat/completions "HTTP/1.1 404 Not Found"
2025-11-16 18:41:24,044 - INFO - HTTP Request: POST http://localhost:11434/chat/completions "HTTP/1.1 404 Not Found"
2025-11-16 18:41:24,044 - WARNING - RetryError[<Future at 0x7a6348136d70 state=finished raised NotFoundError>]
2025-11-16 18:41:24,049 - INFO - HTTP Request: POST http://localhost:11434/chat/completions "HTTP/1.1 404 Not Found"
2025-11-16 18:41:24,106 - INFO - HTTP Request: POST http://localhost:11434/chat/completions "HTTP/1.1 404 Not Found"
2025-11-16 18:41:24,107 - WARNING - RetryError[<Future at 0x7a6340703640 state=finished raised NotFoundError>]
2025-11-16 18:41:24,112 - INFO - HTTP Request: POST http://localhost:11434/chat/completions "HTTP/1.1 404 Not Found"
2025-11-16 18:41:24,142 - INFO - HTTP Request: POST http://localhost:11434/chat/completions "HTTP/1.1 404 Not Found"
2025-11-16 18:41:24,143 - WARNING - RetryError[<Future at 0x7a6340702e90 state=finished raised NotFoundError>]
2025-11-16 18:41:24,148 - INFO - HTTP Request: POST http://localhost:11434/chat/completions "HTTP/1.1 404 Not Found"
2025-11-16 18:41:24,268 - INFO - HTTP Request: POST http://localhost:11434/chat/completions "HTTP/1.1 404 Not Found"
2025-11-16 18:41:24,269 - WARNING - RetryError[<Future at 0x7a636b1412d0 state=finished raised NotFoundError>]
2025-11-16 18:41:24,279 - INFO - HTTP Request: POST http://localhost:11434/chat/completions "HTTP/1.1 404 Not Found"
2025-11-16 18:41:24,312 - INFO - HTTP Request: POST http://localhost:11434/chat/completions "HTTP/1.1 404 Not Found"
2025-11-16 18:41:24,312 - WARNING - RetryError[<Future at 0x7a634070fd00 state=finished raised NotFoundError>]
2025-11-16 18:41:24,318 - INFO - HTTP Request: POST http://localhost:11434/chat/completions "HTTP/1.1 404 Not Found"
2025-11-16 18:41:24,371 - INFO - HTTP Request: POST http://localhost:11434/chat/completions "HTTP/1.1 404 Not Found"
2025-11-16 18:41:24,373 - WARNING - RetryError[<Future at 0x7a634070d9f0 state=finished raised NotFoundError>]
2025-11-16 18:41:24,386 - INFO - HTTP Request: POST http://localhost:11434/chat/completions "HTTP/1.1 404 Not Found"
2025-11-16 18:41:24,388 - WARNING - RetryError[<Future at 0x7a634070cd60 state=finished raised NotFoundError>]
2025-11-16 18:41:24,399 - INFO - HTTP Request: POST http://localhost:11434/chat/completions "HTTP/1.1 404 Not Found"
2025-11-16 18:41:24,411 - INFO - HTTP Request: POST http://localhost:11434/chat/completions "HTTP/1.1 404 Not Found"
2025-11-16 18:41:24,421 - INFO - HTTP Request: POST http://localhost:11434/chat/completions "HTTP/1.1 404 Not Found"
2025-11-16 18:41:24,429 - WARNING - RetryError[<Future at 0x7a634070dcc0 state=finished raised NotFoundError>]
2025-11-16 18:41:24,431 - INFO - HTTP Request: POST http://localhost:11434/chat/completions "HTTP/1.1 404 Not Found"
2025-11-16 18:41:24,432 - WARNING - RetryError[<Future at 0x7a6340700880 state=finished raised NotFoundError>]
2025-11-16 18:41:24,440 - INFO - HTTP Request: POST http://localhost:11434/chat/completions "HTTP/1.1 404 Not Found"
2025-11-16 18:41:24,494 - INFO - HTTP Request: POST http://localhost:11434/chat/completions "HTTP/1.1 404 Not Found"
2025-11-16 18:41:24,522 - INFO - HTTP Request: POST http://localhost:11434/chat/completions "HTTP/1.1 404 Not Found"
2025-11-16 18:41:24,523 - WARNING - RetryError[<Future at 0x7a634072dd20 state=finished raised NotFoundError>]
2025-11-16 18:41:24,537 - INFO - HTTP Request: POST http://localhost:11434/chat/completions "HTTP/1.1 404 Not Found"
2025-11-16 18:41:24,564 - INFO - HTTP Request: POST http://localhost:11434/chat/completions "HTTP/1.1 404 Not Found"
2025-11-16 18:41:24,565 - WARNING - RetryError[<Future at 0x7a634071ffa0 state=finished raised NotFoundError>]
2025-11-16 18:41:24,573 - INFO - HTTP Request: POST http://localhost:11434/chat/completions "HTTP/1.1 404 Not Found"
2025-11-16 18:41:24,867 - INFO - HTTP Request: POST http://localhost:11434/chat/completions "HTTP/1.1 404 Not Found"
2025-11-16 18:41:24,869 - WARNING - RetryError[<Future at 0x7a634072f2e0 state=finished raised NotFoundError>]
2025-11-16 18:41:24,881 - INFO - HTTP Request: POST http://localhost:11434/chat/completions "HTTP/1.1 404 Not Found"
2025-11-16 18:41:24,942 - INFO - HTTP Request: POST http://localhost:11434/chat/completions "HTTP/1.1 404 Not Found"
2025-11-16 18:41:24,943 - WARNING - RetryError[<Future at 0x7a634072f790 state=finished raised NotFoundError>]
2025-11-16 18:41:24,950 - INFO - HTTP Request: POST http://localhost:11434/chat/completions "HTTP/1.1 404 Not Found"
2025-11-16 18:41:24,962 - INFO - HTTP Request: POST http://localhost:11434/chat/completions "HTTP/1.1 404 Not Found"
2025-11-16 18:41:24,963 - WARNING - RetryError[<Future at 0x7a634072d030 state=finished raised NotFoundError>]
2025-11-16 18:41:24,977 - INFO - HTTP Request: POST http://localhost:11434/chat/completions "HTTP/1.1 404 Not Found"
2025-11-16 18:41:24,978 - INFO - HTTP Request: POST http://localhost:11434/chat/completions "HTTP/1.1 404 Not Found"
2025-11-16 18:41:24,980 - WARNING - RetryError[<Future at 0x7a634073ac80 state=finished raised NotFoundError>]
2025-11-16 18:41:24,986 - INFO - HTTP Request: POST http://localhost:11434/chat/completions "HTTP/1.1 404 Not Found"
2025-11-16 18:41:24,991 - INFO - HTTP Request: POST http://localhost:11434/chat/completions "HTTP/1.1 404 Not Found"
2025-11-16 18:41:24,991 - WARNING - RetryError[<Future at 0x7a634073b190 state=finished raised NotFoundError>]
2025-11-16 18:41:24,997 - INFO - HTTP Request: POST http://localhost:11434/chat/completions "HTTP/1.1 404 Not Found"
2025-11-16 18:41:25,055 - INFO - HTTP Request: POST http://localhost:11434/chat/completions "HTTP/1.1 404 Not Found"
2025-11-16 18:41:25,056 - WARNING - RetryError[<Future at 0x7a6340739cc0 state=finished raised NotFoundError>]
2025-11-16 18:41:25,062 - INFO - HTTP Request: POST http://localhost:11434/chat/completions "HTTP/1.1 404 Not Found"
2025-11-16 18:41:25,118 - INFO - HTTP Request: POST http://localhost:11434/chat/completions "HTTP/1.1 404 Not Found"
2025-11-16 18:41:25,119 - WARNING - RetryError[<Future at 0x7a634072caf0 state=finished raised NotFoundError>]
2025-11-16 18:41:25,126 - INFO - HTTP Request: POST http://localhost:11434/chat/completions "HTTP/1.1 404 Not Found"
2025-11-16 18:41:25,153 - INFO - HTTP Request: POST http://localhost:11434/chat/completions "HTTP/1.1 404 Not Found"
2025-11-16 18:41:25,154 - WARNING - RetryError[<Future at 0x7a634072cb50 state=finished raised NotFoundError>]
2025-11-16 18:41:25,160 - INFO - HTTP Request: POST http://localhost:11434/chat/completions "HTTP/1.1 404 Not Found"
2025-11-16 18:41:25,286 - INFO - HTTP Request: POST http://localhost:11434/chat/completions "HTTP/1.1 404 Not Found"
2025-11-16 18:41:25,288 - WARNING - RetryError[<Future at 0x7a634073a920 state=finished raised NotFoundError>]
2025-11-16 18:41:25,300 - INFO - HTTP Request: POST http://localhost:11434/chat/completions "HTTP/1.1 404 Not Found"
2025-11-16 18:41:25,326 - INFO - HTTP Request: POST http://localhost:11434/chat/completions "HTTP/1.1 404 Not Found"
2025-11-16 18:41:25,327 - WARNING - RetryError[<Future at 0x7a6348106980 state=finished raised NotFoundError>]
2025-11-16 18:41:25,336 - INFO - HTTP Request: POST http://localhost:11434/chat/completions "HTTP/1.1 404 Not Found"
2025-11-16 18:41:25,405 - INFO - HTTP Request: POST http://localhost:11434/chat/completions "HTTP/1.1 404 Not Found"
2025-11-16 18:41:25,406 - WARNING - RetryError[<Future at 0x7a634071e9b0 state=finished raised NotFoundError>]
2025-11-16 18:41:25,410 - INFO - HTTP Request: POST http://localhost:11434/chat/completions "HTTP/1.1 404 Not Found"
2025-11-16 18:41:25,416 - INFO - HTTP Request: POST http://localhost:11434/chat/completions "HTTP/1.1 404 Not Found"
2025-11-16 18:41:25,417 - WARNING - RetryError[<Future at 0x7a634072d5d0 state=finished raised NotFoundError>]
2025-11-16 18:41:25,423 - INFO - HTTP Request: POST http://localhost:11434/chat/completions "HTTP/1.1 404 Not Found"
2025-11-16 18:41:25,445 - INFO - HTTP Request: POST http://localhost:11434/chat/completions "HTTP/1.1 404 Not Found"
2025-11-16 18:41:25,446 - WARNING - RetryError[<Future at 0x7a634070c190 state=finished raised NotFoundError>]
2025-11-16 18:41:25,451 - INFO - HTTP Request: POST http://localhost:11434/chat/completions "HTTP/1.1 404 Not Found"
2025-11-16 18:41:25,499 - INFO - HTTP Request: POST http://localhost:11434/chat/completions "HTTP/1.1 404 Not Found"
2025-11-16 18:41:25,500 - WARNING - RetryError[<Future at 0x7a634072dde0 state=finished raised NotFoundError>]
2025-11-16 18:41:25,504 - INFO - HTTP Request: POST http://localhost:11434/chat/completions "HTTP/1.1 404 Not Found"
2025-11-16 18:41:25,543 - INFO - HTTP Request: POST http://localhost:11434/chat/completions "HTTP/1.1 404 Not Found"
2025-11-16 18:41:25,543 - WARNING - RetryError[<Future at 0x7a634070dea0 state=finished raised NotFoundError>]
2025-11-16 18:41:25,547 - INFO - HTTP Request: POST http://localhost:11434/chat/completions "HTTP/1.1 404 Not Found"
2025-11-16 18:41:25,580 - INFO - HTTP Request: POST http://localhost:11434/chat/completions "HTTP/1.1 404 Not Found"
2025-11-16 18:41:25,582 - WARNING - RetryError[<Future at 0x7a6340700580 state=finished raised NotFoundError>]
2025-11-16 18:41:25,591 - INFO - HTTP Request: POST http://localhost:11434/chat/completions "HTTP/1.1 404 Not Found"
2025-11-16 18:41:25,890 - INFO - HTTP Request: POST http://localhost:11434/chat/completions "HTTP/1.1 404 Not Found"
2025-11-16 18:41:25,890 - WARNING - RetryError[<Future at 0x7a63481c2680 state=finished raised NotFoundError>]
2025-11-16 18:41:25,895 - INFO - HTTP Request: POST http://localhost:11434/chat/completions "HTTP/1.1 404 Not Found"
2025-11-16 18:41:25,960 - INFO - HTTP Request: POST http://localhost:11434/chat/completions "HTTP/1.1 404 Not Found"
2025-11-16 18:41:25,962 - WARNING - RetryError[<Future at 0x7a6348187910 state=finished raised NotFoundError>]
2025-11-16 18:41:25,975 - INFO - HTTP Request: POST http://localhost:11434/chat/completions "HTTP/1.1 404 Not Found"
2025-11-16 18:41:25,987 - INFO - HTTP Request: POST http://localhost:11434/chat/completions "HTTP/1.1 404 Not Found"
2025-11-16 18:41:25,989 - WARNING - RetryError[<Future at 0x7a636b310c10 state=finished raised NotFoundError>]
2025-11-16 18:41:26,006 - INFO - HTTP Request: POST http://localhost:11434/chat/completions "HTTP/1.1 404 Not Found"
2025-11-16 18:41:26,008 - WARNING - RetryError[<Future at 0x7a63481df5b0 state=finished raised NotFoundError>]
2025-11-16 18:41:26,021 - INFO - HTTP Request: POST http://localhost:11434/chat/completions "HTTP/1.1 404 Not Found"
2025-11-16 18:41:26,023 - WARNING - RetryError[<Future at 0x7a63483e6680 state=finished raised NotFoundError>]
2025-11-16 18:41:26,026 - INFO - HTTP Request: POST http://localhost:11434/chat/completions "HTTP/1.1 404 Not Found"
2025-11-16 18:41:26,037 - INFO - HTTP Request: POST http://localhost:11434/chat/completions "HTTP/1.1 404 Not Found"
2025-11-16 18:41:26,072 - INFO - HTTP Request: POST http://localhost:11434/chat/completions "HTTP/1.1 404 Not Found"
2025-11-16 18:41:26,074 - WARNING - RetryError[<Future at 0x7a6348187be0 state=finished raised NotFoundError>]
2025-11-16 18:41:26,089 - INFO - HTTP Request: POST http://localhost:11434/chat/completions "HTTP/1.1 404 Not Found"
2025-11-16 18:41:26,133 - INFO - HTTP Request: POST http://localhost:11434/chat/completions "HTTP/1.1 404 Not Found"
2025-11-16 18:41:26,135 - WARNING - RetryError[<Future at 0x7a6340746860 state=finished raised NotFoundError>]
2025-11-16 18:41:26,146 - INFO - HTTP Request: POST http://localhost:11434/chat/completions "HTTP/1.1 404 Not Found"
2025-11-16 18:41:26,171 - INFO - HTTP Request: POST http://localhost:11434/chat/completions "HTTP/1.1 404 Not Found"
2025-11-16 18:41:26,172 - WARNING - RetryError[<Future at 0x7a6340745cc0 state=finished raised NotFoundError>]
2025-11-16 18:41:26,183 - INFO - HTTP Request: POST http://localhost:11434/chat/completions "HTTP/1.1 404 Not Found"
2025-11-16 18:41:26,196 - INFO - HTTP Request: POST http://localhost:11434/chat/completions "HTTP/1.1 404 Not Found"
2025-11-16 18:41:26,307 - INFO - HTTP Request: POST http://localhost:11434/chat/completions "HTTP/1.1 404 Not Found"
2025-11-16 18:41:26,307 - WARNING - RetryError[<Future at 0x7a6340754fd0 state=finished raised NotFoundError>]
2025-11-16 18:41:26,315 - INFO - HTTP Request: POST http://localhost:11434/chat/completions "HTTP/1.1 404 Not Found"
2025-11-16 18:41:26,341 - INFO - HTTP Request: POST http://localhost:11434/chat/completions "HTTP/1.1 404 Not Found"
2025-11-16 18:41:26,342 - WARNING - RetryError[<Future at 0x7a6340700fd0 state=finished raised NotFoundError>]
2025-11-16 18:41:26,347 - INFO - HTTP Request: POST http://localhost:11434/chat/completions "HTTP/1.1 404 Not Found"
2025-11-16 18:41:26,420 - INFO - HTTP Request: POST http://localhost:11434/chat/completions "HTTP/1.1 404 Not Found"
2025-11-16 18:41:26,421 - WARNING - RetryError[<Future at 0x7a6340747e80 state=finished raised NotFoundError>]
2025-11-16 18:41:26,433 - INFO - HTTP Request: POST http://localhost:11434/chat/completions "HTTP/1.1 404 Not Found"
2025-11-16 18:41:26,434 - WARNING - RetryError[<Future at 0x7a6340757a00 state=finished raised NotFoundError>]
2025-11-16 18:41:26,445 - INFO - HTTP Request: POST http://localhost:11434/chat/completions "HTTP/1.1 404 Not Found"
2025-11-16 18:41:26,461 - INFO - HTTP Request: POST http://localhost:11434/chat/completions "HTTP/1.1 404 Not Found"
2025-11-16 18:41:26,463 - WARNING - RetryError[<Future at 0x7a6340756200 state=finished raised NotFoundError>]
2025-11-16 18:41:26,475 - INFO - HTTP Request: POST http://localhost:11434/chat/completions "HTTP/1.1 404 Not Found"
2025-11-16 18:41:26,496 - INFO - HTTP Request: POST http://localhost:11434/chat/completions "HTTP/1.1 404 Not Found"
2025-11-16 18:41:26,514 - INFO - HTTP Request: POST http://localhost:11434/chat/completions "HTTP/1.1 404 Not Found"
2025-11-16 18:41:26,515 - WARNING - RetryError[<Future at 0x7a6340767eb0 state=finished raised NotFoundError>]
2025-11-16 18:41:26,527 - INFO - HTTP Request: POST http://localhost:11434/chat/completions "HTTP/1.1 404 Not Found"
2025-11-16 18:41:26,556 - INFO - HTTP Request: POST http://localhost:11434/chat/completions "HTTP/1.1 404 Not Found"
2025-11-16 18:41:26,558 - WARNING - RetryError[<Future at 0x7a63407678e0 state=finished raised NotFoundError>]
2025-11-16 18:41:26,569 - INFO - HTTP Request: POST http://localhost:11434/chat/completions "HTTP/1.1 404 Not Found"
2025-11-16 18:41:26,601 - INFO - HTTP Request: POST http://localhost:11434/chat/completions "HTTP/1.1 404 Not Found"
2025-11-16 18:41:26,603 - WARNING - RetryError[<Future at 0x7a6340772350 state=finished raised NotFoundError>]
2025-11-16 18:41:26,614 - INFO - HTTP Request: POST http://localhost:11434/chat/completions "HTTP/1.1 404 Not Found"
2025-11-16 18:41:26,903 - INFO - HTTP Request: POST http://localhost:11434/chat/completions "HTTP/1.1 404 Not Found"
2025-11-16 18:41:26,905 - WARNING - RetryError[<Future at 0x7a6340773550 state=finished raised NotFoundError>]
2025-11-16 18:41:26,914 - INFO - HTTP Request: POST http://localhost:11434/chat/completions "HTTP/1.1 404 Not Found"
2025-11-16 18:41:26,983 - INFO - HTTP Request: POST http://localhost:11434/chat/completions "HTTP/1.1 404 Not Found"
2025-11-16 18:41:26,984 - WARNING - RetryError[<Future at 0x7a6340771f60 state=finished raised NotFoundError>]
2025-11-16 18:41:26,994 - INFO - HTTP Request: POST http://localhost:11434/chat/completions "HTTP/1.1 404 Not Found"
2025-11-16 18:41:27,034 - INFO - HTTP Request: POST http://localhost:11434/chat/completions "HTTP/1.1 404 Not Found"
2025-11-16 18:41:27,035 - WARNING - RetryError[<Future at 0x7a634077dd20 state=finished raised NotFoundError>]
2025-11-16 18:41:27,051 - INFO - HTTP Request: POST http://localhost:11434/chat/completions "HTTP/1.1 404 Not Found"
2025-11-16 18:41:27,053 - INFO - HTTP Request: POST http://localhost:11434/chat/completions "HTTP/1.1 404 Not Found"
2025-11-16 18:41:27,056 - WARNING - RetryError[<Future at 0x7a6340771990 state=finished raised NotFoundError>]
2025-11-16 18:41:27,067 - INFO - HTTP Request: POST http://localhost:11434/chat/completions "HTTP/1.1 404 Not Found"
2025-11-16 18:41:27,094 - INFO - HTTP Request: POST http://localhost:11434/chat/completions "HTTP/1.1 404 Not Found"
2025-11-16 18:41:27,094 - WARNING - RetryError[<Future at 0x7a634077c070 state=finished raised NotFoundError>]
2025-11-16 18:41:27,098 - INFO - HTTP Request: POST http://localhost:11434/chat/completions "HTTP/1.1 404 Not Found"
2025-11-16 18:41:27,155 - INFO - HTTP Request: POST http://localhost:11434/chat/completions "HTTP/1.1 404 Not Found"
2025-11-16 18:41:27,156 - WARNING - RetryError[<Future at 0x7a63407a65c0 state=finished raised NotFoundError>]
2025-11-16 18:41:27,169 - INFO - HTTP Request: POST http://localhost:11434/chat/completions "HTTP/1.1 404 Not Found"
2025-11-16 18:41:27,189 - INFO - HTTP Request: POST http://localhost:11434/chat/completions "HTTP/1.1 404 Not Found"
2025-11-16 18:41:27,190 - WARNING - RetryError[<Future at 0x7a634077fc10 state=finished raised NotFoundError>]
2025-11-16 18:41:27,195 - INFO - HTTP Request: POST http://localhost:11434/chat/completions "HTTP/1.1 404 Not Found"
2025-11-16 18:41:27,202 - INFO - HTTP Request: POST http://localhost:11434/chat/completions "HTTP/1.1 404 Not Found"
2025-11-16 18:41:27,203 - WARNING - RetryError[<Future at 0x7a634077f4c0 state=finished raised NotFoundError>]
2025-11-16 18:41:27,209 - INFO - HTTP Request: POST http://localhost:11434/chat/completions "HTTP/1.1 404 Not Found"
2025-11-16 18:41:27,320 - INFO - HTTP Request: POST http://localhost:11434/chat/completions "HTTP/1.1 404 Not Found"
2025-11-16 18:41:27,321 - WARNING - RetryError[<Future at 0x7a6340771ea0 state=finished raised NotFoundError>]
2025-11-16 18:41:27,327 - INFO - HTTP Request: POST http://localhost:11434/chat/completions "HTTP/1.1 404 Not Found"
2025-11-16 18:41:27,353 - INFO - HTTP Request: POST http://localhost:11434/chat/completions "HTTP/1.1 404 Not Found"
2025-11-16 18:41:27,353 - WARNING - RetryError[<Future at 0x7a6340771450 state=finished raised NotFoundError>]
2025-11-16 18:41:27,360 - INFO - HTTP Request: POST http://localhost:11434/chat/completions "HTTP/1.1 404 Not Found"
2025-11-16 18:41:27,451 - INFO - HTTP Request: POST http://localhost:11434/chat/completions "HTTP/1.1 404 Not Found"
2025-11-16 18:41:27,452 - WARNING - RetryError[<Future at 0x7a634077df30 state=finished raised NotFoundError>]
2025-11-16 18:41:27,457 - INFO - HTTP Request: POST http://localhost:11434/chat/completions "HTTP/1.1 404 Not Found"
2025-11-16 18:41:27,482 - INFO - HTTP Request: POST http://localhost:11434/chat/completions "HTTP/1.1 404 Not Found"
2025-11-16 18:41:27,483 - WARNING - RetryError[<Future at 0x7a6340764f40 state=finished raised NotFoundError>]
2025-11-16 18:41:27,493 - INFO - HTTP Request: POST http://localhost:11434/chat/completions "HTTP/1.1 404 Not Found"
2025-11-16 18:41:27,508 - INFO - HTTP Request: POST http://localhost:11434/chat/completions "HTTP/1.1 404 Not Found"
2025-11-16 18:41:27,509 - WARNING - RetryError[<Future at 0x7a634070ff10 state=finished raised NotFoundError>]
2025-11-16 18:41:27,520 - INFO - HTTP Request: POST http://localhost:11434/chat/completions "HTTP/1.1 404 Not Found"
2025-11-16 18:41:27,537 - INFO - HTTP Request: POST http://localhost:11434/chat/completions "HTTP/1.1 404 Not Found"
2025-11-16 18:41:27,538 - WARNING - RetryError[<Future at 0x7a6340764d30 state=finished raised NotFoundError>]
2025-11-16 18:41:27,547 - INFO - HTTP Request: POST http://localhost:11434/chat/completions "HTTP/1.1 404 Not Found"
2025-11-16 18:41:27,579 - INFO - HTTP Request: POST http://localhost:11434/chat/completions "HTTP/1.1 404 Not Found"
2025-11-16 18:41:27,581 - WARNING - RetryError[<Future at 0x7a6340755c00 state=finished raised NotFoundError>]
2025-11-16 18:41:27,592 - INFO - HTTP Request: POST http://localhost:11434/chat/completions "HTTP/1.1 404 Not Found"
2025-11-16 18:41:27,622 - INFO - HTTP Request: POST http://localhost:11434/chat/completions "HTTP/1.1 404 Not Found"
2025-11-16 18:41:27,623 - WARNING - RetryError[<Future at 0x7a63481ceb90 state=finished raised NotFoundError>]
2025-11-16 18:41:27,631 - INFO - HTTP Request: POST http://localhost:11434/chat/completions "HTTP/1.1 404 Not Found"
2025-11-16 18:41:27,918 - INFO - HTTP Request: POST http://localhost:11434/chat/completions "HTTP/1.1 404 Not Found"
2025-11-16 18:41:27,918 - WARNING - RetryError[<Future at 0x7a634071d990 state=finished raised NotFoundError>]
2025-11-16 18:41:27,923 - INFO - HTTP Request: POST http://localhost:11434/chat/completions "HTTP/1.1 404 Not Found"
2025-11-16 18:41:28,001 - INFO - HTTP Request: POST http://localhost:11434/chat/completions "HTTP/1.1 404 Not Found"
2025-11-16 18:41:28,001 - WARNING - RetryError[<Future at 0x7a6340746920 state=finished raised NotFoundError>]
2025-11-16 18:41:28,008 - INFO - HTTP Request: POST http://localhost:11434/chat/completions "HTTP/1.1 404 Not Found"
2025-11-16 18:41:28,059 - INFO - HTTP Request: POST http://localhost:11434/chat/completions "HTTP/1.1 404 Not Found"
2025-11-16 18:41:28,060 - WARNING - RetryError[<Future at 0x7a63407440d0 state=finished raised NotFoundError>]
2025-11-16 18:41:28,066 - INFO - HTTP Request: POST http://localhost:11434/chat/completions "HTTP/1.1 404 Not Found"
2025-11-16 18:41:28,075 - INFO - HTTP Request: POST http://localhost:11434/chat/completions "HTTP/1.1 404 Not Found"
2025-11-16 18:41:28,076 - WARNING - RetryError[<Future at 0x7a634072fdf0 state=finished raised NotFoundError>]
2025-11-16 18:41:28,082 - INFO - HTTP Request: POST http://localhost:11434/chat/completions "HTTP/1.1 404 Not Found"
2025-11-16 18:41:28,104 - INFO - HTTP Request: POST http://localhost:11434/chat/completions "HTTP/1.1 404 Not Found"
2025-11-16 18:41:28,105 - WARNING - RetryError[<Future at 0x7a6340754be0 state=finished raised NotFoundError>]
2025-11-16 18:41:28,114 - INFO - HTTP Request: POST http://localhost:11434/chat/completions "HTTP/1.1 404 Not Found"
2025-11-16 18:41:28,175 - INFO - HTTP Request: POST http://localhost:11434/chat/completions "HTTP/1.1 404 Not Found"
2025-11-16 18:41:28,176 - WARNING - RetryError[<Future at 0x7a63481dfeb0 state=finished raised NotFoundError>]
2025-11-16 18:41:28,183 - INFO - HTTP Request: POST http://localhost:11434/chat/completions "HTTP/1.1 404 Not Found"
2025-11-16 18:41:28,201 - INFO - HTTP Request: POST http://localhost:11434/chat/completions "HTTP/1.1 404 Not Found"
2025-11-16 18:41:28,202 - WARNING - RetryError[<Future at 0x7a6348137850 state=finished raised NotFoundError>]
2025-11-16 18:41:28,207 - INFO - HTTP Request: POST http://localhost:11434/chat/completions "HTTP/1.1 404 Not Found"
2025-11-16 18:41:28,215 - INFO - HTTP Request: POST http://localhost:11434/chat/completions "HTTP/1.1 404 Not Found"
2025-11-16 18:41:28,216 - WARNING - RetryError[<Future at 0x7a6340746980 state=finished raised NotFoundError>]
2025-11-16 18:41:28,224 - INFO - HTTP Request: POST http://localhost:11434/chat/completions "HTTP/1.1 404 Not Found"
2025-11-16 18:41:28,331 - INFO - HTTP Request: POST http://localhost:11434/chat/completions "HTTP/1.1 404 Not Found"
2025-11-16 18:41:28,332 - WARNING - RetryError[<Future at 0x7a63407a4670 state=finished raised NotFoundError>]
2025-11-16 18:41:28,336 - INFO - HTTP Request: POST http://localhost:11434/chat/completions "HTTP/1.1 404 Not Found"
2025-11-16 18:41:28,365 - INFO - HTTP Request: POST http://localhost:11434/chat/completions "HTTP/1.1 404 Not Found"
2025-11-16 18:41:28,366 - WARNING - RetryError[<Future at 0x7a63481df610 state=finished raised NotFoundError>]
2025-11-16 18:41:28,371 - INFO - HTTP Request: POST http://localhost:11434/chat/completions "HTTP/1.1 404 Not Found"
2025-11-16 18:41:28,466 - INFO - HTTP Request: POST http://localhost:11434/chat/completions "HTTP/1.1 404 Not Found"
2025-11-16 18:41:28,468 - WARNING - RetryError[<Future at 0x7a63407a5a50 state=finished raised NotFoundError>]
2025-11-16 18:41:28,479 - INFO - HTTP Request: POST http://localhost:11434/chat/completions "HTTP/1.1 404 Not Found"
2025-11-16 18:41:28,503 - INFO - HTTP Request: POST http://localhost:11434/chat/completions "HTTP/1.1 404 Not Found"
2025-11-16 18:41:28,504 - WARNING - RetryError[<Future at 0x7a63407ae1a0 state=finished raised NotFoundError>]
2025-11-16 18:41:28,515 - INFO - HTTP Request: POST http://localhost:11434/chat/completions "HTTP/1.1 404 Not Found"
2025-11-16 18:41:28,532 - INFO - HTTP Request: POST http://localhost:11434/chat/completions "HTTP/1.1 404 Not Found"
2025-11-16 18:41:28,534 - WARNING - RetryError[<Future at 0x7a6340745690 state=finished raised NotFoundError>]
2025-11-16 18:41:28,547 - INFO - HTTP Request: POST http://localhost:11434/chat/completions "HTTP/1.1 404 Not Found"
2025-11-16 18:41:28,555 - INFO - HTTP Request: POST http://localhost:11434/chat/completions "HTTP/1.1 404 Not Found"
2025-11-16 18:41:28,556 - WARNING - RetryError[<Future at 0x7a63407afa90 state=finished raised NotFoundError>]
2025-11-16 18:41:28,564 - INFO - HTTP Request: POST http://localhost:11434/chat/completions "HTTP/1.1 404 Not Found"
2025-11-16 18:41:28,600 - INFO - HTTP Request: POST http://localhost:11434/chat/completions "HTTP/1.1 404 Not Found"
2025-11-16 18:41:28,601 - WARNING - RetryError[<Future at 0x7a63407ad750 state=finished raised NotFoundError>]
2025-11-16 18:41:28,616 - INFO - HTTP Request: POST http://localhost:11434/chat/completions "HTTP/1.1 404 Not Found"
2025-11-16 18:41:28,640 - INFO - HTTP Request: POST http://localhost:11434/chat/completions "HTTP/1.1 404 Not Found"
2025-11-16 18:41:28,641 - WARNING - RetryError[<Future at 0x7a63407ad240 state=finished raised NotFoundError>]
2025-11-16 18:41:28,647 - INFO - HTTP Request: POST http://localhost:11434/chat/completions "HTTP/1.1 404 Not Found"
2025-11-16 18:41:28,928 - INFO - HTTP Request: POST http://localhost:11434/chat/completions "HTTP/1.1 404 Not Found"
2025-11-16 18:41:28,929 - WARNING - RetryError[<Future at 0x7a63407bb460 state=finished raised NotFoundError>]
2025-11-16 18:41:28,935 - INFO - HTTP Request: POST http://localhost:11434/chat/completions "HTTP/1.1 404 Not Found"
2025-11-16 18:41:29,012 - INFO - HTTP Request: POST http://localhost:11434/chat/completions "HTTP/1.1 404 Not Found"
2025-11-16 18:41:29,013 - WARNING - RetryError[<Future at 0x7a63407ba9e0 state=finished raised NotFoundError>]
2025-11-16 18:41:29,020 - INFO - HTTP Request: POST http://localhost:11434/chat/completions "HTTP/1.1 404 Not Found"
2025-11-16 18:41:29,071 - INFO - HTTP Request: POST http://localhost:11434/chat/completions "HTTP/1.1 404 Not Found"
2025-11-16 18:41:29,072 - WARNING - RetryError[<Future at 0x7a63407adb10 state=finished raised NotFoundError>]
2025-11-16 18:41:29,077 - INFO - HTTP Request: POST http://localhost:11434/chat/completions "HTTP/1.1 404 Not Found"
2025-11-16 18:41:29,088 - INFO - HTTP Request: POST http://localhost:11434/chat/completions "HTTP/1.1 404 Not Found"
2025-11-16 18:41:29,089 - WARNING - RetryError[<Future at 0x7a63407cbb20 state=finished raised NotFoundError>]
2025-11-16 18:41:29,096 - INFO - HTTP Request: POST http://localhost:11434/chat/completions "HTTP/1.1 404 Not Found"
2025-11-16 18:41:29,119 - INFO - HTTP Request: POST http://localhost:11434/chat/completions "HTTP/1.1 404 Not Found"
2025-11-16 18:41:29,120 - WARNING - RetryError[<Future at 0x7a63407c9180 state=finished raised NotFoundError>]
2025-11-16 18:41:29,127 - INFO - HTTP Request: POST http://localhost:11434/chat/completions "HTTP/1.1 404 Not Found"
2025-11-16 18:41:29,188 - INFO - HTTP Request: POST http://localhost:11434/chat/completions "HTTP/1.1 404 Not Found"
2025-11-16 18:41:29,189 - WARNING - RetryError[<Future at 0x7a63407bab30 state=finished raised NotFoundError>]
2025-11-16 18:41:29,198 - INFO - HTTP Request: POST http://localhost:11434/chat/completions "HTTP/1.1 404 Not Found"
2025-11-16 18:41:29,213 - INFO - HTTP Request: POST http://localhost:11434/chat/completions "HTTP/1.1 404 Not Found"
2025-11-16 18:41:29,215 - WARNING - RetryError[<Future at 0x7a63407bb2b0 state=finished raised NotFoundError>]
2025-11-16 18:41:29,221 - INFO - HTTP Request: POST http://localhost:11434/chat/completions "HTTP/1.1 404 Not Found"
2025-11-16 18:41:29,229 - INFO - HTTP Request: POST http://localhost:11434/chat/completions "HTTP/1.1 404 Not Found"
2025-11-16 18:41:29,230 - WARNING - RetryError[<Future at 0x7a63407cb550 state=finished raised NotFoundError>]
2025-11-16 18:41:29,235 - INFO - HTTP Request: POST http://localhost:11434/chat/completions "HTTP/1.1 404 Not Found"
2025-11-16 18:41:29,343 - INFO - HTTP Request: POST http://localhost:11434/chat/completions "HTTP/1.1 404 Not Found"
2025-11-16 18:41:29,343 - WARNING - RetryError[<Future at 0x7a63407dfd90 state=finished raised NotFoundError>]
2025-11-16 18:41:29,353 - INFO - HTTP Request: POST http://localhost:11434/chat/completions "HTTP/1.1 404 Not Found"
2025-11-16 18:41:29,375 - INFO - HTTP Request: POST http://localhost:11434/chat/completions "HTTP/1.1 404 Not Found"
2025-11-16 18:41:29,376 - WARNING - RetryError[<Future at 0x7a63407dc9d0 state=finished raised NotFoundError>]
2025-11-16 18:41:29,379 - INFO - HTTP Request: POST http://localhost:11434/chat/completions "HTTP/1.1 404 Not Found"
2025-11-16 18:41:29,484 - INFO - HTTP Request: POST http://localhost:11434/chat/completions "HTTP/1.1 404 Not Found"
2025-11-16 18:41:29,485 - WARNING - RetryError[<Future at 0x7a63407df850 state=finished raised NotFoundError>]
2025-11-16 18:41:29,493 - INFO - HTTP Request: POST http://localhost:11434/chat/completions "HTTP/1.1 404 Not Found"
2025-11-16 18:41:29,524 - INFO - HTTP Request: POST http://localhost:11434/chat/completions "HTTP/1.1 404 Not Found"
2025-11-16 18:41:29,525 - WARNING - RetryError[<Future at 0x7a63407c9750 state=finished raised NotFoundError>]
2025-11-16 18:41:29,534 - INFO - HTTP Request: POST http://localhost:11434/chat/completions "HTTP/1.1 404 Not Found"
2025-11-16 18:41:29,552 - INFO - HTTP Request: POST http://localhost:11434/chat/completions "HTTP/1.1 404 Not Found"
2025-11-16 18:41:29,553 - WARNING - RetryError[<Future at 0x7a634072c580 state=finished raised NotFoundError>]
2025-11-16 18:41:29,559 - INFO - HTTP Request: POST http://localhost:11434/chat/completions "HTTP/1.1 404 Not Found"
2025-11-16 18:41:29,569 - INFO - HTTP Request: POST http://localhost:11434/chat/completions "HTTP/1.1 404 Not Found"
2025-11-16 18:41:29,570 - WARNING - RetryError[<Future at 0x7a63407dfee0 state=finished raised NotFoundError>]
2025-11-16 18:41:29,577 - INFO - HTTP Request: POST http://localhost:11434/chat/completions "HTTP/1.1 404 Not Found"
2025-11-16 18:41:29,624 - INFO - HTTP Request: POST http://localhost:11434/chat/completions "HTTP/1.1 404 Not Found"
2025-11-16 18:41:29,626 - WARNING - RetryError[<Future at 0x7a63407bbb80 state=finished raised NotFoundError>]
2025-11-16 18:41:29,634 - INFO - HTTP Request: POST http://localhost:11434/chat/completions "HTTP/1.1 404 Not Found"
2025-11-16 18:41:29,652 - INFO - HTTP Request: POST http://localhost:11434/chat/completions "HTTP/1.1 404 Not Found"
2025-11-16 18:41:29,653 - WARNING - RetryError[<Future at 0x7a63407ba050 state=finished raised NotFoundError>]
2025-11-16 18:41:29,659 - INFO - HTTP Request: POST http://localhost:11434/chat/completions "HTTP/1.1 404 Not Found"
2025-11-16 18:41:29,943 - INFO - HTTP Request: POST http://localhost:11434/chat/completions "HTTP/1.1 404 Not Found"
2025-11-16 18:41:29,944 - WARNING - RetryError[<Future at 0x7a63407bbf10 state=finished raised NotFoundError>]
2025-11-16 18:41:29,952 - INFO - HTTP Request: POST http://localhost:11434/chat/completions "HTTP/1.1 404 Not Found"
2025-11-16 18:41:30,025 - INFO - HTTP Request: POST http://localhost:11434/chat/completions "HTTP/1.1 404 Not Found"
2025-11-16 18:41:30,025 - WARNING - RetryError[<Future at 0x7a634070f700 state=finished raised NotFoundError>]
2025-11-16 18:41:30,034 - INFO - HTTP Request: POST http://localhost:11434/chat/completions "HTTP/1.1 404 Not Found"
2025-11-16 18:41:30,086 - INFO - HTTP Request: POST http://localhost:11434/chat/completions "HTTP/1.1 404 Not Found"
2025-11-16 18:41:30,088 - WARNING - RetryError[<Future at 0x7a63407ac7f0 state=finished raised NotFoundError>]
2025-11-16 18:41:30,102 - INFO - HTTP Request: POST http://localhost:11434/chat/completions "HTTP/1.1 404 Not Found"
2025-11-16 18:41:30,104 - INFO - HTTP Request: POST http://localhost:11434/chat/completions "HTTP/1.1 404 Not Found"
2025-11-16 18:41:30,105 - WARNING - RetryError[<Future at 0x7a63407c8c70 state=finished raised NotFoundError>]
2025-11-16 18:41:30,110 - INFO - HTTP Request: POST http://localhost:11434/chat/completions "HTTP/1.1 404 Not Found"
2025-11-16 18:41:30,132 - INFO - HTTP Request: POST http://localhost:11434/chat/completions "HTTP/1.1 404 Not Found"
2025-11-16 18:41:30,133 - WARNING - RetryError[<Future at 0x7a63407bb8e0 state=finished raised NotFoundError>]
2025-11-16 18:41:30,142 - INFO - HTTP Request: POST http://localhost:11434/chat/completions "HTTP/1.1 404 Not Found"
2025-11-16 18:41:30,206 - INFO - HTTP Request: POST http://localhost:11434/chat/completions "HTTP/1.1 404 Not Found"
2025-11-16 18:41:30,208 - WARNING - RetryError[<Future at 0x7a6340745660 state=finished raised NotFoundError>]
2025-11-16 18:41:30,218 - INFO - HTTP Request: POST http://localhost:11434/chat/completions "HTTP/1.1 404 Not Found"
2025-11-16 18:41:30,226 - INFO - HTTP Request: POST http://localhost:11434/chat/completions "HTTP/1.1 404 Not Found"
2025-11-16 18:41:30,228 - WARNING - RetryError[<Future at 0x7a636b313e80 state=finished raised NotFoundError>]
2025-11-16 18:41:30,233 - INFO - HTTP Request: POST http://localhost:11434/chat/completions "HTTP/1.1 404 Not Found"
2025-11-16 18:41:30,242 - INFO - HTTP Request: POST http://localhost:11434/chat/completions "HTTP/1.1 404 Not Found"
2025-11-16 18:41:30,243 - WARNING - RetryError[<Future at 0x7a63407aeaa0 state=finished raised NotFoundError>]
2025-11-16 18:41:30,250 - INFO - HTTP Request: POST http://localhost:11434/chat/completions "HTTP/1.1 404 Not Found"
2025-11-16 18:41:30,360 - INFO - HTTP Request: POST http://localhost:11434/chat/completions "HTTP/1.1 404 Not Found"
2025-11-16 18:41:30,361 - WARNING - RetryError[<Future at 0x7a63407a4130 state=finished raised NotFoundError>]
2025-11-16 18:41:30,369 - INFO - HTTP Request: POST http://localhost:11434/chat/completions "HTTP/1.1 404 Not Found"
2025-11-16 18:41:30,384 - INFO - HTTP Request: POST http://localhost:11434/chat/completions "HTTP/1.1 404 Not Found"
2025-11-16 18:41:30,385 - WARNING - RetryError[<Future at 0x7a63407aeec0 state=finished raised NotFoundError>]
2025-11-16 18:41:30,391 - INFO - HTTP Request: POST http://localhost:11434/chat/completions "HTTP/1.1 404 Not Found"
2025-11-16 18:41:30,500 - INFO - HTTP Request: POST http://localhost:11434/chat/completions "HTTP/1.1 404 Not Found"
2025-11-16 18:41:30,501 - WARNING - RetryError[<Future at 0x7a6348134f70 state=finished raised NotFoundError>]
2025-11-16 18:41:30,507 - INFO - HTTP Request: POST http://localhost:11434/chat/completions "HTTP/1.1 404 Not Found"
2025-11-16 18:41:30,543 - INFO - HTTP Request: POST http://localhost:11434/chat/completions "HTTP/1.1 404 Not Found"
2025-11-16 18:41:30,544 - WARNING - RetryError[<Future at 0x7a63407ee620 state=finished raised NotFoundError>]
2025-11-16 18:41:30,554 - INFO - HTTP Request: POST http://localhost:11434/chat/completions "HTTP/1.1 404 Not Found"
2025-11-16 18:41:30,569 - INFO - HTTP Request: POST http://localhost:11434/chat/completions "HTTP/1.1 404 Not Found"
2025-11-16 18:41:30,571 - WARNING - RetryError[<Future at 0x7a63407641c0 state=finished raised NotFoundError>]
2025-11-16 18:41:30,593 - INFO - HTTP Request: POST http://localhost:11434/chat/completions "HTTP/1.1 404 Not Found"
2025-11-16 18:41:30,594 - WARNING - RetryError[<Future at 0x7a63407a4220 state=finished raised NotFoundError>]
2025-11-16 18:41:30,595 - INFO - HTTP Request: POST http://localhost:11434/chat/completions "HTTP/1.1 404 Not Found"
2025-11-16 18:41:30,615 - INFO - HTTP Request: POST http://localhost:11434/chat/completions "HTTP/1.1 404 Not Found"
2025-11-16 18:41:30,655 - INFO - HTTP Request: POST http://localhost:11434/chat/completions "HTTP/1.1 404 Not Found"
2025-11-16 18:41:30,656 - WARNING - RetryError[<Future at 0x7a63407f1fc0 state=finished raised NotFoundError>]
2025-11-16 18:41:30,682 - INFO - HTTP Request: POST http://localhost:11434/chat/completions "HTTP/1.1 404 Not Found"
2025-11-16 18:41:30,686 - INFO - HTTP Request: POST http://localhost:11434/chat/completions "HTTP/1.1 404 Not Found"
2025-11-16 18:41:30,689 - WARNING - RetryError[<Future at 0x7a63407efaf0 state=finished raised NotFoundError>]
2025-11-16 18:41:30,704 - INFO - HTTP Request: POST http://localhost:11434/chat/completions "HTTP/1.1 404 Not Found"
2025-11-16 18:41:30,961 - INFO - HTTP Request: POST http://localhost:11434/chat/completions "HTTP/1.1 404 Not Found"
2025-11-16 18:41:30,963 - WARNING - RetryError[<Future at 0x7a63407f36d0 state=finished raised NotFoundError>]
2025-11-16 18:41:30,974 - INFO - HTTP Request: POST http://localhost:11434/chat/completions "HTTP/1.1 404 Not Found"
2025-11-16 18:41:31,053 - INFO - HTTP Request: POST http://localhost:11434/chat/completions "HTTP/1.1 404 Not Found"
2025-11-16 18:41:31,055 - WARNING - RetryError[<Future at 0x7a63407f17e0 state=finished raised NotFoundError>]
2025-11-16 18:41:31,068 - INFO - HTTP Request: POST http://localhost:11434/chat/completions "HTTP/1.1 404 Not Found"
2025-11-16 18:41:31,111 - INFO - HTTP Request: POST http://localhost:11434/chat/completions "HTTP/1.1 404 Not Found"
2025-11-16 18:41:31,118 - WARNING - RetryError[<Future at 0x7a63407f0c10 state=finished raised NotFoundError>]
2025-11-16 18:41:31,123 - INFO - HTTP Request: POST http://localhost:11434/chat/completions "HTTP/1.1 404 Not Found"
2025-11-16 18:41:31,131 - WARNING - RetryError[<Future at 0x7a63407a4280 state=finished raised NotFoundError>]
2025-11-16 18:41:31,133 - INFO - HTTP Request: POST http://localhost:11434/chat/completions "HTTP/1.1 404 Not Found"
2025-11-16 18:41:31,144 - INFO - HTTP Request: POST http://localhost:11434/chat/completions "HTTP/1.1 404 Not Found"
2025-11-16 18:41:31,152 - INFO - HTTP Request: POST http://localhost:11434/chat/completions "HTTP/1.1 404 Not Found"
2025-11-16 18:41:31,154 - WARNING - RetryError[<Future at 0x7a6340607610 state=finished raised NotFoundError>]
2025-11-16 18:41:31,162 - INFO - HTTP Request: POST http://localhost:11434/chat/completions "HTTP/1.1 404 Not Found"
2025-11-16 18:41:31,223 - INFO - HTTP Request: POST http://localhost:11434/chat/completions "HTTP/1.1 404 Not Found"
2025-11-16 18:41:31,224 - WARNING - RetryError[<Future at 0x7a63407f1db0 state=finished raised NotFoundError>]
2025-11-16 18:41:31,231 - INFO - HTTP Request: POST http://localhost:11434/chat/completions "HTTP/1.1 404 Not Found"
2025-11-16 18:41:31,240 - INFO - HTTP Request: POST http://localhost:11434/chat/completions "HTTP/1.1 404 Not Found"
2025-11-16 18:41:31,241 - WARNING - RetryError[<Future at 0x7a634061b940 state=finished raised NotFoundError>]
2025-11-16 18:41:31,247 - INFO - HTTP Request: POST http://localhost:11434/chat/completions "HTTP/1.1 404 Not Found"
2025-11-16 18:41:31,256 - INFO - HTTP Request: POST http://localhost:11434/chat/completions "HTTP/1.1 404 Not Found"
2025-11-16 18:41:31,257 - WARNING - RetryError[<Future at 0x7a63406190c0 state=finished raised NotFoundError>]
2025-11-16 18:41:31,262 - INFO - HTTP Request: POST http://localhost:11434/chat/completions "HTTP/1.1 404 Not Found"
2025-11-16 18:41:31,374 - INFO - HTTP Request: POST http://localhost:11434/chat/completions "HTTP/1.1 404 Not Found"
2025-11-16 18:41:31,375 - WARNING - RetryError[<Future at 0x7a63406078e0 state=finished raised NotFoundError>]
2025-11-16 18:41:31,383 - INFO - HTTP Request: POST http://localhost:11434/chat/completions "HTTP/1.1 404 Not Found"
2025-11-16 18:41:31,397 - INFO - HTTP Request: POST http://localhost:11434/chat/completions "HTTP/1.1 404 Not Found"
2025-11-16 18:41:31,398 - WARNING - RetryError[<Future at 0x7a6340607880 state=finished raised NotFoundError>]
2025-11-16 18:41:31,406 - INFO - HTTP Request: POST http://localhost:11434/chat/completions "HTTP/1.1 404 Not Found"
2025-11-16 18:41:31,514 - INFO - HTTP Request: POST http://localhost:11434/chat/completions "HTTP/1.1 404 Not Found"
2025-11-16 18:41:31,519 - WARNING - RetryError[<Future at 0x7a634062f6d0 state=finished raised NotFoundError>]
2025-11-16 18:41:31,528 - INFO - HTTP Request: POST http://localhost:11434/chat/completions "HTTP/1.1 404 Not Found"
2025-11-16 18:41:31,564 - INFO - HTTP Request: POST http://localhost:11434/chat/completions "HTTP/1.1 404 Not Found"
2025-11-16 18:41:31,570 - WARNING - RetryError[<Future at 0x7a634063d960 state=finished raised NotFoundError>]
2025-11-16 18:41:31,586 - INFO - HTTP Request: POST http://localhost:11434/chat/completions "HTTP/1.1 404 Not Found"
2025-11-16 18:41:31,615 - INFO - HTTP Request: POST http://localhost:11434/chat/completions "HTTP/1.1 404 Not Found"
2025-11-16 18:41:31,625 - WARNING - RetryError[<Future at 0x7a634062ffa0 state=finished raised NotFoundError>]
2025-11-16 18:41:31,635 - INFO - HTTP Request: POST http://localhost:11434/chat/completions "HTTP/1.1 404 Not Found"
2025-11-16 18:41:31,648 - WARNING - RetryError[<Future at 0x7a634062d7b0 state=finished raised NotFoundError>]
2025-11-16 18:41:31,656 - INFO - HTTP Request: POST http://localhost:11434/chat/completions "HTTP/1.1 404 Not Found"
2025-11-16 18:41:31,660 - INFO - HTTP Request: POST http://localhost:11434/chat/completions "HTTP/1.1 404 Not Found"
2025-11-16 18:41:31,691 - INFO - HTTP Request: POST http://localhost:11434/chat/completions "HTTP/1.1 404 Not Found"
2025-11-16 18:41:31,692 - WARNING - RetryError[<Future at 0x7a634061bca0 state=finished raised NotFoundError>]
2025-11-16 18:41:31,700 - INFO - HTTP Request: POST http://localhost:11434/chat/completions "HTTP/1.1 404 Not Found"
2025-11-16 18:41:31,711 - INFO - HTTP Request: POST http://localhost:11434/chat/completions "HTTP/1.1 404 Not Found"
2025-11-16 18:41:31,711 - WARNING - RetryError[<Future at 0x7a634061a170 state=finished raised NotFoundError>]
2025-11-16 18:41:31,717 - INFO - HTTP Request: POST http://localhost:11434/chat/completions "HTTP/1.1 404 Not Found"
2025-11-16 18:41:31,983 - INFO - HTTP Request: POST http://localhost:11434/chat/completions "HTTP/1.1 404 Not Found"
2025-11-16 18:41:31,985 - WARNING - RetryError[<Future at 0x7a634062c6d0 state=finished raised NotFoundError>]
2025-11-16 18:41:31,996 - INFO - HTTP Request: POST http://localhost:11434/chat/completions "HTTP/1.1 404 Not Found"
2025-11-16 18:41:32,076 - INFO - HTTP Request: POST http://localhost:11434/chat/completions "HTTP/1.1 404 Not Found"
2025-11-16 18:41:32,077 - WARNING - RetryError[<Future at 0x7a6340606e60 state=finished raised NotFoundError>]
2025-11-16 18:41:32,088 - INFO - HTTP Request: POST http://localhost:11434/chat/completions "HTTP/1.1 404 Not Found"
2025-11-16 18:41:32,142 - INFO - HTTP Request: POST http://localhost:11434/chat/completions "HTTP/1.1 404 Not Found"
2025-11-16 18:41:32,143 - WARNING - RetryError[<Future at 0x7a6340604d60 state=finished raised NotFoundError>]
2025-11-16 18:41:32,158 - INFO - HTTP Request: POST http://localhost:11434/chat/completions "HTTP/1.1 404 Not Found"
2025-11-16 18:41:32,159 - WARNING - RetryError[<Future at 0x7a634061b130 state=finished raised NotFoundError>]
2025-11-16 18:41:32,159 - INFO - HTTP Request: POST http://localhost:11434/chat/completions "HTTP/1.1 404 Not Found"
2025-11-16 18:41:32,174 - INFO - HTTP Request: POST http://localhost:11434/chat/completions "HTTP/1.1 404 Not Found"
2025-11-16 18:41:32,174 - INFO - HTTP Request: POST http://localhost:11434/chat/completions "HTTP/1.1 404 Not Found"
2025-11-16 18:41:32,177 - WARNING - RetryError[<Future at 0x7a6340618be0 state=finished raised NotFoundError>]
2025-11-16 18:41:32,188 - INFO - HTTP Request: POST http://localhost:11434/chat/completions "HTTP/1.1 404 Not Found"
2025-11-16 18:41:32,241 - INFO - HTTP Request: POST http://localhost:11434/chat/completions "HTTP/1.1 404 Not Found"
2025-11-16 18:41:32,243 - WARNING - RetryError[<Future at 0x7a634071cd00 state=finished raised NotFoundError>]
2025-11-16 18:41:32,258 - INFO - HTTP Request: POST http://localhost:11434/chat/completions "HTTP/1.1 404 Not Found"
2025-11-16 18:41:32,259 - INFO - HTTP Request: POST http://localhost:11434/chat/completions "HTTP/1.1 404 Not Found"
2025-11-16 18:41:32,261 - WARNING - RetryError[<Future at 0x7a634062c0a0 state=finished raised NotFoundError>]
2025-11-16 18:41:32,272 - INFO - HTTP Request: POST http://localhost:11434/chat/completions "HTTP/1.1 404 Not Found"
2025-11-16 18:41:32,275 - WARNING - RetryError[<Future at 0x7a63407bb3a0 state=finished raised NotFoundError>]
2025-11-16 18:41:32,285 - INFO - HTTP Request: POST http://localhost:11434/chat/completions "HTTP/1.1 404 Not Found"
2025-11-16 18:41:32,336 - INFO - HTTP Request: POST http://localhost:11434/chat/completions "HTTP/1.1 404 Not Found"
2025-11-16 18:41:32,391 - INFO - HTTP Request: POST http://localhost:11434/chat/completions "HTTP/1.1 404 Not Found"
2025-11-16 18:41:32,393 - WARNING - RetryError[<Future at 0x7a63407ed690 state=finished raised NotFoundError>]
2025-11-16 18:41:32,405 - INFO - HTTP Request: POST http://localhost:11434/chat/completions "HTTP/1.1 404 Not Found"
2025-11-16 18:41:32,414 - INFO - HTTP Request: POST http://localhost:11434/chat/completions "HTTP/1.1 404 Not Found"
2025-11-16 18:41:32,415 - WARNING - RetryError[<Future at 0x7a63407ed540 state=finished raised NotFoundError>]
2025-11-16 18:41:32,426 - INFO - HTTP Request: POST http://localhost:11434/chat/completions "HTTP/1.1 404 Not Found"
2025-11-16 18:41:32,537 - INFO - HTTP Request: POST http://localhost:11434/chat/completions "HTTP/1.1 404 Not Found"
2025-11-16 18:41:32,538 - WARNING - RetryError[<Future at 0x7a63407f2650 state=finished raised NotFoundError>]
2025-11-16 18:41:32,547 - INFO - HTTP Request: POST http://localhost:11434/chat/completions "HTTP/1.1 404 Not Found"
2025-11-16 18:41:32,591 - INFO - HTTP Request: POST http://localhost:11434/chat/completions "HTTP/1.1 404 Not Found"
2025-11-16 18:41:32,592 - WARNING - RetryError[<Future at 0x7a63407a7730 state=finished raised NotFoundError>]
2025-11-16 18:41:32,598 - INFO - HTTP Request: POST http://localhost:11434/chat/completions "HTTP/1.1 404 Not Found"
2025-11-16 18:41:32,665 - INFO - HTTP Request: POST http://localhost:11434/chat/completions "HTTP/1.1 404 Not Found"
2025-11-16 18:41:32,666 - INFO - HTTP Request: POST http://localhost:11434/chat/completions "HTTP/1.1 404 Not Found"
2025-11-16 18:41:32,667 - WARNING - RetryError[<Future at 0x7a63407a6ec0 state=finished raised NotFoundError>]
2025-11-16 18:41:32,667 - WARNING - RetryError[<Future at 0x7a63407ef6a0 state=finished raised NotFoundError>]
2025-11-16 18:41:32,673 - INFO - HTTP Request: POST http://localhost:11434/chat/completions "HTTP/1.1 404 Not Found"
2025-11-16 18:41:32,705 - INFO - HTTP Request: POST http://localhost:11434/chat/completions "HTTP/1.1 404 Not Found"
2025-11-16 18:41:32,706 - WARNING - RetryError[<Future at 0x7a634063c550 state=finished raised NotFoundError>]
2025-11-16 18:41:32,711 - INFO - HTTP Request: POST http://localhost:11434/chat/completions "HTTP/1.1 404 Not Found"
2025-11-16 18:41:32,723 - INFO - HTTP Request: POST http://localhost:11434/chat/completions "HTTP/1.1 404 Not Found"
2025-11-16 18:41:32,724 - WARNING - RetryError[<Future at 0x7a634063f5e0 state=finished raised NotFoundError>]
2025-11-16 18:41:32,730 - INFO - HTTP Request: POST http://localhost:11434/chat/completions "HTTP/1.1 404 Not Found"
2025-11-16 18:41:32,780 - INFO - HTTP Request: POST http://localhost:11434/chat/completions "HTTP/1.1 404 Not Found"
2025-11-16 18:41:33,004 - INFO - HTTP Request: POST http://localhost:11434/chat/completions "HTTP/1.1 404 Not Found"
2025-11-16 18:41:33,006 - WARNING - RetryError[<Future at 0x7a63407a4190 state=finished raised NotFoundError>]
2025-11-16 18:41:33,018 - INFO - HTTP Request: POST http://localhost:11434/chat/completions "HTTP/1.1 404 Not Found"
2025-11-16 18:41:33,099 - INFO - HTTP Request: POST http://localhost:11434/chat/completions "HTTP/1.1 404 Not Found"
2025-11-16 18:41:33,100 - WARNING - RetryError[<Future at 0x7a6340646f80 state=finished raised NotFoundError>]
2025-11-16 18:41:33,111 - INFO - HTTP Request: POST http://localhost:11434/chat/completions "HTTP/1.1 404 Not Found"
2025-11-16 18:41:33,170 - INFO - HTTP Request: POST http://localhost:11434/chat/completions "HTTP/1.1 404 Not Found"
2025-11-16 18:41:33,172 - WARNING - RetryError[<Future at 0x7a63407a7820 state=finished raised NotFoundError>]
2025-11-16 18:41:33,186 - INFO - HTTP Request: POST http://localhost:11434/chat/completions "HTTP/1.1 404 Not Found"
2025-11-16 18:41:33,187 - WARNING - RetryError[<Future at 0x7a634063dab0 state=finished raised NotFoundError>]
2025-11-16 18:41:33,190 - INFO - HTTP Request: POST http://localhost:11434/chat/completions "HTTP/1.1 404 Not Found"
2025-11-16 18:41:33,199 - INFO - HTTP Request: POST http://localhost:11434/chat/completions "HTTP/1.1 404 Not Found"
2025-11-16 18:41:33,201 - WARNING - RetryError[<Future at 0x7a63406442b0 state=finished raised NotFoundError>]
2025-11-16 18:41:33,212 - INFO - HTTP Request: POST http://localhost:11434/chat/completions "HTTP/1.1 404 Not Found"
2025-11-16 18:41:33,221 - INFO - HTTP Request: POST http://localhost:11434/chat/completions "HTTP/1.1 404 Not Found"
2025-11-16 18:41:33,271 - INFO - HTTP Request: POST http://localhost:11434/chat/completions "HTTP/1.1 404 Not Found"
2025-11-16 18:41:33,273 - WARNING - RetryError[<Future at 0x7a634063d450 state=finished raised NotFoundError>]
2025-11-16 18:41:33,279 - INFO - HTTP Request: POST http://localhost:11434/chat/completions "HTTP/1.1 404 Not Found"
2025-11-16 18:41:33,291 - INFO - HTTP Request: POST http://localhost:11434/chat/completions "HTTP/1.1 404 Not Found"
2025-11-16 18:41:33,292 - WARNING - RetryError[<Future at 0x7a634065fee0 state=finished raised NotFoundError>]
2025-11-16 18:41:33,298 - INFO - HTTP Request: POST http://localhost:11434/chat/completions "HTTP/1.1 404 Not Found"
2025-11-16 18:41:33,344 - INFO - HTTP Request: POST http://localhost:11434/chat/completions "HTTP/1.1 404 Not Found"
2025-11-16 18:41:33,345 - WARNING - RetryError[<Future at 0x7a6340644310 state=finished raised NotFoundError>]
2025-11-16 18:41:33,351 - INFO - HTTP Request: POST http://localhost:11434/chat/completions "HTTP/1.1 404 Not Found"
2025-11-16 18:41:33,410 - INFO - HTTP Request: POST http://localhost:11434/chat/completions "HTTP/1.1 404 Not Found"
2025-11-16 18:41:33,410 - WARNING - RetryError[<Future at 0x7a634066a6b0 state=finished raised NotFoundError>]
2025-11-16 18:41:33,415 - INFO - HTTP Request: POST http://localhost:11434/chat/completions "HTTP/1.1 404 Not Found"
2025-11-16 18:41:33,431 - INFO - HTTP Request: POST http://localhost:11434/chat/completions "HTTP/1.1 404 Not Found"
2025-11-16 18:41:33,432 - WARNING - RetryError[<Future at 0x7a634066b8b0 state=finished raised NotFoundError>]
2025-11-16 18:41:33,435 - INFO - HTTP Request: POST http://localhost:11434/chat/completions "HTTP/1.1 404 Not Found"
2025-11-16 18:41:33,557 - INFO - HTTP Request: POST http://localhost:11434/chat/completions "HTTP/1.1 404 Not Found"
2025-11-16 18:41:33,558 - WARNING - RetryError[<Future at 0x7a634066a7a0 state=finished raised NotFoundError>]
2025-11-16 18:41:33,571 - INFO - HTTP Request: POST http://localhost:11434/chat/completions "HTTP/1.1 404 Not Found"
2025-11-16 18:41:33,605 - INFO - HTTP Request: POST http://localhost:11434/chat/completions "HTTP/1.1 404 Not Found"
2025-11-16 18:41:33,606 - WARNING - RetryError[<Future at 0x7a634067a260 state=finished raised NotFoundError>]
2025-11-16 18:41:33,614 - INFO - HTTP Request: POST http://localhost:11434/chat/completions "HTTP/1.1 404 Not Found"
2025-11-16 18:41:33,680 - INFO - HTTP Request: POST http://localhost:11434/chat/completions "HTTP/1.1 404 Not Found"
2025-11-16 18:41:33,682 - WARNING - RetryError[<Future at 0x7a63406689d0 state=finished raised NotFoundError>]
2025-11-16 18:41:33,690 - INFO - HTTP Request: POST http://localhost:11434/chat/completions "HTTP/1.1 404 Not Found"
2025-11-16 18:41:33,718 - INFO - HTTP Request: POST http://localhost:11434/chat/completions "HTTP/1.1 404 Not Found"
2025-11-16 18:41:33,719 - WARNING - RetryError[<Future at 0x7a6340679690 state=finished raised NotFoundError>]
2025-11-16 18:41:33,728 - INFO - HTTP Request: POST http://localhost:11434/chat/completions "HTTP/1.1 404 Not Found"
2025-11-16 18:41:33,737 - INFO - HTTP Request: POST http://localhost:11434/chat/completions "HTTP/1.1 404 Not Found"
2025-11-16 18:41:33,738 - WARNING - RetryError[<Future at 0x7a634068e920 state=finished raised NotFoundError>]
2025-11-16 18:41:33,751 - INFO - HTTP Request: POST http://localhost:11434/chat/completions "HTTP/1.1 404 Not Found"
2025-11-16 18:41:33,785 - INFO - HTTP Request: POST http://localhost:11434/chat/completions "HTTP/1.1 404 Not Found"
2025-11-16 18:41:33,786 - WARNING - RetryError[<Future at 0x7a63407cbb20 state=finished raised NotFoundError>]
2025-11-16 18:41:33,793 - INFO - HTTP Request: POST http://localhost:11434/chat/completions "HTTP/1.1 404 Not Found"
2025-11-16 18:41:34,027 - INFO - HTTP Request: POST http://localhost:11434/chat/completions "HTTP/1.1 404 Not Found"
2025-11-16 18:41:34,029 - WARNING - RetryError[<Future at 0x7a634067ac50 state=finished raised NotFoundError>]
2025-11-16 18:41:34,039 - INFO - HTTP Request: POST http://localhost:11434/chat/completions "HTTP/1.1 404 Not Found"
2025-11-16 18:41:34,116 - INFO - HTTP Request: POST http://localhost:11434/chat/completions "HTTP/1.1 404 Not Found"
2025-11-16 18:41:34,117 - WARNING - RetryError[<Future at 0x7a634066a890 state=finished raised NotFoundError>]
2025-11-16 18:41:34,122 - INFO - HTTP Request: POST http://localhost:11434/chat/completions "HTTP/1.1 404 Not Found"
2025-11-16 18:41:34,198 - INFO - HTTP Request: POST http://localhost:11434/chat/completions "HTTP/1.1 404 Not Found"
2025-11-16 18:41:34,199 - WARNING - RetryError[<Future at 0x7a63407cb3d0 state=finished raised NotFoundError>]
2025-11-16 18:41:34,206 - INFO - HTTP Request: POST http://localhost:11434/chat/completions "HTTP/1.1 404 Not Found"
2025-11-16 18:41:34,218 - INFO - HTTP Request: POST http://localhost:11434/chat/completions "HTTP/1.1 404 Not Found"
2025-11-16 18:41:34,219 - WARNING - RetryError[<Future at 0x7a6340668070 state=finished raised NotFoundError>]
2025-11-16 18:41:34,228 - INFO - HTTP Request: POST http://localhost:11434/chat/completions "HTTP/1.1 404 Not Found"
2025-11-16 18:41:34,229 - INFO - HTTP Request: POST http://localhost:11434/chat/completions "HTTP/1.1 404 Not Found"
2025-11-16 18:41:34,229 - WARNING - RetryError[<Future at 0x7a634065dae0 state=finished raised NotFoundError>]
2025-11-16 18:41:34,235 - INFO - HTTP Request: POST http://localhost:11434/chat/completions "HTTP/1.1 404 Not Found"
2025-11-16 18:41:34,283 - INFO - HTTP Request: POST http://localhost:11434/chat/completions "HTTP/1.1 404 Not Found"
2025-11-16 18:41:34,283 - WARNING - RetryError[<Future at 0x7a634065cdc0 state=finished raised NotFoundError>]
2025-11-16 18:41:34,287 - INFO - HTTP Request: POST http://localhost:11434/chat/completions "HTTP/1.1 404 Not Found"
2025-11-16 18:41:34,302 - INFO - HTTP Request: POST http://localhost:11434/chat/completions "HTTP/1.1 404 Not Found"
2025-11-16 18:41:34,302 - WARNING - RetryError[<Future at 0x7a634066b220 state=finished raised NotFoundError>]
2025-11-16 18:41:34,307 - INFO - HTTP Request: POST http://localhost:11434/chat/completions "HTTP/1.1 404 Not Found"
2025-11-16 18:41:34,360 - INFO - HTTP Request: POST http://localhost:11434/chat/completions "HTTP/1.1 404 Not Found"
2025-11-16 18:41:34,362 - WARNING - RetryError[<Future at 0x7a6340647850 state=finished raised NotFoundError>]
2025-11-16 18:41:34,375 - INFO - HTTP Request: POST http://localhost:11434/chat/completions "HTTP/1.1 404 Not Found"
2025-11-16 18:41:34,422 - INFO - HTTP Request: POST http://localhost:11434/chat/completions "HTTP/1.1 404 Not Found"
2025-11-16 18:41:34,423 - WARNING - RetryError[<Future at 0x7a63406447f0 state=finished raised NotFoundError>]
2025-11-16 18:41:34,432 - INFO - HTTP Request: POST http://localhost:11434/chat/completions "HTTP/1.1 404 Not Found"
2025-11-16 18:41:34,442 - INFO - HTTP Request: POST http://localhost:11434/chat/completions "HTTP/1.1 404 Not Found"
2025-11-16 18:41:34,444 - WARNING - RetryError[<Future at 0x7a63406077f0 state=finished raised NotFoundError>]
2025-11-16 18:41:34,452 - INFO - HTTP Request: POST http://localhost:11434/chat/completions "HTTP/1.1 404 Not Found"
2025-11-16 18:41:34,579 - INFO - HTTP Request: POST http://localhost:11434/chat/completions "HTTP/1.1 404 Not Found"
2025-11-16 18:41:34,581 - WARNING - RetryError[<Future at 0x7a634065da80 state=finished raised NotFoundError>]
2025-11-16 18:41:34,590 - INFO - HTTP Request: POST http://localhost:11434/chat/completions "HTTP/1.1 404 Not Found"
2025-11-16 18:41:34,620 - INFO - HTTP Request: POST http://localhost:11434/chat/completions "HTTP/1.1 404 Not Found"
2025-11-16 18:41:34,623 - WARNING - RetryError[<Future at 0x7a634061a620 state=finished raised NotFoundError>]
2025-11-16 18:41:34,633 - INFO - HTTP Request: POST http://localhost:11434/chat/completions "HTTP/1.1 404 Not Found"
2025-11-16 18:41:34,695 - INFO - HTTP Request: POST http://localhost:11434/chat/completions "HTTP/1.1 404 Not Found"
2025-11-16 18:41:34,696 - WARNING - RetryError[<Future at 0x7a634061b340 state=finished raised NotFoundError>]
2025-11-16 18:41:34,703 - INFO - HTTP Request: POST http://localhost:11434/chat/completions "HTTP/1.1 404 Not Found"
2025-11-16 18:41:34,734 - INFO - HTTP Request: POST http://localhost:11434/chat/completions "HTTP/1.1 404 Not Found"
2025-11-16 18:41:34,734 - WARNING - RetryError[<Future at 0x7a6340647af0 state=finished raised NotFoundError>]
2025-11-16 18:41:34,740 - INFO - HTTP Request: POST http://localhost:11434/chat/completions "HTTP/1.1 404 Not Found"
2025-11-16 18:41:34,758 - INFO - HTTP Request: POST http://localhost:11434/chat/completions "HTTP/1.1 404 Not Found"
2025-11-16 18:41:34,759 - WARNING - RetryError[<Future at 0x7a634063ec80 state=finished raised NotFoundError>]
2025-11-16 18:41:34,767 - INFO - HTTP Request: POST http://localhost:11434/chat/completions "HTTP/1.1 404 Not Found"
2025-11-16 18:41:34,800 - INFO - HTTP Request: POST http://localhost:11434/chat/completions "HTTP/1.1 404 Not Found"
2025-11-16 18:41:34,801 - WARNING - RetryError[<Future at 0x7a6340647130 state=finished raised NotFoundError>]
2025-11-16 18:41:34,808 - INFO - HTTP Request: POST http://localhost:11434/chat/completions "HTTP/1.1 404 Not Found"
2025-11-16 18:41:35,044 - INFO - HTTP Request: POST http://localhost:11434/chat/completions "HTTP/1.1 404 Not Found"
2025-11-16 18:41:35,045 - WARNING - RetryError[<Future at 0x7a634063e320 state=finished raised NotFoundError>]
2025-11-16 18:41:35,049 - INFO - HTTP Request: POST http://localhost:11434/chat/completions "HTTP/1.1 404 Not Found"
2025-11-16 18:41:35,132 - INFO - HTTP Request: POST http://localhost:11434/chat/completions "HTTP/1.1 404 Not Found"
2025-11-16 18:41:35,134 - WARNING - RetryError[<Future at 0x7a634068d030 state=finished raised NotFoundError>]
2025-11-16 18:41:35,151 - INFO - HTTP Request: POST http://localhost:11434/chat/completions "HTTP/1.1 404 Not Found"
2025-11-16 18:41:35,216 - INFO - HTTP Request: POST http://localhost:11434/chat/completions "HTTP/1.1 404 Not Found"
2025-11-16 18:41:35,218 - WARNING - RetryError[<Future at 0x7a6340646920 state=finished raised NotFoundError>]
2025-11-16 18:41:35,239 - INFO - HTTP Request: POST http://localhost:11434/chat/completions "HTTP/1.1 404 Not Found"
2025-11-16 18:41:35,248 - INFO - HTTP Request: POST http://localhost:11434/chat/completions "HTTP/1.1 404 Not Found"
2025-11-16 18:41:35,249 - WARNING - RetryError[<Future at 0x7a63407a4c10 state=finished raised NotFoundError>]
2025-11-16 18:41:35,252 - INFO - HTTP Request: POST http://localhost:11434/chat/completions "HTTP/1.1 404 Not Found"
2025-11-16 18:41:35,252 - WARNING - RetryError[<Future at 0x7a63407a5cc0 state=finished raised NotFoundError>]
2025-11-16 18:41:35,259 - INFO - HTTP Request: POST http://localhost:11434/chat/completions "HTTP/1.1 404 Not Found"
2025-11-16 18:41:35,293 - INFO - HTTP Request: POST http://localhost:11434/chat/completions "HTTP/1.1 404 Not Found"
2025-11-16 18:41:35,293 - WARNING - RetryError[<Future at 0x7a63407a4670 state=finished raised NotFoundError>]
2025-11-16 18:41:35,299 - INFO - HTTP Request: POST http://localhost:11434/chat/completions "HTTP/1.1 404 Not Found"
2025-11-16 18:41:35,313 - INFO - HTTP Request: POST http://localhost:11434/chat/completions "HTTP/1.1 404 Not Found"
2025-11-16 18:41:35,314 - WARNING - RetryError[<Future at 0x7a6340694160 state=finished raised NotFoundError>]
2025-11-16 18:41:35,315 - INFO - HTTP Request: POST http://localhost:11434/chat/completions "HTTP/1.1 404 Not Found"
2025-11-16 18:41:35,322 - INFO - HTTP Request: POST http://localhost:11434/chat/completions "HTTP/1.1 404 Not Found"
2025-11-16 18:41:35,387 - INFO - HTTP Request: POST http://localhost:11434/chat/completions "HTTP/1.1 404 Not Found"
2025-11-16 18:41:35,389 - WARNING - RetryError[<Future at 0x7a63406ad840 state=finished raised NotFoundError>]
2025-11-16 18:41:35,407 - INFO - HTTP Request: POST http://localhost:11434/chat/completions "HTTP/1.1 404 Not Found"
2025-11-16 18:41:35,440 - INFO - HTTP Request: POST http://localhost:11434/chat/completions "HTTP/1.1 404 Not Found"
2025-11-16 18:41:35,441 - WARNING - RetryError[<Future at 0x7a63406963b0 state=finished raised NotFoundError>]
2025-11-16 18:41:35,448 - INFO - HTTP Request: POST http://localhost:11434/chat/completions "HTTP/1.1 404 Not Found"
2025-11-16 18:41:35,460 - INFO - HTTP Request: POST http://localhost:11434/chat/completions "HTTP/1.1 404 Not Found"
2025-11-16 18:41:35,462 - WARNING - RetryError[<Future at 0x7a63406af310 state=finished raised NotFoundError>]
2025-11-16 18:41:35,469 - INFO - HTTP Request: POST http://localhost:11434/chat/completions "HTTP/1.1 404 Not Found"
2025-11-16 18:41:35,597 - INFO - HTTP Request: POST http://localhost:11434/chat/completions "HTTP/1.1 404 Not Found"
2025-11-16 18:41:35,598 - WARNING - RetryError[<Future at 0x7a63406aef20 state=finished raised NotFoundError>]
2025-11-16 18:41:35,604 - INFO - HTTP Request: POST http://localhost:11434/chat/completions "HTTP/1.1 404 Not Found"
2025-11-16 18:41:35,639 - INFO - HTTP Request: POST http://localhost:11434/chat/completions "HTTP/1.1 404 Not Found"
2025-11-16 18:41:35,639 - WARNING - RetryError[<Future at 0x7a6340696a40 state=finished raised NotFoundError>]
2025-11-16 18:41:35,644 - INFO - HTTP Request: POST http://localhost:11434/chat/completions "HTTP/1.1 404 Not Found"
2025-11-16 18:41:35,713 - INFO - HTTP Request: POST http://localhost:11434/chat/completions "HTTP/1.1 404 Not Found"
2025-11-16 18:41:35,715 - WARNING - RetryError[<Future at 0x7a63406c3a00 state=finished raised NotFoundError>]
2025-11-16 18:41:35,728 - INFO - HTTP Request: POST http://localhost:11434/chat/completions "HTTP/1.1 404 Not Found"
2025-11-16 18:41:35,747 - INFO - HTTP Request: POST http://localhost:11434/chat/completions "HTTP/1.1 404 Not Found"
2025-11-16 18:41:35,747 - WARNING - RetryError[<Future at 0x7a6340697010 state=finished raised NotFoundError>]
2025-11-16 18:41:35,752 - INFO - HTTP Request: POST http://localhost:11434/chat/completions "HTTP/1.1 404 Not Found"
2025-11-16 18:41:35,772 - INFO - HTTP Request: POST http://localhost:11434/chat/completions "HTTP/1.1 404 Not Found"
2025-11-16 18:41:35,773 - WARNING - RetryError[<Future at 0x7a63406ce050 state=finished raised NotFoundError>]
2025-11-16 18:41:35,777 - INFO - HTTP Request: POST http://localhost:11434/chat/completions "HTTP/1.1 404 Not Found"
2025-11-16 18:41:35,813 - INFO - HTTP Request: POST http://localhost:11434/chat/completions "HTTP/1.1 404 Not Found"
2025-11-16 18:41:35,814 - WARNING - RetryError[<Future at 0x7a63406c2f50 state=finished raised NotFoundError>]
2025-11-16 18:41:35,818 - INFO - HTTP Request: POST http://localhost:11434/chat/completions "HTTP/1.1 404 Not Found"
2025-11-16 18:41:36,053 - INFO - HTTP Request: POST http://localhost:11434/chat/completions "HTTP/1.1 404 Not Found"
2025-11-16 18:41:36,054 - WARNING - RetryError[<Future at 0x7a63406cd630 state=finished raised NotFoundError>]
2025-11-16 18:41:36,058 - INFO - HTTP Request: POST http://localhost:11434/chat/completions "HTTP/1.1 404 Not Found"
2025-11-16 18:41:36,157 - INFO - HTTP Request: POST http://localhost:11434/chat/completions "HTTP/1.1 404 Not Found"
2025-11-16 18:41:36,157 - WARNING - RetryError[<Future at 0x7a63406de740 state=finished raised NotFoundError>]
2025-11-16 18:41:36,164 - INFO - HTTP Request: POST http://localhost:11434/chat/completions "HTTP/1.1 404 Not Found"
2025-11-16 18:41:36,249 - INFO - HTTP Request: POST http://localhost:11434/chat/completions "HTTP/1.1 404 Not Found"
2025-11-16 18:41:36,249 - WARNING - RetryError[<Future at 0x7a63406cd3f0 state=finished raised NotFoundError>]
2025-11-16 18:41:36,253 - INFO - HTTP Request: POST http://localhost:11434/chat/completions "HTTP/1.1 404 Not Found"
2025-11-16 18:41:36,264 - INFO - HTTP Request: POST http://localhost:11434/chat/completions "HTTP/1.1 404 Not Found"
2025-11-16 18:41:36,265 - WARNING - RetryError[<Future at 0x7a63406ccaf0 state=finished raised NotFoundError>]
2025-11-16 18:41:36,270 - INFO - HTTP Request: POST http://localhost:11434/chat/completions "HTTP/1.1 404 Not Found"
2025-11-16 18:41:36,303 - INFO - HTTP Request: POST http://localhost:11434/chat/completions "HTTP/1.1 404 Not Found"
2025-11-16 18:41:36,303 - WARNING - RetryError[<Future at 0x7a63406c2ec0 state=finished raised NotFoundError>]
2025-11-16 18:41:36,308 - INFO - HTTP Request: POST http://localhost:11434/chat/completions "HTTP/1.1 404 Not Found"
2025-11-16 18:41:36,321 - INFO - HTTP Request: POST http://localhost:11434/chat/completions "HTTP/1.1 404 Not Found"
2025-11-16 18:41:36,322 - WARNING - RetryError[<Future at 0x7a63406cc850 state=finished raised NotFoundError>]
2025-11-16 18:41:36,329 - INFO - HTTP Request: POST http://localhost:11434/chat/completions "HTTP/1.1 404 Not Found"
2025-11-16 18:41:36,330 - INFO - HTTP Request: POST http://localhost:11434/chat/completions "HTTP/1.1 404 Not Found"
2025-11-16 18:41:36,331 - WARNING - RetryError[<Future at 0x7a6340757a30 state=finished raised NotFoundError>]
2025-11-16 18:41:36,335 - INFO - HTTP Request: POST http://localhost:11434/chat/completions "HTTP/1.1 404 Not Found"
2025-11-16 18:41:36,412 - INFO - HTTP Request: POST http://localhost:11434/chat/completions "HTTP/1.1 404 Not Found"
2025-11-16 18:41:36,413 - WARNING - RetryError[<Future at 0x7a63406ae620 state=finished raised NotFoundError>]
2025-11-16 18:41:36,417 - INFO - HTTP Request: POST http://localhost:11434/chat/completions "HTTP/1.1 404 Not Found"
2025-11-16 18:41:36,454 - INFO - HTTP Request: POST http://localhost:11434/chat/completions "HTTP/1.1 404 Not Found"
2025-11-16 18:41:36,455 - WARNING - RetryError[<Future at 0x7a634061a5f0 state=finished raised NotFoundError>]
2025-11-16 18:41:36,462 - INFO - HTTP Request: POST http://localhost:11434/chat/completions "HTTP/1.1 404 Not Found"
2025-11-16 18:41:36,474 - INFO - HTTP Request: POST http://localhost:11434/chat/completions "HTTP/1.1 404 Not Found"
2025-11-16 18:41:36,475 - WARNING - RetryError[<Future at 0x7a63406c0100 state=finished raised NotFoundError>]
2025-11-16 18:41:36,479 - INFO - HTTP Request: POST http://localhost:11434/chat/completions "HTTP/1.1 404 Not Found"
2025-11-16 18:41:36,608 - INFO - HTTP Request: POST http://localhost:11434/chat/completions "HTTP/1.1 404 Not Found"
2025-11-16 18:41:36,609 - WARNING - RetryError[<Future at 0x7a6340695030 state=finished raised NotFoundError>]
2025-11-16 18:41:36,613 - INFO - HTTP Request: POST http://localhost:11434/chat/completions "HTTP/1.1 404 Not Found"
2025-11-16 18:41:36,650 - INFO - HTTP Request: POST http://localhost:11434/chat/completions "HTTP/1.1 404 Not Found"
2025-11-16 18:41:36,650 - WARNING - RetryError[<Future at 0x7a63406971c0 state=finished raised NotFoundError>]
2025-11-16 18:41:36,656 - INFO - HTTP Request: POST http://localhost:11434/chat/completions "HTTP/1.1 404 Not Found"
2025-11-16 18:41:36,740 - INFO - HTTP Request: POST http://localhost:11434/chat/completions "HTTP/1.1 404 Not Found"
2025-11-16 18:41:36,742 - WARNING - RetryError[<Future at 0x7a6340694160 state=finished raised NotFoundError>]
2025-11-16 18:41:36,765 - INFO - HTTP Request: POST http://localhost:11434/chat/completions "HTTP/1.1 404 Not Found"
2025-11-16 18:41:36,766 - INFO - HTTP Request: POST http://localhost:11434/chat/completions "HTTP/1.1 404 Not Found"
2025-11-16 18:41:36,767 - WARNING - RetryError[<Future at 0x7a63406af010 state=finished raised NotFoundError>]
2025-11-16 18:41:36,775 - INFO - HTTP Request: POST http://localhost:11434/chat/completions "HTTP/1.1 404 Not Found"
2025-11-16 18:41:36,781 - INFO - HTTP Request: POST http://localhost:11434/chat/completions "HTTP/1.1 404 Not Found"
2025-11-16 18:41:36,782 - WARNING - RetryError[<Future at 0x7a634068dc90 state=finished raised NotFoundError>]
2025-11-16 18:41:36,786 - INFO - HTTP Request: POST http://localhost:11434/chat/completions "HTTP/1.1 404 Not Found"
2025-11-16 18:41:36,822 - INFO - HTTP Request: POST http://localhost:11434/chat/completions "HTTP/1.1 404 Not Found"
2025-11-16 18:41:36,823 - WARNING - RetryError[<Future at 0x7a634068c280 state=finished raised NotFoundError>]
2025-11-16 18:41:36,827 - INFO - HTTP Request: POST http://localhost:11434/chat/completions "HTTP/1.1 404 Not Found"
2025-11-16 18:41:37,064 - INFO - HTTP Request: POST http://localhost:11434/chat/completions "HTTP/1.1 404 Not Found"
2025-11-16 18:41:37,064 - WARNING - RetryError[<Future at 0x7a63407a4280 state=finished raised NotFoundError>]
2025-11-16 18:41:37,069 - INFO - HTTP Request: POST http://localhost:11434/chat/completions "HTTP/1.1 404 Not Found"
2025-11-16 18:41:37,168 - INFO - HTTP Request: POST http://localhost:11434/chat/completions "HTTP/1.1 404 Not Found"
2025-11-16 18:41:37,169 - WARNING - RetryError[<Future at 0x7a63407bb070 state=finished raised NotFoundError>]
2025-11-16 18:41:37,175 - INFO - HTTP Request: POST http://localhost:11434/chat/completions "HTTP/1.1 404 Not Found"
2025-11-16 18:41:37,260 - INFO - HTTP Request: POST http://localhost:11434/chat/completions "HTTP/1.1 404 Not Found"
2025-11-16 18:41:37,261 - WARNING - RetryError[<Future at 0x7a634067a2f0 state=finished raised NotFoundError>]
2025-11-16 18:41:37,268 - INFO - HTTP Request: POST http://localhost:11434/chat/completions "HTTP/1.1 404 Not Found"
2025-11-16 18:41:37,274 - INFO - HTTP Request: POST http://localhost:11434/chat/completions "HTTP/1.1 404 Not Found"
2025-11-16 18:41:37,275 - WARNING - RetryError[<Future at 0x7a634068f190 state=finished raised NotFoundError>]
2025-11-16 18:41:37,280 - INFO - HTTP Request: POST http://localhost:11434/chat/completions "HTTP/1.1 404 Not Found"
2025-11-16 18:41:37,312 - INFO - HTTP Request: POST http://localhost:11434/chat/completions "HTTP/1.1 404 Not Found"
2025-11-16 18:41:37,313 - WARNING - RetryError[<Future at 0x7a63406de530 state=finished raised NotFoundError>]
2025-11-16 18:41:37,318 - INFO - HTTP Request: POST http://localhost:11434/chat/completions "HTTP/1.1 404 Not Found"
2025-11-16 18:41:37,334 - INFO - HTTP Request: POST http://localhost:11434/chat/completions "HTTP/1.1 404 Not Found"
2025-11-16 18:41:37,335 - WARNING - RetryError[<Future at 0x7a634068f0d0 state=finished raised NotFoundError>]
2025-11-16 18:41:37,341 - INFO - HTTP Request: POST http://localhost:11434/chat/completions "HTTP/1.1 404 Not Found"
2025-11-16 18:41:37,342 - INFO - HTTP Request: POST http://localhost:11434/chat/completions "HTTP/1.1 404 Not Found"
2025-11-16 18:41:37,343 - WARNING - RetryError[<Future at 0x7a634068d2d0 state=finished raised NotFoundError>]
2025-11-16 18:41:37,348 - INFO - HTTP Request: POST http://localhost:11434/chat/completions "HTTP/1.1 404 Not Found"
2025-11-16 18:41:37,421 - INFO - HTTP Request: POST http://localhost:11434/chat/completions "HTTP/1.1 404 Not Found"
2025-11-16 18:41:37,422 - WARNING - RetryError[<Future at 0x7a63406ed300 state=finished raised NotFoundError>]
2025-11-16 18:41:37,427 - INFO - HTTP Request: POST http://localhost:11434/chat/completions "HTTP/1.1 404 Not Found"
2025-11-16 18:41:37,467 - INFO - HTTP Request: POST http://localhost:11434/chat/completions "HTTP/1.1 404 Not Found"
2025-11-16 18:41:37,468 - WARNING - RetryError[<Future at 0x7a634068f310 state=finished raised NotFoundError>]
2025-11-16 18:41:37,472 - INFO - HTTP Request: POST http://localhost:11434/chat/completions "HTTP/1.1 404 Not Found"
2025-11-16 18:41:37,483 - INFO - HTTP Request: POST http://localhost:11434/chat/completions "HTTP/1.1 404 Not Found"
2025-11-16 18:41:37,484 - WARNING - RetryError[<Future at 0x7a63406eebf0 state=finished raised NotFoundError>]
2025-11-16 18:41:37,488 - INFO - HTTP Request: POST http://localhost:11434/chat/completions "HTTP/1.1 404 Not Found"
2025-11-16 18:41:37,617 - INFO - HTTP Request: POST http://localhost:11434/chat/completions "HTTP/1.1 404 Not Found"
2025-11-16 18:41:37,618 - WARNING - RetryError[<Future at 0x7a63406efdf0 state=finished raised NotFoundError>]
2025-11-16 18:41:37,622 - INFO - HTTP Request: POST http://localhost:11434/chat/completions "HTTP/1.1 404 Not Found"
2025-11-16 18:41:37,662 - INFO - HTTP Request: POST http://localhost:11434/chat/completions "HTTP/1.1 404 Not Found"
2025-11-16 18:41:37,662 - WARNING - RetryError[<Future at 0x7a63406ec9a0 state=finished raised NotFoundError>]
2025-11-16 18:41:37,666 - INFO - HTTP Request: POST http://localhost:11434/chat/completions "HTTP/1.1 404 Not Found"
2025-11-16 18:41:37,770 - INFO - HTTP Request: POST http://localhost:11434/chat/completions "HTTP/1.1 404 Not Found"
2025-11-16 18:41:37,771 - WARNING - RetryError[<Future at 0x7a63404fe7a0 state=finished raised NotFoundError>]
2025-11-16 18:41:37,775 - INFO - HTTP Request: POST http://localhost:11434/chat/completions "HTTP/1.1 404 Not Found"
2025-11-16 18:41:37,780 - INFO - HTTP Request: POST http://localhost:11434/chat/completions "HTTP/1.1 404 Not Found"
2025-11-16 18:41:37,780 - WARNING - RetryError[<Future at 0x7a63406df010 state=finished raised NotFoundError>]
2025-11-16 18:41:37,785 - INFO - HTTP Request: POST http://localhost:11434/chat/completions "HTTP/1.1 404 Not Found"
2025-11-16 18:41:37,790 - INFO - HTTP Request: POST http://localhost:11434/chat/completions "HTTP/1.1 404 Not Found"
2025-11-16 18:41:37,790 - WARNING - RetryError[<Future at 0x7a63404fdc00 state=finished raised NotFoundError>]
2025-11-16 18:41:37,795 - INFO - HTTP Request: POST http://localhost:11434/chat/completions "HTTP/1.1 404 Not Found"
2025-11-16 18:41:37,832 - INFO - HTTP Request: POST http://localhost:11434/chat/completions "HTTP/1.1 404 Not Found"
2025-11-16 18:41:37,832 - WARNING - RetryError[<Future at 0x7a634051ae90 state=finished raised NotFoundError>]
2025-11-16 18:41:37,837 - INFO - HTTP Request: POST http://localhost:11434/chat/completions "HTTP/1.1 404 Not Found"
2025-11-16 18:41:38,074 - INFO - HTTP Request: POST http://localhost:11434/chat/completions "HTTP/1.1 404 Not Found"
2025-11-16 18:41:38,075 - WARNING - RetryError[<Future at 0x7a63404fe2f0 state=finished raised NotFoundError>]
2025-11-16 18:41:38,082 - INFO - HTTP Request: POST http://localhost:11434/chat/completions "HTTP/1.1 404 Not Found"
2025-11-16 18:41:38,179 - INFO - HTTP Request: POST http://localhost:11434/chat/completions "HTTP/1.1 404 Not Found"
2025-11-16 18:41:38,179 - WARNING - RetryError[<Future at 0x7a63405186a0 state=finished raised NotFoundError>]
2025-11-16 18:41:38,184 - INFO - HTTP Request: POST http://localhost:11434/chat/completions "HTTP/1.1 404 Not Found"
2025-11-16 18:41:38,272 - INFO - HTTP Request: POST http://localhost:11434/chat/completions "HTTP/1.1 404 Not Found"
2025-11-16 18:41:38,273 - WARNING - RetryError[<Future at 0x7a63404ffdf0 state=finished raised NotFoundError>]
2025-11-16 18:41:38,278 - INFO - HTTP Request: POST http://localhost:11434/chat/completions "HTTP/1.1 404 Not Found"
2025-11-16 18:41:38,285 - INFO - HTTP Request: POST http://localhost:11434/chat/completions "HTTP/1.1 404 Not Found"
2025-11-16 18:41:38,285 - WARNING - RetryError[<Future at 0x7a63406dfdc0 state=finished raised NotFoundError>]
2025-11-16 18:41:38,290 - INFO - HTTP Request: POST http://localhost:11434/chat/completions "HTTP/1.1 404 Not Found"
2025-11-16 18:41:38,322 - INFO - HTTP Request: POST http://localhost:11434/chat/completions "HTTP/1.1 404 Not Found"
2025-11-16 18:41:38,323 - WARNING - RetryError[<Future at 0x7a634052b100 state=finished raised NotFoundError>]
2025-11-16 18:41:38,333 - INFO - HTTP Request: POST http://localhost:11434/chat/completions "HTTP/1.1 404 Not Found"
2025-11-16 18:41:38,346 - INFO - HTTP Request: POST http://localhost:11434/chat/completions "HTTP/1.1 404 Not Found"
2025-11-16 18:41:38,347 - WARNING - RetryError[<Future at 0x7a634052bc40 state=finished raised NotFoundError>]
2025-11-16 18:41:38,352 - INFO - HTTP Request: POST http://localhost:11434/chat/completions "HTTP/1.1 404 Not Found"
2025-11-16 18:41:38,353 - INFO - HTTP Request: POST http://localhost:11434/chat/completions "HTTP/1.1 404 Not Found"
2025-11-16 18:41:38,354 - WARNING - RetryError[<Future at 0x7a6340528df0 state=finished raised NotFoundError>]
2025-11-16 18:41:38,358 - INFO - HTTP Request: POST http://localhost:11434/chat/completions "HTTP/1.1 404 Not Found"
2025-11-16 18:41:38,434 - INFO - HTTP Request: POST http://localhost:11434/chat/completions "HTTP/1.1 404 Not Found"
2025-11-16 18:41:38,434 - WARNING - RetryError[<Future at 0x7a634051a800 state=finished raised NotFoundError>]
2025-11-16 18:41:38,441 - INFO - HTTP Request: POST http://localhost:11434/chat/completions "HTTP/1.1 404 Not Found"
2025-11-16 18:41:38,478 - INFO - HTTP Request: POST http://localhost:11434/chat/completions "HTTP/1.1 404 Not Found"
2025-11-16 18:41:38,479 - WARNING - RetryError[<Future at 0x7a6340519b70 state=finished raised NotFoundError>]
2025-11-16 18:41:38,489 - INFO - HTTP Request: POST http://localhost:11434/chat/completions "HTTP/1.1 404 Not Found"
2025-11-16 18:41:38,495 - INFO - HTTP Request: POST http://localhost:11434/chat/completions "HTTP/1.1 404 Not Found"
2025-11-16 18:41:38,496 - WARNING - RetryError[<Future at 0x7a6340518250 state=finished raised NotFoundError>]
2025-11-16 18:41:38,502 - INFO - HTTP Request: POST http://localhost:11434/chat/completions "HTTP/1.1 404 Not Found"
2025-11-16 18:41:38,628 - INFO - HTTP Request: POST http://localhost:11434/chat/completions "HTTP/1.1 404 Not Found"
2025-11-16 18:41:38,629 - WARNING - RetryError[<Future at 0x7a634052b7f0 state=finished raised NotFoundError>]
2025-11-16 18:41:38,637 - INFO - HTTP Request: POST http://localhost:11434/chat/completions "HTTP/1.1 404 Not Found"
2025-11-16 18:41:38,674 - INFO - HTTP Request: POST http://localhost:11434/chat/completions "HTTP/1.1 404 Not Found"
2025-11-16 18:41:38,675 - WARNING - RetryError[<Future at 0x7a63404fc070 state=finished raised NotFoundError>]
2025-11-16 18:41:38,681 - INFO - HTTP Request: POST http://localhost:11434/chat/completions "HTTP/1.1 404 Not Found"
2025-11-16 18:41:38,780 - INFO - HTTP Request: POST http://localhost:11434/chat/completions "HTTP/1.1 404 Not Found"
2025-11-16 18:41:38,781 - WARNING - RetryError[<Future at 0x7a63404fe5c0 state=finished raised NotFoundError>]
2025-11-16 18:41:38,790 - INFO - HTTP Request: POST http://localhost:11434/chat/completions "HTTP/1.1 404 Not Found"
2025-11-16 18:41:38,791 - INFO - HTTP Request: POST http://localhost:11434/chat/completions "HTTP/1.1 404 Not Found"
2025-11-16 18:41:38,792 - WARNING - RetryError[<Future at 0x7a634051ba30 state=finished raised NotFoundError>]
2025-11-16 18:41:38,797 - INFO - HTTP Request: POST http://localhost:11434/chat/completions "HTTP/1.1 404 Not Found"
2025-11-16 18:41:38,803 - INFO - HTTP Request: POST http://localhost:11434/chat/completions "HTTP/1.1 404 Not Found"
2025-11-16 18:41:38,804 - WARNING - RetryError[<Future at 0x7a63406adf30 state=finished raised NotFoundError>]
2025-11-16 18:41:38,810 - INFO - HTTP Request: POST http://localhost:11434/chat/completions "HTTP/1.1 404 Not Found"
2025-11-16 18:41:38,842 - INFO - HTTP Request: POST http://localhost:11434/chat/completions "HTTP/1.1 404 Not Found"
2025-11-16 18:41:38,842 - WARNING - RetryError[<Future at 0x7a63406ee710 state=finished raised NotFoundError>]
2025-11-16 18:41:38,848 - INFO - HTTP Request: POST http://localhost:11434/chat/completions "HTTP/1.1 404 Not Found"
2025-11-16 18:41:39,086 - INFO - HTTP Request: POST http://localhost:11434/chat/completions "HTTP/1.1 404 Not Found"
2025-11-16 18:41:39,086 - WARNING - RetryError[<Future at 0x7a63404fe9b0 state=finished raised NotFoundError>]
2025-11-16 18:41:39,091 - INFO - HTTP Request: POST http://localhost:11434/chat/completions "HTTP/1.1 404 Not Found"
2025-11-16 18:41:39,188 - INFO - HTTP Request: POST http://localhost:11434/chat/completions "HTTP/1.1 404 Not Found"
2025-11-16 18:41:39,189 - WARNING - RetryError[<Future at 0x7a634066a2c0 state=finished raised NotFoundError>]
2025-11-16 18:41:39,195 - INFO - HTTP Request: POST http://localhost:11434/chat/completions "HTTP/1.1 404 Not Found"
2025-11-16 18:41:39,282 - INFO - HTTP Request: POST http://localhost:11434/chat/completions "HTTP/1.1 404 Not Found"
2025-11-16 18:41:39,283 - WARNING - RetryError[<Future at 0x7a6340644670 state=finished raised NotFoundError>]
2025-11-16 18:41:39,287 - INFO - HTTP Request: POST http://localhost:11434/chat/completions "HTTP/1.1 404 Not Found"
2025-11-16 18:41:39,295 - INFO - HTTP Request: POST http://localhost:11434/chat/completions "HTTP/1.1 404 Not Found"
2025-11-16 18:41:39,296 - WARNING - RetryError[<Future at 0x7a63404fd6f0 state=finished raised NotFoundError>]
2025-11-16 18:41:39,301 - INFO - HTTP Request: POST http://localhost:11434/chat/completions "HTTP/1.1 404 Not Found"
2025-11-16 18:41:39,337 - INFO - HTTP Request: POST http://localhost:11434/chat/completions "HTTP/1.1 404 Not Found"
2025-11-16 18:41:39,339 - WARNING - RetryError[<Future at 0x7a636b2f1840 state=finished raised NotFoundError>]
2025-11-16 18:41:39,345 - INFO - HTTP Request: POST http://localhost:11434/chat/completions "HTTP/1.1 404 Not Found"
2025-11-16 18:41:39,358 - INFO - HTTP Request: POST http://localhost:11434/chat/completions "HTTP/1.1 404 Not Found"
2025-11-16 18:41:39,359 - WARNING - RetryError[<Future at 0x7a634063f2e0 state=finished raised NotFoundError>]
2025-11-16 18:41:39,365 - INFO - HTTP Request: POST http://localhost:11434/chat/completions "HTTP/1.1 404 Not Found"
2025-11-16 18:41:39,366 - WARNING - RetryError[<Future at 0x7a6340678e80 state=finished raised NotFoundError>]
2025-11-16 18:41:39,371 - INFO - HTTP Request: POST http://localhost:11434/chat/completions "HTTP/1.1 404 Not Found"
2025-11-16 18:41:39,422 - INFO - HTTP Request: POST http://localhost:11434/chat/completions "HTTP/1.1 404 Not Found"
2025-11-16 18:41:39,446 - INFO - HTTP Request: POST http://localhost:11434/chat/completions "HTTP/1.1 404 Not Found"
2025-11-16 18:41:39,446 - WARNING - RetryError[<Future at 0x7a63406dded0 state=finished raised NotFoundError>]
2025-11-16 18:41:39,451 - INFO - HTTP Request: POST http://localhost:11434/chat/completions "HTTP/1.1 404 Not Found"
2025-11-16 18:41:39,500 - INFO - HTTP Request: POST http://localhost:11434/chat/completions "HTTP/1.1 404 Not Found"
2025-11-16 18:41:39,501 - WARNING - RetryError[<Future at 0x7a63406972b0 state=finished raised NotFoundError>]
2025-11-16 18:41:39,511 - INFO - HTTP Request: POST http://localhost:11434/chat/completions "HTTP/1.1 404 Not Found"
2025-11-16 18:41:39,512 - INFO - HTTP Request: POST http://localhost:11434/chat/completions "HTTP/1.1 404 Not Found"
2025-11-16 18:41:39,513 - WARNING - RetryError[<Future at 0x7a63406de650 state=finished raised NotFoundError>]
2025-11-16 18:41:39,521 - INFO - HTTP Request: POST http://localhost:11434/chat/completions "HTTP/1.1 404 Not Found"
2025-11-16 18:41:39,641 - INFO - HTTP Request: POST http://localhost:11434/chat/completions "HTTP/1.1 404 Not Found"
2025-11-16 18:41:39,642 - WARNING - RetryError[<Future at 0x7a6340532740 state=finished raised NotFoundError>]
2025-11-16 18:41:39,647 - INFO - HTTP Request: POST http://localhost:11434/chat/completions "HTTP/1.1 404 Not Found"
2025-11-16 18:41:39,687 - INFO - HTTP Request: POST http://localhost:11434/chat/completions "HTTP/1.1 404 Not Found"
2025-11-16 18:41:39,687 - WARNING - RetryError[<Future at 0x7a63405319f0 state=finished raised NotFoundError>]
2025-11-16 18:41:39,695 - INFO - HTTP Request: POST http://localhost:11434/chat/completions "HTTP/1.1 404 Not Found"
2025-11-16 18:41:39,800 - INFO - HTTP Request: POST http://localhost:11434/chat/completions "HTTP/1.1 404 Not Found"
2025-11-16 18:41:39,803 - WARNING - RetryError[<Future at 0x7a63406ddc30 state=finished raised NotFoundError>]
2025-11-16 18:41:39,807 - INFO - HTTP Request: POST http://localhost:11434/chat/completions "HTTP/1.1 404 Not Found"
2025-11-16 18:41:39,808 - WARNING - RetryError[<Future at 0x7a6340541c00 state=finished raised NotFoundError>]
2025-11-16 18:41:39,817 - INFO - HTTP Request: POST http://localhost:11434/chat/completions "HTTP/1.1 404 Not Found"
2025-11-16 18:41:39,818 - INFO - HTTP Request: POST http://localhost:11434/chat/completions "HTTP/1.1 404 Not Found"
2025-11-16 18:41:39,825 - INFO - HTTP Request: POST http://localhost:11434/chat/completions "HTTP/1.1 404 Not Found"
2025-11-16 18:41:39,819 - WARNING - RetryError[<Future at 0x7a63406dc310 state=finished raised NotFoundError>]
2025-11-16 18:41:39,831 - INFO - HTTP Request: POST http://localhost:11434/chat/completions "HTTP/1.1 404 Not Found"
2025-11-16 18:41:39,855 - INFO - HTTP Request: POST http://localhost:11434/chat/completions "HTTP/1.1 404 Not Found"
2025-11-16 18:41:39,856 - WARNING - RetryError[<Future at 0x7a6340559270 state=finished raised NotFoundError>]
2025-11-16 18:41:39,863 - INFO - HTTP Request: POST http://localhost:11434/chat/completions "HTTP/1.1 404 Not Found"
2025-11-16 18:41:40,095 - INFO - HTTP Request: POST http://localhost:11434/chat/completions "HTTP/1.1 404 Not Found"
2025-11-16 18:41:40,095 - WARNING - RetryError[<Future at 0x7a63406de590 state=finished raised NotFoundError>]
2025-11-16 18:41:40,100 - INFO - HTTP Request: POST http://localhost:11434/chat/completions "HTTP/1.1 404 Not Found"
2025-11-16 18:41:40,199 - INFO - HTTP Request: POST http://localhost:11434/chat/completions "HTTP/1.1 404 Not Found"
2025-11-16 18:41:40,200 - WARNING - RetryError[<Future at 0x7a6340540d00 state=finished raised NotFoundError>]
2025-11-16 18:41:40,205 - INFO - HTTP Request: POST http://localhost:11434/chat/completions "HTTP/1.1 404 Not Found"
2025-11-16 18:41:40,291 - INFO - HTTP Request: POST http://localhost:11434/chat/completions "HTTP/1.1 404 Not Found"
2025-11-16 18:41:40,292 - WARNING - RetryError[<Future at 0x7a634055bd90 state=finished raised NotFoundError>]
2025-11-16 18:41:40,298 - INFO - HTTP Request: POST http://localhost:11434/chat/completions "HTTP/1.1 404 Not Found"
2025-11-16 18:41:40,307 - INFO - HTTP Request: POST http://localhost:11434/chat/completions "HTTP/1.1 404 Not Found"
2025-11-16 18:41:40,308 - WARNING - RetryError[<Future at 0x7a634055af20 state=finished raised NotFoundError>]
2025-11-16 18:41:40,317 - INFO - HTTP Request: POST http://localhost:11434/chat/completions "HTTP/1.1 404 Not Found"
2025-11-16 18:41:40,351 - INFO - HTTP Request: POST http://localhost:11434/chat/completions "HTTP/1.1 404 Not Found"
2025-11-16 18:41:40,352 - WARNING - RetryError[<Future at 0x7a6340566530 state=finished raised NotFoundError>]
2025-11-16 18:41:40,359 - INFO - HTTP Request: POST http://localhost:11434/chat/completions "HTTP/1.1 404 Not Found"
2025-11-16 18:41:40,376 - INFO - HTTP Request: POST http://localhost:11434/chat/completions "HTTP/1.1 404 Not Found"
2025-11-16 18:41:40,377 - WARNING - RetryError[<Future at 0x7a6340567730 state=finished raised NotFoundError>]
2025-11-16 18:41:40,382 - INFO - HTTP Request: POST http://localhost:11434/chat/completions "HTTP/1.1 404 Not Found"
2025-11-16 18:41:40,426 - INFO - HTTP Request: POST http://localhost:11434/chat/completions "HTTP/1.1 404 Not Found"
2025-11-16 18:41:40,427 - WARNING - RetryError[<Future at 0x7a6340566560 state=finished raised NotFoundError>]
2025-11-16 18:41:40,432 - INFO - HTTP Request: POST http://localhost:11434/chat/completions "HTTP/1.1 404 Not Found"
2025-11-16 18:41:40,455 - INFO - HTTP Request: POST http://localhost:11434/chat/completions "HTTP/1.1 404 Not Found"
2025-11-16 18:41:40,456 - WARNING - RetryError[<Future at 0x7a63405720e0 state=finished raised NotFoundError>]
2025-11-16 18:41:40,463 - INFO - HTTP Request: POST http://localhost:11434/chat/completions "HTTP/1.1 404 Not Found"
2025-11-16 18:41:40,520 - INFO - HTTP Request: POST http://localhost:11434/chat/completions "HTTP/1.1 404 Not Found"
2025-11-16 18:41:40,522 - WARNING - RetryError[<Future at 0x7a6340564280 state=finished raised NotFoundError>]
2025-11-16 18:41:40,528 - INFO - HTTP Request: POST http://localhost:11434/chat/completions "HTTP/1.1 404 Not Found"
2025-11-16 18:41:40,529 - WARNING - RetryError[<Future at 0x7a63405645b0 state=finished raised NotFoundError>]
2025-11-16 18:41:40,555 - INFO - HTTP Request: POST http://localhost:11434/chat/completions "HTTP/1.1 404 Not Found"
2025-11-16 18:41:40,559 - INFO - HTTP Request: POST http://localhost:11434/chat/completions "HTTP/1.1 404 Not Found"
2025-11-16 18:41:40,652 - INFO - HTTP Request: POST http://localhost:11434/chat/completions "HTTP/1.1 404 Not Found"
2025-11-16 18:41:40,653 - WARNING - RetryError[<Future at 0x7a6340565360 state=finished raised NotFoundError>]
2025-11-16 18:41:40,657 - INFO - HTTP Request: POST http://localhost:11434/chat/completions "HTTP/1.1 404 Not Found"
2025-11-16 18:41:40,700 - INFO - HTTP Request: POST http://localhost:11434/chat/completions "HTTP/1.1 404 Not Found"
2025-11-16 18:41:40,701 - WARNING - RetryError[<Future at 0x7a63407bb0a0 state=finished raised NotFoundError>]
2025-11-16 18:41:40,705 - INFO - HTTP Request: POST http://localhost:11434/chat/completions "HTTP/1.1 404 Not Found"
2025-11-16 18:41:40,830 - INFO - HTTP Request: POST http://localhost:11434/chat/completions "HTTP/1.1 404 Not Found"
2025-11-16 18:41:40,831 - INFO - HTTP Request: POST http://localhost:11434/chat/completions "HTTP/1.1 404 Not Found"
2025-11-16 18:41:40,832 - WARNING - RetryError[<Future at 0x7a63405658d0 state=finished raised NotFoundError>]
2025-11-16 18:41:40,832 - WARNING - RetryError[<Future at 0x7a634055a620 state=finished raised NotFoundError>]
2025-11-16 18:41:40,836 - INFO - HTTP Request: POST http://localhost:11434/chat/completions "HTTP/1.1 404 Not Found"
2025-11-16 18:41:40,839 - WARNING - RetryError[<Future at 0x7a6340566530 state=finished raised NotFoundError>]
2025-11-16 18:41:40,843 - INFO - HTTP Request: POST http://localhost:11434/chat/completions "HTTP/1.1 404 Not Found"
2025-11-16 18:41:40,867 - INFO - HTTP Request: POST http://localhost:11434/chat/completions "HTTP/1.1 404 Not Found"
2025-11-16 18:41:40,867 - WARNING - RetryError[<Future at 0x7a63406cccd0 state=finished raised NotFoundError>]
2025-11-16 18:41:40,872 - INFO - HTTP Request: POST http://localhost:11434/chat/completions "HTTP/1.1 404 Not Found"
2025-11-16 18:41:40,893 - INFO - HTTP Request: POST http://localhost:11434/chat/completions "HTTP/1.1 404 Not Found"
2025-11-16 18:41:40,897 - INFO - HTTP Request: POST http://localhost:11434/chat/completions "HTTP/1.1 404 Not Found"
2025-11-16 18:41:41,105 - INFO - HTTP Request: POST http://localhost:11434/chat/completions "HTTP/1.1 404 Not Found"
2025-11-16 18:41:41,105 - WARNING - RetryError[<Future at 0x7a6340558d30 state=finished raised NotFoundError>]
2025-11-16 18:41:41,110 - INFO - HTTP Request: POST http://localhost:11434/chat/completions "HTTP/1.1 404 Not Found"
2025-11-16 18:41:41,211 - INFO - HTTP Request: POST http://localhost:11434/chat/completions "HTTP/1.1 404 Not Found"
2025-11-16 18:41:41,212 - WARNING - RetryError[<Future at 0x7a6340532290 state=finished raised NotFoundError>]
2025-11-16 18:41:41,219 - INFO - HTTP Request: POST http://localhost:11434/chat/completions "HTTP/1.1 404 Not Found"
2025-11-16 18:41:41,303 - INFO - HTTP Request: POST http://localhost:11434/chat/completions "HTTP/1.1 404 Not Found"
2025-11-16 18:41:41,303 - WARNING - RetryError[<Future at 0x7a63404fc610 state=finished raised NotFoundError>]
2025-11-16 18:41:41,308 - INFO - HTTP Request: POST http://localhost:11434/chat/completions "HTTP/1.1 404 Not Found"
2025-11-16 18:41:41,321 - INFO - HTTP Request: POST http://localhost:11434/chat/completions "HTTP/1.1 404 Not Found"
2025-11-16 18:41:41,322 - WARNING - RetryError[<Future at 0x7a6340541030 state=finished raised NotFoundError>]
2025-11-16 18:41:41,326 - INFO - HTTP Request: POST http://localhost:11434/chat/completions "HTTP/1.1 404 Not Found"
2025-11-16 18:41:41,364 - INFO - HTTP Request: POST http://localhost:11434/chat/completions "HTTP/1.1 404 Not Found"
2025-11-16 18:41:41,365 - WARNING - RetryError[<Future at 0x7a6340532770 state=finished raised NotFoundError>]
2025-11-16 18:41:41,369 - INFO - HTTP Request: POST http://localhost:11434/chat/completions "HTTP/1.1 404 Not Found"
2025-11-16 18:41:41,386 - INFO - HTTP Request: POST http://localhost:11434/chat/completions "HTTP/1.1 404 Not Found"
2025-11-16 18:41:41,387 - WARNING - RetryError[<Future at 0x7a63405182e0 state=finished raised NotFoundError>]
2025-11-16 18:41:41,390 - INFO - HTTP Request: POST http://localhost:11434/chat/completions "HTTP/1.1 404 Not Found"
2025-11-16 18:41:41,439 - INFO - HTTP Request: POST http://localhost:11434/chat/completions "HTTP/1.1 404 Not Found"
2025-11-16 18:41:41,440 - WARNING - RetryError[<Future at 0x7a6340530430 state=finished raised NotFoundError>]
2025-11-16 18:41:41,447 - INFO - HTTP Request: POST http://localhost:11434/chat/completions "HTTP/1.1 404 Not Found"
2025-11-16 18:41:41,469 - INFO - HTTP Request: POST http://localhost:11434/chat/completions "HTTP/1.1 404 Not Found"
2025-11-16 18:41:41,469 - WARNING - RetryError[<Future at 0x7a63406dcd00 state=finished raised NotFoundError>]
2025-11-16 18:41:41,476 - INFO - HTTP Request: POST http://localhost:11434/chat/completions "HTTP/1.1 404 Not Found"
2025-11-16 18:41:41,560 - INFO - HTTP Request: POST http://localhost:11434/chat/completions "HTTP/1.1 404 Not Found"
2025-11-16 18:41:41,561 - WARNING - RetryError[<Future at 0x7a634052a650 state=finished raised NotFoundError>]
2025-11-16 18:41:41,565 - INFO - HTTP Request: POST http://localhost:11434/chat/completions "HTTP/1.1 404 Not Found"
2025-11-16 18:41:41,566 - WARNING - RetryError[<Future at 0x7a634063ee30 state=finished raised NotFoundError>]
2025-11-16 18:41:41,573 - INFO - HTTP Request: POST http://localhost:11434/chat/completions "HTTP/1.1 404 Not Found"
2025-11-16 18:41:41,621 - INFO - HTTP Request: POST http://localhost:11434/chat/completions "HTTP/1.1 404 Not Found"
2025-11-16 18:41:41,661 - INFO - HTTP Request: POST http://localhost:11434/chat/completions "HTTP/1.1 404 Not Found"
2025-11-16 18:41:41,662 - WARNING - RetryError[<Future at 0x7a63406dd690 state=finished raised NotFoundError>]
2025-11-16 18:41:41,666 - INFO - HTTP Request: POST http://localhost:11434/chat/completions "HTTP/1.1 404 Not Found"
2025-11-16 18:41:41,709 - INFO - HTTP Request: POST http://localhost:11434/chat/completions "HTTP/1.1 404 Not Found"
2025-11-16 18:41:41,711 - WARNING - RetryError[<Future at 0x7a6340570d00 state=finished raised NotFoundError>]
2025-11-16 18:41:41,716 - INFO - HTTP Request: POST http://localhost:11434/chat/completions "HTTP/1.1 404 Not Found"
2025-11-16 18:41:41,848 - INFO - HTTP Request: POST http://localhost:11434/chat/completions "HTTP/1.1 404 Not Found"
2025-11-16 18:41:41,849 - WARNING - RetryError[<Future at 0x7a6340570eb0 state=finished raised NotFoundError>]
2025-11-16 18:41:41,853 - INFO - HTTP Request: POST http://localhost:11434/chat/completions "HTTP/1.1 404 Not Found"
2025-11-16 18:41:41,877 - INFO - HTTP Request: POST http://localhost:11434/chat/completions "HTTP/1.1 404 Not Found"
2025-11-16 18:41:41,878 - WARNING - RetryError[<Future at 0x7a63406df6d0 state=finished raised NotFoundError>]
2025-11-16 18:41:41,885 - INFO - HTTP Request: POST http://localhost:11434/chat/completions "HTTP/1.1 404 Not Found"
2025-11-16 18:41:41,904 - INFO - HTTP Request: POST http://localhost:11434/chat/completions "HTTP/1.1 404 Not Found"
2025-11-16 18:41:41,905 - INFO - HTTP Request: POST http://localhost:11434/chat/completions "HTTP/1.1 404 Not Found"
2025-11-16 18:41:41,906 - WARNING - RetryError[<Future at 0x7a6340565720 state=finished raised NotFoundError>]
2025-11-16 18:41:41,907 - WARNING - RetryError[<Future at 0x7a6340573940 state=finished raised NotFoundError>]
2025-11-16 18:41:41,917 - INFO - HTTP Request: POST http://localhost:11434/chat/completions "HTTP/1.1 404 Not Found"
2025-11-16 18:41:41,924 - INFO - HTTP Request: POST http://localhost:11434/chat/completions "HTTP/1.1 404 Not Found"
2025-11-16 18:41:42,117 - INFO - HTTP Request: POST http://localhost:11434/chat/completions "HTTP/1.1 404 Not Found"
2025-11-16 18:41:42,118 - WARNING - RetryError[<Future at 0x7a63405a5120 state=finished raised NotFoundError>]
2025-11-16 18:41:42,124 - INFO - HTTP Request: POST http://localhost:11434/chat/completions "HTTP/1.1 404 Not Found"
2025-11-16 18:41:42,224 - INFO - HTTP Request: POST http://localhost:11434/chat/completions "HTTP/1.1 404 Not Found"
2025-11-16 18:41:42,225 - WARNING - RetryError[<Future at 0x7a6340518370 state=finished raised NotFoundError>]
2025-11-16 18:41:42,230 - INFO - HTTP Request: POST http://localhost:11434/chat/completions "HTTP/1.1 404 Not Found"
2025-11-16 18:41:42,313 - INFO - HTTP Request: POST http://localhost:11434/chat/completions "HTTP/1.1 404 Not Found"
2025-11-16 18:41:42,314 - WARNING - RetryError[<Future at 0x7a63405a6c20 state=finished raised NotFoundError>]
2025-11-16 18:41:42,321 - INFO - HTTP Request: POST http://localhost:11434/chat/completions "HTTP/1.1 404 Not Found"
2025-11-16 18:41:42,332 - INFO - HTTP Request: POST http://localhost:11434/chat/completions "HTTP/1.1 404 Not Found"
2025-11-16 18:41:42,333 - WARNING - RetryError[<Future at 0x7a63405a7c40 state=finished raised NotFoundError>]
2025-11-16 18:41:42,339 - INFO - HTTP Request: POST http://localhost:11434/chat/completions "HTTP/1.1 404 Not Found"
2025-11-16 18:41:42,375 - INFO - HTTP Request: POST http://localhost:11434/chat/completions "HTTP/1.1 404 Not Found"
2025-11-16 18:41:42,376 - WARNING - RetryError[<Future at 0x7a63405a64d0 state=finished raised NotFoundError>]
2025-11-16 18:41:42,383 - INFO - HTTP Request: POST http://localhost:11434/chat/completions "HTTP/1.1 404 Not Found"
2025-11-16 18:41:42,395 - INFO - HTTP Request: POST http://localhost:11434/chat/completions "HTTP/1.1 404 Not Found"
2025-11-16 18:41:42,397 - WARNING - RetryError[<Future at 0x7a63405b25f0 state=finished raised NotFoundError>]
2025-11-16 18:41:42,404 - INFO - HTTP Request: POST http://localhost:11434/chat/completions "HTTP/1.1 404 Not Found"
2025-11-16 18:41:42,452 - INFO - HTTP Request: POST http://localhost:11434/chat/completions "HTTP/1.1 404 Not Found"
2025-11-16 18:41:42,453 - WARNING - RetryError[<Future at 0x7a63405a6680 state=finished raised NotFoundError>]
2025-11-16 18:41:42,460 - INFO - HTTP Request: POST http://localhost:11434/chat/completions "HTTP/1.1 404 Not Found"
2025-11-16 18:41:42,487 - INFO - HTTP Request: POST http://localhost:11434/chat/completions "HTTP/1.1 404 Not Found"
2025-11-16 18:41:42,490 - WARNING - RetryError[<Future at 0x7a63405b1d80 state=finished raised NotFoundError>]
2025-11-16 18:41:42,509 - INFO - HTTP Request: POST http://localhost:11434/chat/completions "HTTP/1.1 404 Not Found"
2025-11-16 18:41:42,582 - INFO - HTTP Request: POST http://localhost:11434/chat/completions "HTTP/1.1 404 Not Found"
2025-11-16 18:41:42,583 - WARNING - RetryError[<Future at 0x7a63405b3ac0 state=finished raised NotFoundError>]
2025-11-16 18:41:42,592 - INFO - HTTP Request: POST http://localhost:11434/chat/completions "HTTP/1.1 404 Not Found"
2025-11-16 18:41:42,626 - INFO - HTTP Request: POST http://localhost:11434/chat/completions "HTTP/1.1 404 Not Found"
2025-11-16 18:41:42,627 - WARNING - RetryError[<Future at 0x7a634058f2b0 state=finished raised NotFoundError>]
2025-11-16 18:41:42,636 - INFO - HTTP Request: POST http://localhost:11434/chat/completions "HTTP/1.1 404 Not Found"
2025-11-16 18:41:42,670 - INFO - HTTP Request: POST http://localhost:11434/chat/completions "HTTP/1.1 404 Not Found"
2025-11-16 18:41:42,671 - WARNING - RetryError[<Future at 0x7a63405c4730 state=finished raised NotFoundError>]
2025-11-16 18:41:42,679 - INFO - HTTP Request: POST http://localhost:11434/chat/completions "HTTP/1.1 404 Not Found"
2025-11-16 18:41:42,722 - INFO - HTTP Request: POST http://localhost:11434/chat/completions "HTTP/1.1 404 Not Found"
2025-11-16 18:41:42,722 - WARNING - RetryError[<Future at 0x7a63405c7850 state=finished raised NotFoundError>]
2025-11-16 18:41:42,727 - INFO - HTTP Request: POST http://localhost:11434/chat/completions "HTTP/1.1 404 Not Found"
2025-11-16 18:41:42,860 - INFO - HTTP Request: POST http://localhost:11434/chat/completions "HTTP/1.1 404 Not Found"
2025-11-16 18:41:42,861 - WARNING - RetryError[<Future at 0x7a63405c4970 state=finished raised NotFoundError>]
2025-11-16 18:41:42,870 - INFO - HTTP Request: POST http://localhost:11434/chat/completions "HTTP/1.1 404 Not Found"
2025-11-16 18:41:42,891 - INFO - HTTP Request: POST http://localhost:11434/chat/completions "HTTP/1.1 404 Not Found"
2025-11-16 18:41:42,892 - WARNING - RetryError[<Future at 0x7a636b2f2b30 state=finished raised NotFoundError>]
2025-11-16 18:41:42,901 - INFO - HTTP Request: POST http://localhost:11434/chat/completions "HTTP/1.1 404 Not Found"
2025-11-16 18:41:42,926 - INFO - HTTP Request: POST http://localhost:11434/chat/completions "HTTP/1.1 404 Not Found"
2025-11-16 18:41:42,931 - WARNING - RetryError[<Future at 0x7a636b2f10f0 state=finished raised NotFoundError>]
2025-11-16 18:41:42,934 - INFO - HTTP Request: POST http://localhost:11434/chat/completions "HTTP/1.1 404 Not Found"
2025-11-16 18:41:42,934 - WARNING - RetryError[<Future at 0x7a63405b0190 state=finished raised NotFoundError>]
2025-11-16 18:41:42,940 - INFO - HTTP Request: POST http://localhost:11434/chat/completions "HTTP/1.1 404 Not Found"
2025-11-16 18:41:42,994 - INFO - HTTP Request: POST http://localhost:11434/chat/completions "HTTP/1.1 404 Not Found"
2025-11-16 18:41:43,130 - INFO - HTTP Request: POST http://localhost:11434/chat/completions "HTTP/1.1 404 Not Found"
2025-11-16 18:41:43,131 - WARNING - RetryError[<Future at 0x7a63405c4760 state=finished raised NotFoundError>]
2025-11-16 18:41:43,137 - INFO - HTTP Request: POST http://localhost:11434/chat/completions "HTTP/1.1 404 Not Found"
2025-11-16 18:41:43,239 - INFO - HTTP Request: POST http://localhost:11434/chat/completions "HTTP/1.1 404 Not Found"
2025-11-16 18:41:43,240 - WARNING - RetryError[<Future at 0x7a63405a6c20 state=finished raised NotFoundError>]
2025-11-16 18:41:43,250 - INFO - HTTP Request: POST http://localhost:11434/chat/completions "HTTP/1.1 404 Not Found"
2025-11-16 18:41:43,327 - INFO - HTTP Request: POST http://localhost:11434/chat/completions "HTTP/1.1 404 Not Found"
2025-11-16 18:41:43,328 - WARNING - RetryError[<Future at 0x7a63405a7ca0 state=finished raised NotFoundError>]
2025-11-16 18:41:43,335 - INFO - HTTP Request: POST http://localhost:11434/chat/completions "HTTP/1.1 404 Not Found"
2025-11-16 18:41:43,345 - INFO - HTTP Request: POST http://localhost:11434/chat/completions "HTTP/1.1 404 Not Found"
2025-11-16 18:41:43,346 - WARNING - RetryError[<Future at 0x7a63405c4d00 state=finished raised NotFoundError>]
2025-11-16 18:41:43,352 - INFO - HTTP Request: POST http://localhost:11434/chat/completions "HTTP/1.1 404 Not Found"
2025-11-16 18:41:43,390 - INFO - HTTP Request: POST http://localhost:11434/chat/completions "HTTP/1.1 404 Not Found"
2025-11-16 18:41:43,392 - WARNING - RetryError[<Future at 0x7a634058d810 state=finished raised NotFoundError>]
2025-11-16 18:41:43,400 - INFO - HTTP Request: POST http://localhost:11434/chat/completions "HTTP/1.1 404 Not Found"
2025-11-16 18:41:43,409 - INFO - HTTP Request: POST http://localhost:11434/chat/completions "HTTP/1.1 404 Not Found"
2025-11-16 18:41:43,410 - WARNING - RetryError[<Future at 0x7a63405c5810 state=finished raised NotFoundError>]
2025-11-16 18:41:43,415 - INFO - HTTP Request: POST http://localhost:11434/chat/completions "HTTP/1.1 404 Not Found"
2025-11-16 18:41:43,468 - INFO - HTTP Request: POST http://localhost:11434/chat/completions "HTTP/1.1 404 Not Found"
2025-11-16 18:41:43,469 - WARNING - RetryError[<Future at 0x7a63405a5d20 state=finished raised NotFoundError>]
2025-11-16 18:41:43,477 - INFO - HTTP Request: POST http://localhost:11434/chat/completions "HTTP/1.1 404 Not Found"
2025-11-16 18:41:43,516 - INFO - HTTP Request: POST http://localhost:11434/chat/completions "HTTP/1.1 404 Not Found"
2025-11-16 18:41:43,517 - WARNING - RetryError[<Future at 0x7a63406dcfd0 state=finished raised NotFoundError>]
2025-11-16 18:41:43,523 - INFO - HTTP Request: POST http://localhost:11434/chat/completions "HTTP/1.1 404 Not Found"
2025-11-16 18:41:43,598 - INFO - HTTP Request: POST http://localhost:11434/chat/completions "HTTP/1.1 404 Not Found"
2025-11-16 18:41:43,599 - WARNING - RetryError[<Future at 0x7a6340558c70 state=finished raised NotFoundError>]
2025-11-16 18:41:43,606 - INFO - HTTP Request: POST http://localhost:11434/chat/completions "HTTP/1.1 404 Not Found"
2025-11-16 18:41:43,642 - INFO - HTTP Request: POST http://localhost:11434/chat/completions "HTTP/1.1 404 Not Found"
2025-11-16 18:41:43,644 - WARNING - RetryError[<Future at 0x7a63405a5390 state=finished raised NotFoundError>]
2025-11-16 18:41:43,653 - INFO - HTTP Request: POST http://localhost:11434/chat/completions "HTTP/1.1 404 Not Found"
2025-11-16 18:41:43,688 - INFO - HTTP Request: POST http://localhost:11434/chat/completions "HTTP/1.1 404 Not Found"
2025-11-16 18:41:43,690 - WARNING - RetryError[<Future at 0x7a6340573fd0 state=finished raised NotFoundError>]
2025-11-16 18:41:43,700 - INFO - HTTP Request: POST http://localhost:11434/chat/completions "HTTP/1.1 404 Not Found"
2025-11-16 18:41:43,734 - INFO - HTTP Request: POST http://localhost:11434/chat/completions "HTTP/1.1 404 Not Found"
2025-11-16 18:41:43,735 - WARNING - RetryError[<Future at 0x7a6340529c00 state=finished raised NotFoundError>]
2025-11-16 18:41:43,742 - INFO - HTTP Request: POST http://localhost:11434/chat/completions "HTTP/1.1 404 Not Found"
2025-11-16 18:41:43,876 - INFO - HTTP Request: POST http://localhost:11434/chat/completions "HTTP/1.1 404 Not Found"
2025-11-16 18:41:43,877 - WARNING - RetryError[<Future at 0x7a634063e0e0 state=finished raised NotFoundError>]
2025-11-16 18:41:43,885 - INFO - HTTP Request: POST http://localhost:11434/chat/completions "HTTP/1.1 404 Not Found"
2025-11-16 18:41:43,909 - INFO - HTTP Request: POST http://localhost:11434/chat/completions "HTTP/1.1 404 Not Found"
2025-11-16 18:41:43,910 - WARNING - RetryError[<Future at 0x7a6340564f70 state=finished raised NotFoundError>]
2025-11-16 18:41:43,915 - INFO - HTTP Request: POST http://localhost:11434/chat/completions "HTTP/1.1 404 Not Found"
2025-11-16 18:41:43,948 - INFO - HTTP Request: POST http://localhost:11434/chat/completions "HTTP/1.1 404 Not Found"
2025-11-16 18:41:43,949 - WARNING - RetryError[<Future at 0x7a6340572290 state=finished raised NotFoundError>]
2025-11-16 18:41:43,957 - INFO - HTTP Request: POST http://localhost:11434/chat/completions "HTTP/1.1 404 Not Found"
2025-11-16 18:41:43,999 - INFO - HTTP Request: POST http://localhost:11434/chat/completions "HTTP/1.1 404 Not Found"
2025-11-16 18:41:44,000 - WARNING - RetryError[<Future at 0x7a63405d2d70 state=finished raised NotFoundError>]
2025-11-16 18:41:44,008 - INFO - HTTP Request: POST http://localhost:11434/chat/completions "HTTP/1.1 404 Not Found"
2025-11-16 18:41:44,145 - INFO - HTTP Request: POST http://localhost:11434/chat/completions "HTTP/1.1 404 Not Found"
2025-11-16 18:41:44,146 - WARNING - RetryError[<Future at 0x7a63405d3d90 state=finished raised NotFoundError>]
2025-11-16 18:41:44,154 - INFO - HTTP Request: POST http://localhost:11434/chat/completions "HTTP/1.1 404 Not Found"
2025-11-16 18:41:44,255 - INFO - HTTP Request: POST http://localhost:11434/chat/completions "HTTP/1.1 404 Not Found"
2025-11-16 18:41:44,256 - WARNING - RetryError[<Future at 0x7a63405d2590 state=finished raised NotFoundError>]
2025-11-16 18:41:44,261 - INFO - HTTP Request: POST http://localhost:11434/chat/completions "HTTP/1.1 404 Not Found"
2025-11-16 18:41:44,342 - INFO - HTTP Request: POST http://localhost:11434/chat/completions "HTTP/1.1 404 Not Found"
2025-11-16 18:41:44,343 - WARNING - RetryError[<Future at 0x7a63405df430 state=finished raised NotFoundError>]
2025-11-16 18:41:44,350 - INFO - HTTP Request: POST http://localhost:11434/chat/completions "HTTP/1.1 404 Not Found"
2025-11-16 18:41:44,359 - INFO - HTTP Request: POST http://localhost:11434/chat/completions "HTTP/1.1 404 Not Found"
2025-11-16 18:41:44,360 - WARNING - RetryError[<Future at 0x7a63405deb00 state=finished raised NotFoundError>]
2025-11-16 18:41:44,368 - INFO - HTTP Request: POST http://localhost:11434/chat/completions "HTTP/1.1 404 Not Found"
2025-11-16 18:41:44,404 - INFO - HTTP Request: POST http://localhost:11434/chat/completions "HTTP/1.1 404 Not Found"
2025-11-16 18:41:44,405 - WARNING - RetryError[<Future at 0x7a63405de890 state=finished raised NotFoundError>]
2025-11-16 18:41:44,410 - INFO - HTTP Request: POST http://localhost:11434/chat/completions "HTTP/1.1 404 Not Found"
2025-11-16 18:41:44,421 - INFO - HTTP Request: POST http://localhost:11434/chat/completions "HTTP/1.1 404 Not Found"
2025-11-16 18:41:44,422 - WARNING - RetryError[<Future at 0x7a63405eee00 state=finished raised NotFoundError>]
2025-11-16 18:41:44,428 - INFO - HTTP Request: POST http://localhost:11434/chat/completions "HTTP/1.1 404 Not Found"
2025-11-16 18:41:44,482 - INFO - HTTP Request: POST http://localhost:11434/chat/completions "HTTP/1.1 404 Not Found"
2025-11-16 18:41:44,483 - WARNING - RetryError[<Future at 0x7a63405ee470 state=finished raised NotFoundError>]
2025-11-16 18:41:44,491 - INFO - HTTP Request: POST http://localhost:11434/chat/completions "HTTP/1.1 404 Not Found"
2025-11-16 18:41:44,529 - INFO - HTTP Request: POST http://localhost:11434/chat/completions "HTTP/1.1 404 Not Found"
2025-11-16 18:41:44,530 - WARNING - RetryError[<Future at 0x7a63405de2f0 state=finished raised NotFoundError>]
2025-11-16 18:41:44,536 - INFO - HTTP Request: POST http://localhost:11434/chat/completions "HTTP/1.1 404 Not Found"
2025-11-16 18:41:44,613 - INFO - HTTP Request: POST http://localhost:11434/chat/completions "HTTP/1.1 404 Not Found"
2025-11-16 18:41:44,614 - WARNING - RetryError[<Future at 0x7a63404074c0 state=finished raised NotFoundError>]
2025-11-16 18:41:44,620 - INFO - HTTP Request: POST http://localhost:11434/chat/completions "HTTP/1.1 404 Not Found"
2025-11-16 18:41:44,659 - INFO - HTTP Request: POST http://localhost:11434/chat/completions "HTTP/1.1 404 Not Found"
2025-11-16 18:41:44,660 - WARNING - RetryError[<Future at 0x7a63405def80 state=finished raised NotFoundError>]
2025-11-16 18:41:44,666 - INFO - HTTP Request: POST http://localhost:11434/chat/completions "HTTP/1.1 404 Not Found"
2025-11-16 18:41:44,705 - INFO - HTTP Request: POST http://localhost:11434/chat/completions "HTTP/1.1 404 Not Found"
2025-11-16 18:41:44,706 - WARNING - RetryError[<Future at 0x7a63405eea10 state=finished raised NotFoundError>]
2025-11-16 18:41:44,713 - INFO - HTTP Request: POST http://localhost:11434/chat/completions "HTTP/1.1 404 Not Found"
2025-11-16 18:41:44,749 - INFO - HTTP Request: POST http://localhost:11434/chat/completions "HTTP/1.1 404 Not Found"
2025-11-16 18:41:44,751 - WARNING - RetryError[<Future at 0x7a63405ee410 state=finished raised NotFoundError>]
2025-11-16 18:41:44,758 - INFO - HTTP Request: POST http://localhost:11434/chat/completions "HTTP/1.1 404 Not Found"
2025-11-16 18:41:44,892 - INFO - HTTP Request: POST http://localhost:11434/chat/completions "HTTP/1.1 404 Not Found"
2025-11-16 18:41:44,894 - WARNING - RetryError[<Future at 0x7a6340413250 state=finished raised NotFoundError>]
2025-11-16 18:41:44,903 - INFO - HTTP Request: POST http://localhost:11434/chat/completions "HTTP/1.1 404 Not Found"
2025-11-16 18:41:44,922 - INFO - HTTP Request: POST http://localhost:11434/chat/completions "HTTP/1.1 404 Not Found"
2025-11-16 18:41:44,924 - WARNING - RetryError[<Future at 0x7a6340421300 state=finished raised NotFoundError>]
2025-11-16 18:41:44,938 - INFO - HTTP Request: POST http://localhost:11434/chat/completions "HTTP/1.1 404 Not Found"
2025-11-16 18:41:44,964 - INFO - HTTP Request: POST http://localhost:11434/chat/completions "HTTP/1.1 404 Not Found"
2025-11-16 18:41:44,965 - WARNING - RetryError[<Future at 0x7a636b2bc130 state=finished raised NotFoundError>]
2025-11-16 18:41:44,971 - INFO - HTTP Request: POST http://localhost:11434/chat/completions "HTTP/1.1 404 Not Found"
2025-11-16 18:41:45,013 - INFO - HTTP Request: POST http://localhost:11434/chat/completions "HTTP/1.1 404 Not Found"
2025-11-16 18:41:45,013 - WARNING - RetryError[<Future at 0x7a63404109d0 state=finished raised NotFoundError>]
2025-11-16 18:41:45,020 - INFO - HTTP Request: POST http://localhost:11434/chat/completions "HTTP/1.1 404 Not Found"
2025-11-16 18:41:45,160 - INFO - HTTP Request: POST http://localhost:11434/chat/completions "HTTP/1.1 404 Not Found"
2025-11-16 18:41:45,162 - WARNING - RetryError[<Future at 0x7a6340406f80 state=finished raised NotFoundError>]
2025-11-16 18:41:45,170 - INFO - HTTP Request: POST http://localhost:11434/chat/completions "HTTP/1.1 404 Not Found"
2025-11-16 18:41:45,267 - INFO - HTTP Request: POST http://localhost:11434/chat/completions "HTTP/1.1 404 Not Found"
2025-11-16 18:41:45,268 - WARNING - RetryError[<Future at 0x7a63404114e0 state=finished raised NotFoundError>]
2025-11-16 18:41:45,275 - INFO - HTTP Request: POST http://localhost:11434/chat/completions "HTTP/1.1 404 Not Found"
2025-11-16 18:41:45,359 - INFO - HTTP Request: POST http://localhost:11434/chat/completions "HTTP/1.1 404 Not Found"
2025-11-16 18:41:45,360 - WARNING - RetryError[<Future at 0x7a6340405d80 state=finished raised NotFoundError>]
2025-11-16 18:41:45,370 - INFO - HTTP Request: POST http://localhost:11434/chat/completions "HTTP/1.1 404 Not Found"
2025-11-16 18:41:45,375 - INFO - HTTP Request: POST http://localhost:11434/chat/completions "HTTP/1.1 404 Not Found"
2025-11-16 18:41:45,376 - WARNING - RetryError[<Future at 0x7a63405ee890 state=finished raised NotFoundError>]
2025-11-16 18:41:45,385 - INFO - HTTP Request: POST http://localhost:11434/chat/completions "HTTP/1.1 404 Not Found"
2025-11-16 18:41:45,416 - INFO - HTTP Request: POST http://localhost:11434/chat/completions "HTTP/1.1 404 Not Found"
2025-11-16 18:41:45,418 - WARNING - RetryError[<Future at 0x7a63405331f0 state=finished raised NotFoundError>]
2025-11-16 18:41:45,427 - INFO - HTTP Request: POST http://localhost:11434/chat/completions "HTTP/1.1 404 Not Found"
2025-11-16 18:41:45,434 - INFO - HTTP Request: POST http://localhost:11434/chat/completions "HTTP/1.1 404 Not Found"
2025-11-16 18:41:45,436 - WARNING - RetryError[<Future at 0x7a6340404df0 state=finished raised NotFoundError>]
2025-11-16 18:41:45,444 - INFO - HTTP Request: POST http://localhost:11434/chat/completions "HTTP/1.1 404 Not Found"
2025-11-16 18:41:45,498 - INFO - HTTP Request: POST http://localhost:11434/chat/completions "HTTP/1.1 404 Not Found"
2025-11-16 18:41:45,499 - WARNING - RetryError[<Future at 0x7a63405dcbb0 state=finished raised NotFoundError>]
2025-11-16 18:41:45,508 - INFO - HTTP Request: POST http://localhost:11434/chat/completions "HTTP/1.1 404 Not Found"
2025-11-16 18:41:45,543 - INFO - HTTP Request: POST http://localhost:11434/chat/completions "HTTP/1.1 404 Not Found"
2025-11-16 18:41:45,544 - WARNING - RetryError[<Future at 0x7a634055ae90 state=finished raised NotFoundError>]
2025-11-16 18:41:45,551 - INFO - HTTP Request: POST http://localhost:11434/chat/completions "HTTP/1.1 404 Not Found"
2025-11-16 18:41:45,626 - INFO - HTTP Request: POST http://localhost:11434/chat/completions "HTTP/1.1 404 Not Found"
2025-11-16 18:41:45,627 - WARNING - RetryError[<Future at 0x7a63404054b0 state=finished raised NotFoundError>]
2025-11-16 18:41:45,634 - INFO - HTTP Request: POST http://localhost:11434/chat/completions "HTTP/1.1 404 Not Found"
2025-11-16 18:41:45,674 - INFO - HTTP Request: POST http://localhost:11434/chat/completions "HTTP/1.1 404 Not Found"
2025-11-16 18:41:45,675 - WARNING - RetryError[<Future at 0x7a634058d7b0 state=finished raised NotFoundError>]
2025-11-16 18:41:45,682 - INFO - HTTP Request: POST http://localhost:11434/chat/completions "HTTP/1.1 404 Not Found"
2025-11-16 18:41:45,721 - INFO - HTTP Request: POST http://localhost:11434/chat/completions "HTTP/1.1 404 Not Found"
2025-11-16 18:41:45,722 - WARNING - RetryError[<Future at 0x7a63405d24d0 state=finished raised NotFoundError>]
2025-11-16 18:41:45,731 - INFO - HTTP Request: POST http://localhost:11434/chat/completions "HTTP/1.1 404 Not Found"
2025-11-16 18:41:45,763 - INFO - HTTP Request: POST http://localhost:11434/chat/completions "HTTP/1.1 404 Not Found"
2025-11-16 18:41:45,763 - WARNING - RetryError[<Future at 0x7a63405d3970 state=finished raised NotFoundError>]
2025-11-16 18:41:45,768 - INFO - HTTP Request: POST http://localhost:11434/chat/completions "HTTP/1.1 404 Not Found"
2025-11-16 18:41:45,908 - INFO - HTTP Request: POST http://localhost:11434/chat/completions "HTTP/1.1 404 Not Found"
2025-11-16 18:41:45,908 - WARNING - RetryError[<Future at 0x7a63405dc160 state=finished raised NotFoundError>]
2025-11-16 18:41:45,913 - INFO - HTTP Request: POST http://localhost:11434/chat/completions "HTTP/1.1 404 Not Found"
2025-11-16 18:41:45,942 - INFO - HTTP Request: POST http://localhost:11434/chat/completions "HTTP/1.1 404 Not Found"
2025-11-16 18:41:45,942 - WARNING - RetryError[<Future at 0x7a636b2e3970 state=finished raised NotFoundError>]
2025-11-16 18:41:45,947 - INFO - HTTP Request: POST http://localhost:11434/chat/completions "HTTP/1.1 404 Not Found"
2025-11-16 18:41:45,976 - INFO - HTTP Request: POST http://localhost:11434/chat/completions "HTTP/1.1 404 Not Found"
2025-11-16 18:41:45,977 - WARNING - RetryError[<Future at 0x7a6340529bd0 state=finished raised NotFoundError>]
2025-11-16 18:41:45,981 - INFO - HTTP Request: POST http://localhost:11434/chat/completions "HTTP/1.1 404 Not Found"
2025-11-16 18:41:46,024 - INFO - HTTP Request: POST http://localhost:11434/chat/completions "HTTP/1.1 404 Not Found"
2025-11-16 18:41:46,025 - WARNING - RetryError[<Future at 0x7a63405701c0 state=finished raised NotFoundError>]
2025-11-16 18:41:46,030 - INFO - HTTP Request: POST http://localhost:11434/chat/completions "HTTP/1.1 404 Not Found"
2025-11-16 18:41:46,175 - INFO - HTTP Request: POST http://localhost:11434/chat/completions "HTTP/1.1 404 Not Found"
2025-11-16 18:41:46,176 - WARNING - RetryError[<Future at 0x7a63405c4a90 state=finished raised NotFoundError>]
2025-11-16 18:41:46,181 - INFO - HTTP Request: POST http://localhost:11434/chat/completions "HTTP/1.1 404 Not Found"
2025-11-16 18:41:46,283 - INFO - HTTP Request: POST http://localhost:11434/chat/completions "HTTP/1.1 404 Not Found"
2025-11-16 18:41:46,284 - WARNING - RetryError[<Future at 0x7a6340570940 state=finished raised NotFoundError>]
2025-11-16 18:41:46,291 - INFO - HTTP Request: POST http://localhost:11434/chat/completions "HTTP/1.1 404 Not Found"
2025-11-16 18:41:46,375 - INFO - HTTP Request: POST http://localhost:11434/chat/completions "HTTP/1.1 404 Not Found"
2025-11-16 18:41:46,376 - WARNING - RetryError[<Future at 0x7a6340422cb0 state=finished raised NotFoundError>]
2025-11-16 18:41:46,380 - INFO - HTTP Request: POST http://localhost:11434/chat/completions "HTTP/1.1 404 Not Found"
2025-11-16 18:41:46,390 - INFO - HTTP Request: POST http://localhost:11434/chat/completions "HTTP/1.1 404 Not Found"
2025-11-16 18:41:46,391 - WARNING - RetryError[<Future at 0x7a6340423eb0 state=finished raised NotFoundError>]
2025-11-16 18:41:46,395 - INFO - HTTP Request: POST http://localhost:11434/chat/completions "HTTP/1.1 404 Not Found"
2025-11-16 18:41:46,433 - INFO - HTTP Request: POST http://localhost:11434/chat/completions "HTTP/1.1 404 Not Found"
2025-11-16 18:41:46,434 - WARNING - RetryError[<Future at 0x7a6340422da0 state=finished raised NotFoundError>]
2025-11-16 18:41:46,438 - INFO - HTTP Request: POST http://localhost:11434/chat/completions "HTTP/1.1 404 Not Found"
2025-11-16 18:41:46,449 - INFO - HTTP Request: POST http://localhost:11434/chat/completions "HTTP/1.1 404 Not Found"
2025-11-16 18:41:46,450 - WARNING - RetryError[<Future at 0x7a6340436830 state=finished raised NotFoundError>]
2025-11-16 18:41:46,456 - INFO - HTTP Request: POST http://localhost:11434/chat/completions "HTTP/1.1 404 Not Found"
2025-11-16 18:41:46,513 - INFO - HTTP Request: POST http://localhost:11434/chat/completions "HTTP/1.1 404 Not Found"
2025-11-16 18:41:46,514 - WARNING - RetryError[<Future at 0x7a6340437850 state=finished raised NotFoundError>]
2025-11-16 18:41:46,520 - INFO - HTTP Request: POST http://localhost:11434/chat/completions "HTTP/1.1 404 Not Found"
2025-11-16 18:41:46,558 - INFO - HTTP Request: POST http://localhost:11434/chat/completions "HTTP/1.1 404 Not Found"
2025-11-16 18:41:46,559 - WARNING - RetryError[<Future at 0x7a6340434a30 state=finished raised NotFoundError>]
2025-11-16 18:41:46,564 - INFO - HTTP Request: POST http://localhost:11434/chat/completions "HTTP/1.1 404 Not Found"
2025-11-16 18:41:46,640 - INFO - HTTP Request: POST http://localhost:11434/chat/completions "HTTP/1.1 404 Not Found"
2025-11-16 18:41:46,641 - WARNING - RetryError[<Future at 0x7a634044a200 state=finished raised NotFoundError>]
2025-11-16 18:41:46,646 - INFO - HTTP Request: POST http://localhost:11434/chat/completions "HTTP/1.1 404 Not Found"
2025-11-16 18:41:46,688 - INFO - HTTP Request: POST http://localhost:11434/chat/completions "HTTP/1.1 404 Not Found"
2025-11-16 18:41:46,689 - WARNING - RetryError[<Future at 0x7a63405d0f40 state=finished raised NotFoundError>]
2025-11-16 18:41:46,697 - INFO - HTTP Request: POST http://localhost:11434/chat/completions "HTTP/1.1 404 Not Found"
2025-11-16 18:41:46,740 - INFO - HTTP Request: POST http://localhost:11434/chat/completions "HTTP/1.1 404 Not Found"
2025-11-16 18:41:46,741 - WARNING - RetryError[<Future at 0x7a634044b7c0 state=finished raised NotFoundError>]
2025-11-16 18:41:46,748 - INFO - HTTP Request: POST http://localhost:11434/chat/completions "HTTP/1.1 404 Not Found"
2025-11-16 18:41:46,775 - INFO - HTTP Request: POST http://localhost:11434/chat/completions "HTTP/1.1 404 Not Found"
2025-11-16 18:41:46,776 - WARNING - RetryError[<Future at 0x7a634044bd00 state=finished raised NotFoundError>]
2025-11-16 18:41:46,784 - INFO - HTTP Request: POST http://localhost:11434/chat/completions "HTTP/1.1 404 Not Found"
2025-11-16 18:41:46,918 - INFO - HTTP Request: POST http://localhost:11434/chat/completions "HTTP/1.1 404 Not Found"
2025-11-16 18:41:46,918 - WARNING - RetryError[<Future at 0x7a6340436290 state=finished raised NotFoundError>]
2025-11-16 18:41:46,923 - INFO - HTTP Request: POST http://localhost:11434/chat/completions "HTTP/1.1 404 Not Found"
2025-11-16 18:41:46,952 - INFO - HTTP Request: POST http://localhost:11434/chat/completions "HTTP/1.1 404 Not Found"
2025-11-16 18:41:46,952 - WARNING - RetryError[<Future at 0x7a6340458070 state=finished raised NotFoundError>]
2025-11-16 18:41:46,958 - INFO - HTTP Request: POST http://localhost:11434/chat/completions "HTTP/1.1 404 Not Found"
2025-11-16 18:41:46,986 - INFO - HTTP Request: POST http://localhost:11434/chat/completions "HTTP/1.1 404 Not Found"
2025-11-16 18:41:46,986 - WARNING - RetryError[<Future at 0x7a634045bb80 state=finished raised NotFoundError>]
2025-11-16 18:41:46,991 - INFO - HTTP Request: POST http://localhost:11434/chat/completions "HTTP/1.1 404 Not Found"
2025-11-16 18:41:47,034 - INFO - HTTP Request: POST http://localhost:11434/chat/completions "HTTP/1.1 404 Not Found"
2025-11-16 18:41:47,035 - WARNING - RetryError[<Future at 0x7a6340421690 state=finished raised NotFoundError>]
2025-11-16 18:41:47,040 - INFO - HTTP Request: POST http://localhost:11434/chat/completions "HTTP/1.1 404 Not Found"
2025-11-16 18:41:47,185 - INFO - HTTP Request: POST http://localhost:11434/chat/completions "HTTP/1.1 404 Not Found"
2025-11-16 18:41:47,186 - WARNING - RetryError[<Future at 0x7a6340477850 state=finished raised NotFoundError>]
2025-11-16 18:41:47,194 - INFO - HTTP Request: POST http://localhost:11434/chat/completions "HTTP/1.1 404 Not Found"
2025-11-16 18:41:47,295 - INFO - HTTP Request: POST http://localhost:11434/chat/completions "HTTP/1.1 404 Not Found"
2025-11-16 18:41:47,296 - WARNING - RetryError[<Future at 0x7a6340477f10 state=finished raised NotFoundError>]
2025-11-16 18:41:47,301 - INFO - HTTP Request: POST http://localhost:11434/chat/completions "HTTP/1.1 404 Not Found"
2025-11-16 18:41:47,384 - INFO - HTTP Request: POST http://localhost:11434/chat/completions "HTTP/1.1 404 Not Found"
2025-11-16 18:41:47,384 - WARNING - RetryError[<Future at 0x7a6340474dc0 state=finished raised NotFoundError>]
2025-11-16 18:41:47,390 - INFO - HTTP Request: POST http://localhost:11434/chat/completions "HTTP/1.1 404 Not Found"
2025-11-16 18:41:47,401 - INFO - HTTP Request: POST http://localhost:11434/chat/completions "HTTP/1.1 404 Not Found"
2025-11-16 18:41:47,402 - WARNING - RetryError[<Future at 0x7a634045b250 state=finished raised NotFoundError>]
2025-11-16 18:41:47,407 - INFO - HTTP Request: POST http://localhost:11434/chat/completions "HTTP/1.1 404 Not Found"
2025-11-16 18:41:47,443 - INFO - HTTP Request: POST http://localhost:11434/chat/completions "HTTP/1.1 404 Not Found"
2025-11-16 18:41:47,443 - WARNING - RetryError[<Future at 0x7a6340475330 state=finished raised NotFoundError>]
2025-11-16 18:41:47,447 - INFO - HTTP Request: POST http://localhost:11434/chat/completions "HTTP/1.1 404 Not Found"
2025-11-16 18:41:47,460 - INFO - HTTP Request: POST http://localhost:11434/chat/completions "HTTP/1.1 404 Not Found"
2025-11-16 18:41:47,461 - WARNING - RetryError[<Future at 0x7a63404598a0 state=finished raised NotFoundError>]
2025-11-16 18:41:47,465 - INFO - HTTP Request: POST http://localhost:11434/chat/completions "HTTP/1.1 404 Not Found"
2025-11-16 18:41:47,529 - INFO - HTTP Request: POST http://localhost:11434/chat/completions "HTTP/1.1 404 Not Found"
2025-11-16 18:41:47,530 - WARNING - RetryError[<Future at 0x7a6340449240 state=finished raised NotFoundError>]
2025-11-16 18:41:47,541 - INFO - HTTP Request: POST http://localhost:11434/chat/completions "HTTP/1.1 404 Not Found"
2025-11-16 18:41:47,572 - INFO - HTTP Request: POST http://localhost:11434/chat/completions "HTTP/1.1 404 Not Found"
2025-11-16 18:41:47,573 - WARNING - RetryError[<Future at 0x7a634044a6b0 state=finished raised NotFoundError>]
2025-11-16 18:41:47,581 - INFO - HTTP Request: POST http://localhost:11434/chat/completions "HTTP/1.1 404 Not Found"
2025-11-16 18:41:47,652 - INFO - HTTP Request: POST http://localhost:11434/chat/completions "HTTP/1.1 404 Not Found"
2025-11-16 18:41:47,653 - WARNING - RetryError[<Future at 0x7a6340459cf0 state=finished raised NotFoundError>]
2025-11-16 18:41:47,660 - INFO - HTTP Request: POST http://localhost:11434/chat/completions "HTTP/1.1 404 Not Found"
2025-11-16 18:41:47,701 - INFO - HTTP Request: POST http://localhost:11434/chat/completions "HTTP/1.1 404 Not Found"
2025-11-16 18:41:47,702 - WARNING - RetryError[<Future at 0x7a63405301f0 state=finished raised NotFoundError>]
2025-11-16 18:41:47,707 - INFO - HTTP Request: POST http://localhost:11434/chat/completions "HTTP/1.1 404 Not Found"
2025-11-16 18:41:47,753 - INFO - HTTP Request: POST http://localhost:11434/chat/completions "HTTP/1.1 404 Not Found"
2025-11-16 18:41:47,754 - WARNING - RetryError[<Future at 0x7a6340530d00 state=finished raised NotFoundError>]
2025-11-16 18:41:47,758 - INFO - HTTP Request: POST http://localhost:11434/chat/completions "HTTP/1.1 404 Not Found"
2025-11-16 18:41:47,795 - INFO - HTTP Request: POST http://localhost:11434/chat/completions "HTTP/1.1 404 Not Found"
2025-11-16 18:41:47,796 - WARNING - RetryError[<Future at 0x7a6340474e80 state=finished raised NotFoundError>]
2025-11-16 18:41:47,802 - INFO - HTTP Request: POST http://localhost:11434/chat/completions "HTTP/1.1 404 Not Found"
2025-11-16 18:41:47,928 - INFO - HTTP Request: POST http://localhost:11434/chat/completions "HTTP/1.1 404 Not Found"
2025-11-16 18:41:47,929 - WARNING - RetryError[<Future at 0x7a63404355d0 state=finished raised NotFoundError>]
2025-11-16 18:41:47,934 - INFO - HTTP Request: POST http://localhost:11434/chat/completions "HTTP/1.1 404 Not Found"
2025-11-16 18:41:47,964 - INFO - HTTP Request: POST http://localhost:11434/chat/completions "HTTP/1.1 404 Not Found"
2025-11-16 18:41:47,965 - WARNING - RetryError[<Future at 0x7a6340405570 state=finished raised NotFoundError>]
2025-11-16 18:41:47,972 - INFO - HTTP Request: POST http://localhost:11434/chat/completions "HTTP/1.1 404 Not Found"
2025-11-16 18:41:47,996 - INFO - HTTP Request: POST http://localhost:11434/chat/completions "HTTP/1.1 404 Not Found"
2025-11-16 18:41:47,997 - WARNING - RetryError[<Future at 0x7a6340541360 state=finished raised NotFoundError>]
2025-11-16 18:41:48,002 - INFO - HTTP Request: POST http://localhost:11434/chat/completions "HTTP/1.1 404 Not Found"
2025-11-16 18:41:48,044 - INFO - HTTP Request: POST http://localhost:11434/chat/completions "HTTP/1.1 404 Not Found"
2025-11-16 18:41:48,045 - WARNING - RetryError[<Future at 0x7a634058d9c0 state=finished raised NotFoundError>]
2025-11-16 18:41:48,049 - INFO - HTTP Request: POST http://localhost:11434/chat/completions "HTTP/1.1 404 Not Found"
2025-11-16 18:41:48,199 - INFO - HTTP Request: POST http://localhost:11434/chat/completions "HTTP/1.1 404 Not Found"
2025-11-16 18:41:48,199 - WARNING - RetryError[<Future at 0x7a636b2bdab0 state=finished raised NotFoundError>]
2025-11-16 18:41:48,204 - INFO - HTTP Request: POST http://localhost:11434/chat/completions "HTTP/1.1 404 Not Found"
2025-11-16 18:41:48,307 - INFO - HTTP Request: POST http://localhost:11434/chat/completions "HTTP/1.1 404 Not Found"
2025-11-16 18:41:48,307 - WARNING - RetryError[<Future at 0x7a634052bf40 state=finished raised NotFoundError>]
2025-11-16 18:41:48,312 - INFO - HTTP Request: POST http://localhost:11434/chat/completions "HTTP/1.1 404 Not Found"
2025-11-16 18:41:48,394 - INFO - HTTP Request: POST http://localhost:11434/chat/completions "HTTP/1.1 404 Not Found"
2025-11-16 18:41:48,395 - WARNING - RetryError[<Future at 0x7a6340541210 state=finished raised NotFoundError>]
2025-11-16 18:41:48,400 - INFO - HTTP Request: POST http://localhost:11434/chat/completions "HTTP/1.1 404 Not Found"
2025-11-16 18:41:48,411 - INFO - HTTP Request: POST http://localhost:11434/chat/completions "HTTP/1.1 404 Not Found"
2025-11-16 18:41:48,411 - WARNING - RetryError[<Future at 0x7a6340422650 state=finished raised NotFoundError>]
2025-11-16 18:41:48,416 - INFO - HTTP Request: POST http://localhost:11434/chat/completions "HTTP/1.1 404 Not Found"
2025-11-16 18:41:48,452 - INFO - HTTP Request: POST http://localhost:11434/chat/completions "HTTP/1.1 404 Not Found"
2025-11-16 18:41:48,453 - WARNING - RetryError[<Future at 0x7a6340542710 state=finished raised NotFoundError>]
2025-11-16 18:41:48,459 - INFO - HTTP Request: POST http://localhost:11434/chat/completions "HTTP/1.1 404 Not Found"
2025-11-16 18:41:48,472 - INFO - HTTP Request: POST http://localhost:11434/chat/completions "HTTP/1.1 404 Not Found"
2025-11-16 18:41:48,473 - WARNING - RetryError[<Future at 0x7a634052bd30 state=finished raised NotFoundError>]
2025-11-16 18:41:48,480 - INFO - HTTP Request: POST http://localhost:11434/chat/completions "HTTP/1.1 404 Not Found"
2025-11-16 18:41:48,546 - INFO - HTTP Request: POST http://localhost:11434/chat/completions "HTTP/1.1 404 Not Found"
2025-11-16 18:41:48,547 - WARNING - RetryError[<Future at 0x7a63404821d0 state=finished raised NotFoundError>]
2025-11-16 18:41:48,553 - INFO - HTTP Request: POST http://localhost:11434/chat/completions "HTTP/1.1 404 Not Found"
2025-11-16 18:41:48,586 - INFO - HTTP Request: POST http://localhost:11434/chat/completions "HTTP/1.1 404 Not Found"
2025-11-16 18:41:48,587 - WARNING - RetryError[<Future at 0x7a63405739d0 state=finished raised NotFoundError>]
2025-11-16 18:41:48,595 - INFO - HTTP Request: POST http://localhost:11434/chat/completions "HTTP/1.1 404 Not Found"
2025-11-16 18:41:48,667 - INFO - HTTP Request: POST http://localhost:11434/chat/completions "HTTP/1.1 404 Not Found"
2025-11-16 18:41:48,668 - WARNING - RetryError[<Future at 0x7a6340483ac0 state=finished raised NotFoundError>]
2025-11-16 18:41:48,678 - INFO - HTTP Request: POST http://localhost:11434/chat/completions "HTTP/1.1 404 Not Found"
2025-11-16 18:41:48,712 - INFO - HTTP Request: POST http://localhost:11434/chat/completions "HTTP/1.1 404 Not Found"
2025-11-16 18:41:48,713 - WARNING - RetryError[<Future at 0x7a6340499b70 state=finished raised NotFoundError>]
2025-11-16 18:41:48,722 - INFO - HTTP Request: POST http://localhost:11434/chat/completions "HTTP/1.1 404 Not Found"
2025-11-16 18:41:48,763 - INFO - HTTP Request: POST http://localhost:11434/chat/completions "HTTP/1.1 404 Not Found"
2025-11-16 18:41:48,764 - WARNING - RetryError[<Future at 0x7a6340483760 state=finished raised NotFoundError>]
2025-11-16 18:41:48,770 - INFO - HTTP Request: POST http://localhost:11434/chat/completions "HTTP/1.1 404 Not Found"
2025-11-16 18:41:48,808 - INFO - HTTP Request: POST http://localhost:11434/chat/completions "HTTP/1.1 404 Not Found"
2025-11-16 18:41:48,809 - WARNING - RetryError[<Future at 0x7a634049b460 state=finished raised NotFoundError>]
2025-11-16 18:41:48,816 - INFO - HTTP Request: POST http://localhost:11434/chat/completions "HTTP/1.1 404 Not Found"
2025-11-16 18:41:48,938 - INFO - HTTP Request: POST http://localhost:11434/chat/completions "HTTP/1.1 404 Not Found"
2025-11-16 18:41:48,939 - WARNING - RetryError[<Future at 0x7a634052b8e0 state=finished raised NotFoundError>]
2025-11-16 18:41:48,944 - INFO - HTTP Request: POST http://localhost:11434/chat/completions "HTTP/1.1 404 Not Found"
2025-11-16 18:41:48,980 - INFO - HTTP Request: POST http://localhost:11434/chat/completions "HTTP/1.1 404 Not Found"
2025-11-16 18:41:48,981 - WARNING - RetryError[<Future at 0x7a63404808b0 state=finished raised NotFoundError>]
2025-11-16 18:41:48,991 - INFO - HTTP Request: POST http://localhost:11434/chat/completions "HTTP/1.1 404 Not Found"
2025-11-16 18:41:49,007 - INFO - HTTP Request: POST http://localhost:11434/chat/completions "HTTP/1.1 404 Not Found"
2025-11-16 18:41:49,008 - WARNING - RetryError[<Future at 0x7a63404a3b50 state=finished raised NotFoundError>]
2025-11-16 18:41:49,015 - INFO - HTTP Request: POST http://localhost:11434/chat/completions "HTTP/1.1 404 Not Found"
2025-11-16 18:41:49,054 - INFO - HTTP Request: POST http://localhost:11434/chat/completions "HTTP/1.1 404 Not Found"
2025-11-16 18:41:49,056 - WARNING - RetryError[<Future at 0x7a6340481ea0 state=finished raised NotFoundError>]
2025-11-16 18:41:49,065 - INFO - HTTP Request: POST http://localhost:11434/chat/completions "HTTP/1.1 404 Not Found"
2025-11-16 18:41:49,214 - INFO - HTTP Request: POST http://localhost:11434/chat/completions "HTTP/1.1 404 Not Found"
2025-11-16 18:41:49,215 - WARNING - RetryError[<Future at 0x7a63404b21a0 state=finished raised NotFoundError>]
2025-11-16 18:41:49,226 - INFO - HTTP Request: POST http://localhost:11434/chat/completions "HTTP/1.1 404 Not Found"
2025-11-16 18:41:49,317 - INFO - HTTP Request: POST http://localhost:11434/chat/completions "HTTP/1.1 404 Not Found"
2025-11-16 18:41:49,317 - WARNING - RetryError[<Future at 0x7a63404a2fe0 state=finished raised NotFoundError>]
2025-11-16 18:41:49,322 - INFO - HTTP Request: POST http://localhost:11434/chat/completions "HTTP/1.1 404 Not Found"
2025-11-16 18:41:49,405 - INFO - HTTP Request: POST http://localhost:11434/chat/completions "HTTP/1.1 404 Not Found"
2025-11-16 18:41:49,406 - WARNING - RetryError[<Future at 0x7a63404b1780 state=finished raised NotFoundError>]
2025-11-16 18:41:49,412 - INFO - HTTP Request: POST http://localhost:11434/chat/completions "HTTP/1.1 404 Not Found"
2025-11-16 18:41:49,420 - INFO - HTTP Request: POST http://localhost:11434/chat/completions "HTTP/1.1 404 Not Found"
2025-11-16 18:41:49,421 - WARNING - RetryError[<Future at 0x7a63404c2890 state=finished raised NotFoundError>]
2025-11-16 18:41:49,435 - INFO - HTTP Request: POST http://localhost:11434/chat/completions "HTTP/1.1 404 Not Found"
2025-11-16 18:41:49,464 - INFO - HTTP Request: POST http://localhost:11434/chat/completions "HTTP/1.1 404 Not Found"
2025-11-16 18:41:49,465 - WARNING - RetryError[<Future at 0x7a63404b1540 state=finished raised NotFoundError>]
2025-11-16 18:41:49,471 - INFO - HTTP Request: POST http://localhost:11434/chat/completions "HTTP/1.1 404 Not Found"
2025-11-16 18:41:49,484 - INFO - HTTP Request: POST http://localhost:11434/chat/completions "HTTP/1.1 404 Not Found"
2025-11-16 18:41:49,485 - WARNING - RetryError[<Future at 0x7a63404b3a30 state=finished raised NotFoundError>]
2025-11-16 18:41:49,490 - INFO - HTTP Request: POST http://localhost:11434/chat/completions "HTTP/1.1 404 Not Found"
2025-11-16 18:41:49,558 - INFO - HTTP Request: POST http://localhost:11434/chat/completions "HTTP/1.1 404 Not Found"
2025-11-16 18:41:49,559 - WARNING - RetryError[<Future at 0x7a63404a1870 state=finished raised NotFoundError>]
2025-11-16 18:41:49,567 - INFO - HTTP Request: POST http://localhost:11434/chat/completions "HTTP/1.1 404 Not Found"
2025-11-16 18:41:49,600 - INFO - HTTP Request: POST http://localhost:11434/chat/completions "HTTP/1.1 404 Not Found"
2025-11-16 18:41:49,601 - WARNING - RetryError[<Future at 0x7a63404b0040 state=finished raised NotFoundError>]
2025-11-16 18:41:49,608 - INFO - HTTP Request: POST http://localhost:11434/chat/completions "HTTP/1.1 404 Not Found"
2025-11-16 18:41:49,685 - INFO - HTTP Request: POST http://localhost:11434/chat/completions "HTTP/1.1 404 Not Found"
2025-11-16 18:41:49,686 - WARNING - RetryError[<Future at 0x7a63404a2f50 state=finished raised NotFoundError>]
2025-11-16 18:41:49,694 - INFO - HTTP Request: POST http://localhost:11434/chat/completions "HTTP/1.1 404 Not Found"
2025-11-16 18:41:49,728 - INFO - HTTP Request: POST http://localhost:11434/chat/completions "HTTP/1.1 404 Not Found"
2025-11-16 18:41:49,729 - WARNING - RetryError[<Future at 0x7a634049b940 state=finished raised NotFoundError>]
2025-11-16 18:41:49,736 - INFO - HTTP Request: POST http://localhost:11434/chat/completions "HTTP/1.1 404 Not Found"
2025-11-16 18:41:49,777 - INFO - HTTP Request: POST http://localhost:11434/chat/completions "HTTP/1.1 404 Not Found"
2025-11-16 18:41:49,778 - WARNING - RetryError[<Future at 0x7a634049b040 state=finished raised NotFoundError>]
2025-11-16 18:41:49,787 - INFO - HTTP Request: POST http://localhost:11434/chat/completions "HTTP/1.1 404 Not Found"
2025-11-16 18:41:49,822 - INFO - HTTP Request: POST http://localhost:11434/chat/completions "HTTP/1.1 404 Not Found"
2025-11-16 18:41:49,822 - WARNING - RetryError[<Future at 0x7a63404a1750 state=finished raised NotFoundError>]
2025-11-16 18:41:49,829 - INFO - HTTP Request: POST http://localhost:11434/chat/completions "HTTP/1.1 404 Not Found"
2025-11-16 18:41:49,950 - INFO - HTTP Request: POST http://localhost:11434/chat/completions "HTTP/1.1 404 Not Found"
2025-11-16 18:41:49,951 - WARNING - RetryError[<Future at 0x7a63404800a0 state=finished raised NotFoundError>]
2025-11-16 18:41:49,956 - INFO - HTTP Request: POST http://localhost:11434/chat/completions "HTTP/1.1 404 Not Found"
2025-11-16 18:41:49,998 - INFO - HTTP Request: POST http://localhost:11434/chat/completions "HTTP/1.1 404 Not Found"
2025-11-16 18:41:49,998 - WARNING - RetryError[<Future at 0x7a6340449ea0 state=finished raised NotFoundError>]
2025-11-16 18:41:50,007 - INFO - HTTP Request: POST http://localhost:11434/chat/completions "HTTP/1.1 404 Not Found"
2025-11-16 18:41:50,020 - INFO - HTTP Request: POST http://localhost:11434/chat/completions "HTTP/1.1 404 Not Found"
2025-11-16 18:41:50,021 - WARNING - RetryError[<Future at 0x7a6340483220 state=finished raised NotFoundError>]
2025-11-16 18:41:50,027 - INFO - HTTP Request: POST http://localhost:11434/chat/completions "HTTP/1.1 404 Not Found"
2025-11-16 18:41:50,070 - INFO - HTTP Request: POST http://localhost:11434/chat/completions "HTTP/1.1 404 Not Found"
2025-11-16 18:41:50,071 - WARNING - RetryError[<Future at 0x7a63405d1f00 state=finished raised NotFoundError>]
2025-11-16 18:41:50,077 - INFO - HTTP Request: POST http://localhost:11434/chat/completions "HTTP/1.1 404 Not Found"
2025-11-16 18:41:50,231 - INFO - HTTP Request: POST http://localhost:11434/chat/completions "HTTP/1.1 404 Not Found"
2025-11-16 18:41:50,232 - WARNING - RetryError[<Future at 0x7a63404359c0 state=finished raised NotFoundError>]
2025-11-16 18:41:50,237 - INFO - HTTP Request: POST http://localhost:11434/chat/completions "HTTP/1.1 404 Not Found"
2025-11-16 18:41:50,328 - INFO - HTTP Request: POST http://localhost:11434/chat/completions "HTTP/1.1 404 Not Found"
2025-11-16 18:41:50,328 - WARNING - RetryError[<Future at 0x7a63405d1a80 state=finished raised NotFoundError>]
2025-11-16 18:41:50,333 - INFO - HTTP Request: POST http://localhost:11434/chat/completions "HTTP/1.1 404 Not Found"
2025-11-16 18:41:50,418 - INFO - HTTP Request: POST http://localhost:11434/chat/completions "HTTP/1.1 404 Not Found"
2025-11-16 18:41:50,419 - WARNING - RetryError[<Future at 0x7a6340411000 state=finished raised NotFoundError>]
2025-11-16 18:41:50,428 - INFO - HTTP Request: POST http://localhost:11434/chat/completions "HTTP/1.1 404 Not Found"
2025-11-16 18:41:50,440 - INFO - HTTP Request: POST http://localhost:11434/chat/completions "HTTP/1.1 404 Not Found"
2025-11-16 18:41:50,441 - WARNING - RetryError[<Future at 0x7a636b2bd540 state=finished raised NotFoundError>]
2025-11-16 18:41:50,450 - INFO - HTTP Request: POST http://localhost:11434/chat/completions "HTTP/1.1 404 Not Found"
2025-11-16 18:41:50,478 - INFO - HTTP Request: POST http://localhost:11434/chat/completions "HTTP/1.1 404 Not Found"
2025-11-16 18:41:50,479 - WARNING - RetryError[<Future at 0x7a634052a650 state=finished raised NotFoundError>]
2025-11-16 18:41:50,486 - INFO - HTTP Request: POST http://localhost:11434/chat/completions "HTTP/1.1 404 Not Found"
2025-11-16 18:41:50,498 - INFO - HTTP Request: POST http://localhost:11434/chat/completions "HTTP/1.1 404 Not Found"
2025-11-16 18:41:50,499 - WARNING - RetryError[<Future at 0x7a634045a530 state=finished raised NotFoundError>]
2025-11-16 18:41:50,507 - INFO - HTTP Request: POST http://localhost:11434/chat/completions "HTTP/1.1 404 Not Found"
2025-11-16 18:41:50,572 - INFO - HTTP Request: POST http://localhost:11434/chat/completions "HTTP/1.1 404 Not Found"
2025-11-16 18:41:50,573 - WARNING - RetryError[<Future at 0x7a63404c3130 state=finished raised NotFoundError>]
2025-11-16 18:41:50,580 - INFO - HTTP Request: POST http://localhost:11434/chat/completions "HTTP/1.1 404 Not Found"
2025-11-16 18:41:50,613 - INFO - HTTP Request: POST http://localhost:11434/chat/completions "HTTP/1.1 404 Not Found"
2025-11-16 18:41:50,614 - WARNING - RetryError[<Future at 0x7a636b2bc2b0 state=finished raised NotFoundError>]
2025-11-16 18:41:50,620 - INFO - HTTP Request: POST http://localhost:11434/chat/completions "HTTP/1.1 404 Not Found"
2025-11-16 18:41:50,699 - INFO - HTTP Request: POST http://localhost:11434/chat/completions "HTTP/1.1 404 Not Found"
2025-11-16 18:41:50,700 - WARNING - RetryError[<Future at 0x7a63404c0f70 state=finished raised NotFoundError>]
2025-11-16 18:41:50,708 - INFO - HTTP Request: POST http://localhost:11434/chat/completions "HTTP/1.1 404 Not Found"
2025-11-16 18:41:50,744 - INFO - HTTP Request: POST http://localhost:11434/chat/completions "HTTP/1.1 404 Not Found"
2025-11-16 18:41:50,745 - WARNING - RetryError[<Future at 0x7a63404c3e80 state=finished raised NotFoundError>]
2025-11-16 18:41:50,753 - INFO - HTTP Request: POST http://localhost:11434/chat/completions "HTTP/1.1 404 Not Found"
2025-11-16 18:41:50,793 - INFO - HTTP Request: POST http://localhost:11434/chat/completions "HTTP/1.1 404 Not Found"
2025-11-16 18:41:50,794 - WARNING - RetryError[<Future at 0x7a63404c0ca0 state=finished raised NotFoundError>]
2025-11-16 18:41:50,801 - INFO - HTTP Request: POST http://localhost:11434/chat/completions "HTTP/1.1 404 Not Found"
2025-11-16 18:41:50,835 - INFO - HTTP Request: POST http://localhost:11434/chat/completions "HTTP/1.1 404 Not Found"
2025-11-16 18:41:50,836 - WARNING - RetryError[<Future at 0x7a63404d2620 state=finished raised NotFoundError>]
2025-11-16 18:41:50,843 - INFO - HTTP Request: POST http://localhost:11434/chat/completions "HTTP/1.1 404 Not Found"
2025-11-16 18:41:50,963 - INFO - HTTP Request: POST http://localhost:11434/chat/completions "HTTP/1.1 404 Not Found"
2025-11-16 18:41:50,963 - WARNING - RetryError[<Future at 0x7a63404d3820 state=finished raised NotFoundError>]
2025-11-16 18:41:50,971 - INFO - HTTP Request: POST http://localhost:11434/chat/completions "HTTP/1.1 404 Not Found"
2025-11-16 18:41:51,011 - INFO - HTTP Request: POST http://localhost:11434/chat/completions "HTTP/1.1 404 Not Found"
2025-11-16 18:41:51,012 - WARNING - RetryError[<Future at 0x7a63404d2680 state=finished raised NotFoundError>]
2025-11-16 18:41:51,018 - INFO - HTTP Request: POST http://localhost:11434/chat/completions "HTTP/1.1 404 Not Found"
2025-11-16 18:41:51,033 - INFO - HTTP Request: POST http://localhost:11434/chat/completions "HTTP/1.1 404 Not Found"
2025-11-16 18:41:51,034 - WARNING - RetryError[<Future at 0x7a63404e21d0 state=finished raised NotFoundError>]
2025-11-16 18:41:51,043 - INFO - HTTP Request: POST http://localhost:11434/chat/completions "HTTP/1.1 404 Not Found"
2025-11-16 18:41:51,091 - INFO - HTTP Request: POST http://localhost:11434/chat/completions "HTTP/1.1 404 Not Found"
2025-11-16 18:41:51,092 - WARNING - RetryError[<Future at 0x7a63404d0340 state=finished raised NotFoundError>]
2025-11-16 18:41:51,106 - INFO - HTTP Request: POST http://localhost:11434/chat/completions "HTTP/1.1 404 Not Found"
2025-11-16 18:41:51,245 - INFO - HTTP Request: POST http://localhost:11434/chat/completions "HTTP/1.1 404 Not Found"
2025-11-16 18:41:51,245 - WARNING - RetryError[<Future at 0x7a63404e1660 state=finished raised NotFoundError>]
2025-11-16 18:41:51,253 - INFO - HTTP Request: POST http://localhost:11434/chat/completions "HTTP/1.1 404 Not Found"
2025-11-16 18:41:51,340 - INFO - HTTP Request: POST http://localhost:11434/chat/completions "HTTP/1.1 404 Not Found"
2025-11-16 18:41:51,342 - WARNING - RetryError[<Future at 0x7a63404f2890 state=finished raised NotFoundError>]
2025-11-16 18:41:51,349 - INFO - HTTP Request: POST http://localhost:11434/chat/completions "HTTP/1.1 404 Not Found"
2025-11-16 18:41:51,435 - INFO - HTTP Request: POST http://localhost:11434/chat/completions "HTTP/1.1 404 Not Found"
2025-11-16 18:41:51,436 - WARNING - RetryError[<Future at 0x7a63404c1ab0 state=finished raised NotFoundError>]
2025-11-16 18:41:51,441 - INFO - HTTP Request: POST http://localhost:11434/chat/completions "HTTP/1.1 404 Not Found"
2025-11-16 18:41:51,456 - INFO - HTTP Request: POST http://localhost:11434/chat/completions "HTTP/1.1 404 Not Found"
2025-11-16 18:41:51,458 - WARNING - RetryError[<Future at 0x7a63404f06d0 state=finished raised NotFoundError>]
2025-11-16 18:41:51,464 - INFO - HTTP Request: POST http://localhost:11434/chat/completions "HTTP/1.1 404 Not Found"
2025-11-16 18:41:51,493 - INFO - HTTP Request: POST http://localhost:11434/chat/completions "HTTP/1.1 404 Not Found"
2025-11-16 18:41:51,493 - WARNING - RetryError[<Future at 0x7a63404f3be0 state=finished raised NotFoundError>]
2025-11-16 18:41:51,499 - INFO - HTTP Request: POST http://localhost:11434/chat/completions "HTTP/1.1 404 Not Found"
2025-11-16 18:41:51,515 - INFO - HTTP Request: POST http://localhost:11434/chat/completions "HTTP/1.1 404 Not Found"
2025-11-16 18:41:51,517 - WARNING - RetryError[<Future at 0x7a63404e3640 state=finished raised NotFoundError>]
2025-11-16 18:41:51,523 - INFO - HTTP Request: POST http://localhost:11434/chat/completions "HTTP/1.1 404 Not Found"
2025-11-16 18:41:51,590 - INFO - HTTP Request: POST http://localhost:11434/chat/completions "HTTP/1.1 404 Not Found"
2025-11-16 18:41:51,592 - WARNING - RetryError[<Future at 0x7a6340313b50 state=finished raised NotFoundError>]
2025-11-16 18:41:51,608 - INFO - HTTP Request: POST http://localhost:11434/chat/completions "HTTP/1.1 404 Not Found"
2025-11-16 18:41:51,626 - INFO - HTTP Request: POST http://localhost:11434/chat/completions "HTTP/1.1 404 Not Found"
2025-11-16 18:41:51,627 - WARNING - RetryError[<Future at 0x7a63403138b0 state=finished raised NotFoundError>]
2025-11-16 18:41:51,633 - INFO - HTTP Request: POST http://localhost:11434/chat/completions "HTTP/1.1 404 Not Found"
2025-11-16 18:41:51,712 - INFO - HTTP Request: POST http://localhost:11434/chat/completions "HTTP/1.1 404 Not Found"
2025-11-16 18:41:51,713 - WARNING - RetryError[<Future at 0x7a63403118d0 state=finished raised NotFoundError>]
2025-11-16 18:41:51,718 - INFO - HTTP Request: POST http://localhost:11434/chat/completions "HTTP/1.1 404 Not Found"
2025-11-16 18:41:51,758 - INFO - HTTP Request: POST http://localhost:11434/chat/completions "HTTP/1.1 404 Not Found"
2025-11-16 18:41:51,759 - WARNING - RetryError[<Future at 0x7a63404f21d0 state=finished raised NotFoundError>]
2025-11-16 18:41:51,764 - INFO - HTTP Request: POST http://localhost:11434/chat/completions "HTTP/1.1 404 Not Found"
2025-11-16 18:41:51,809 - INFO - HTTP Request: POST http://localhost:11434/chat/completions "HTTP/1.1 404 Not Found"
2025-11-16 18:41:51,810 - WARNING - RetryError[<Future at 0x7a63404f13c0 state=finished raised NotFoundError>]
2025-11-16 18:41:51,815 - INFO - HTTP Request: POST http://localhost:11434/chat/completions "HTTP/1.1 404 Not Found"
2025-11-16 18:41:51,847 - INFO - HTTP Request: POST http://localhost:11434/chat/completions "HTTP/1.1 404 Not Found"
2025-11-16 18:41:51,848 - WARNING - RetryError[<Future at 0x7a63404f09a0 state=finished raised NotFoundError>]
2025-11-16 18:41:51,858 - INFO - HTTP Request: POST http://localhost:11434/chat/completions "HTTP/1.1 404 Not Found"
2025-11-16 18:41:51,976 - INFO - HTTP Request: POST http://localhost:11434/chat/completions "HTTP/1.1 404 Not Found"
2025-11-16 18:41:51,977 - WARNING - RetryError[<Future at 0x7a6340313760 state=finished raised NotFoundError>]
2025-11-16 18:41:51,984 - INFO - HTTP Request: POST http://localhost:11434/chat/completions "HTTP/1.1 404 Not Found"
2025-11-16 18:41:52,024 - INFO - HTTP Request: POST http://localhost:11434/chat/completions "HTTP/1.1 404 Not Found"
2025-11-16 18:41:52,025 - WARNING - RetryError[<Future at 0x7a63404e3fd0 state=finished raised NotFoundError>]
2025-11-16 18:41:52,034 - INFO - HTTP Request: POST http://localhost:11434/chat/completions "HTTP/1.1 404 Not Found"
2025-11-16 18:41:52,048 - INFO - HTTP Request: POST http://localhost:11434/chat/completions "HTTP/1.1 404 Not Found"
2025-11-16 18:41:52,049 - WARNING - RetryError[<Future at 0x7a63404e3970 state=finished raised NotFoundError>]
2025-11-16 18:41:52,057 - INFO - HTTP Request: POST http://localhost:11434/chat/completions "HTTP/1.1 404 Not Found"
2025-11-16 18:41:52,116 - INFO - HTTP Request: POST http://localhost:11434/chat/completions "HTTP/1.1 404 Not Found"
2025-11-16 18:41:52,118 - WARNING - RetryError[<Future at 0x7a63404f0a60 state=finished raised NotFoundError>]
2025-11-16 18:41:52,129 - INFO - HTTP Request: POST http://localhost:11434/chat/completions "HTTP/1.1 404 Not Found"
2025-11-16 18:41:52,262 - INFO - HTTP Request: POST http://localhost:11434/chat/completions "HTTP/1.1 404 Not Found"
2025-11-16 18:41:52,263 - WARNING - RetryError[<Future at 0x7a63404d25f0 state=finished raised NotFoundError>]
2025-11-16 18:41:52,273 - INFO - HTTP Request: POST http://localhost:11434/chat/completions "HTTP/1.1 404 Not Found"
2025-11-16 18:41:52,354 - INFO - HTTP Request: POST http://localhost:11434/chat/completions "HTTP/1.1 404 Not Found"
2025-11-16 18:41:52,355 - WARNING - RetryError[<Future at 0x7a63404980d0 state=finished raised NotFoundError>]
2025-11-16 18:41:52,359 - INFO - HTTP Request: POST http://localhost:11434/chat/completions "HTTP/1.1 404 Not Found"
2025-11-16 18:41:52,447 - INFO - HTTP Request: POST http://localhost:11434/chat/completions "HTTP/1.1 404 Not Found"
2025-11-16 18:41:52,448 - WARNING - RetryError[<Future at 0x7a6340540fa0 state=finished raised NotFoundError>]
2025-11-16 18:41:52,453 - INFO - HTTP Request: POST http://localhost:11434/chat/completions "HTTP/1.1 404 Not Found"
2025-11-16 18:41:52,469 - INFO - HTTP Request: POST http://localhost:11434/chat/completions "HTTP/1.1 404 Not Found"
2025-11-16 18:41:52,471 - WARNING - RetryError[<Future at 0x7a6340459e10 state=finished raised NotFoundError>]
2025-11-16 18:41:52,477 - INFO - HTTP Request: POST http://localhost:11434/chat/completions "HTTP/1.1 404 Not Found"
2025-11-16 18:41:52,504 - INFO - HTTP Request: POST http://localhost:11434/chat/completions "HTTP/1.1 404 Not Found"
2025-11-16 18:41:52,506 - WARNING - RetryError[<Future at 0x7a6340422350 state=finished raised NotFoundError>]
2025-11-16 18:41:52,511 - INFO - HTTP Request: POST http://localhost:11434/chat/completions "HTTP/1.1 404 Not Found"
2025-11-16 18:41:52,529 - INFO - HTTP Request: POST http://localhost:11434/chat/completions "HTTP/1.1 404 Not Found"
2025-11-16 18:41:52,530 - WARNING - RetryError[<Future at 0x7a63404e0b80 state=finished raised NotFoundError>]
2025-11-16 18:41:52,536 - INFO - HTTP Request: POST http://localhost:11434/chat/completions "HTTP/1.1 404 Not Found"
2025-11-16 18:41:52,618 - INFO - HTTP Request: POST http://localhost:11434/chat/completions "HTTP/1.1 404 Not Found"
2025-11-16 18:41:52,618 - WARNING - RetryError[<Future at 0x7a63404b3d60 state=finished raised NotFoundError>]
2025-11-16 18:41:52,627 - INFO - HTTP Request: POST http://localhost:11434/chat/completions "HTTP/1.1 404 Not Found"
2025-11-16 18:41:52,641 - INFO - HTTP Request: POST http://localhost:11434/chat/completions "HTTP/1.1 404 Not Found"
2025-11-16 18:41:52,642 - WARNING - RetryError[<Future at 0x7a6340572140 state=finished raised NotFoundError>]
2025-11-16 18:41:52,649 - INFO - HTTP Request: POST http://localhost:11434/chat/completions "HTTP/1.1 404 Not Found"
2025-11-16 18:41:52,722 - INFO - HTTP Request: POST http://localhost:11434/chat/completions "HTTP/1.1 404 Not Found"
2025-11-16 18:41:52,723 - WARNING - RetryError[<Future at 0x7a63405720b0 state=finished raised NotFoundError>]
2025-11-16 18:41:52,730 - INFO - HTTP Request: POST http://localhost:11434/chat/completions "HTTP/1.1 404 Not Found"
2025-11-16 18:41:52,770 - INFO - HTTP Request: POST http://localhost:11434/chat/completions "HTTP/1.1 404 Not Found"
2025-11-16 18:41:52,770 - WARNING - RetryError[<Future at 0x7a63404c05b0 state=finished raised NotFoundError>]
2025-11-16 18:41:52,776 - INFO - HTTP Request: POST http://localhost:11434/chat/completions "HTTP/1.1 404 Not Found"
2025-11-16 18:41:52,820 - INFO - HTTP Request: POST http://localhost:11434/chat/completions "HTTP/1.1 404 Not Found"
2025-11-16 18:41:52,821 - WARNING - RetryError[<Future at 0x7a63404c2350 state=finished raised NotFoundError>]
2025-11-16 18:41:52,825 - INFO - HTTP Request: POST http://localhost:11434/chat/completions "HTTP/1.1 404 Not Found"
2025-11-16 18:41:52,862 - INFO - HTTP Request: POST http://localhost:11434/chat/completions "HTTP/1.1 404 Not Found"
2025-11-16 18:41:52,863 - WARNING - RetryError[<Future at 0x7a6340528910 state=finished raised NotFoundError>]
2025-11-16 18:41:52,869 - INFO - HTTP Request: POST http://localhost:11434/chat/completions "HTTP/1.1 404 Not Found"
2025-11-16 18:41:52,992 - INFO - HTTP Request: POST http://localhost:11434/chat/completions "HTTP/1.1 404 Not Found"
2025-11-16 18:41:52,993 - WARNING - RetryError[<Future at 0x7a6340322050 state=finished raised NotFoundError>]
2025-11-16 18:41:52,999 - INFO - HTTP Request: POST http://localhost:11434/chat/completions "HTTP/1.1 404 Not Found"
2025-11-16 18:41:53,038 - INFO - HTTP Request: POST http://localhost:11434/chat/completions "HTTP/1.1 404 Not Found"
2025-11-16 18:41:53,039 - WARNING - RetryError[<Future at 0x7a63404c3f10 state=finished raised NotFoundError>]
2025-11-16 18:41:53,043 - INFO - HTTP Request: POST http://localhost:11434/chat/completions "HTTP/1.1 404 Not Found"
2025-11-16 18:41:53,065 - INFO - HTTP Request: POST http://localhost:11434/chat/completions "HTTP/1.1 404 Not Found"
2025-11-16 18:41:53,066 - WARNING - RetryError[<Future at 0x7a6340320fa0 state=finished raised NotFoundError>]
2025-11-16 18:41:53,075 - INFO - HTTP Request: POST http://localhost:11434/chat/completions "HTTP/1.1 404 Not Found"
2025-11-16 18:41:53,138 - INFO - HTTP Request: POST http://localhost:11434/chat/completions "HTTP/1.1 404 Not Found"
2025-11-16 18:41:53,139 - WARNING - RetryError[<Future at 0x7a63403328f0 state=finished raised NotFoundError>]
2025-11-16 18:41:53,147 - INFO - HTTP Request: POST http://localhost:11434/chat/completions "HTTP/1.1 404 Not Found"
2025-11-16 18:41:53,279 - INFO - HTTP Request: POST http://localhost:11434/chat/completions "HTTP/1.1 404 Not Found"
2025-11-16 18:41:53,280 - WARNING - RetryError[<Future at 0x7a6340323fa0 state=finished raised NotFoundError>]
2025-11-16 18:41:53,288 - INFO - HTTP Request: POST http://localhost:11434/chat/completions "HTTP/1.1 404 Not Found"
2025-11-16 18:41:53,366 - INFO - HTTP Request: POST http://localhost:11434/chat/completions "HTTP/1.1 404 Not Found"
2025-11-16 18:41:53,368 - WARNING - RetryError[<Future at 0x7a6340330640 state=finished raised NotFoundError>]
2025-11-16 18:41:53,376 - INFO - HTTP Request: POST http://localhost:11434/chat/completions "HTTP/1.1 404 Not Found"
2025-11-16 18:41:53,460 - INFO - HTTP Request: POST http://localhost:11434/chat/completions "HTTP/1.1 404 Not Found"
2025-11-16 18:41:53,461 - WARNING - RetryError[<Future at 0x7a6340333a60 state=finished raised NotFoundError>]
2025-11-16 18:41:53,467 - INFO - HTTP Request: POST http://localhost:11434/chat/completions "HTTP/1.1 404 Not Found"
2025-11-16 18:41:53,482 - INFO - HTTP Request: POST http://localhost:11434/chat/completions "HTTP/1.1 404 Not Found"
2025-11-16 18:41:53,484 - WARNING - RetryError[<Future at 0x7a6340323a60 state=finished raised NotFoundError>]
2025-11-16 18:41:53,491 - INFO - HTTP Request: POST http://localhost:11434/chat/completions "HTTP/1.1 404 Not Found"
2025-11-16 18:41:53,515 - INFO - HTTP Request: POST http://localhost:11434/chat/completions "HTTP/1.1 404 Not Found"
2025-11-16 18:41:53,517 - WARNING - RetryError[<Future at 0x7a634033fbb0 state=finished raised NotFoundError>]
2025-11-16 18:41:53,525 - INFO - HTTP Request: POST http://localhost:11434/chat/completions "HTTP/1.1 404 Not Found"
2025-11-16 18:41:53,541 - INFO - HTTP Request: POST http://localhost:11434/chat/completions "HTTP/1.1 404 Not Found"
2025-11-16 18:41:53,542 - WARNING - RetryError[<Future at 0x7a6340323850 state=finished raised NotFoundError>]
2025-11-16 18:41:53,546 - INFO - HTTP Request: POST http://localhost:11434/chat/completions "HTTP/1.1 404 Not Found"
2025-11-16 18:41:53,632 - INFO - HTTP Request: POST http://localhost:11434/chat/completions "HTTP/1.1 404 Not Found"
2025-11-16 18:41:53,633 - WARNING - RetryError[<Future at 0x7a6340356020 state=finished raised NotFoundError>]
2025-11-16 18:41:53,639 - INFO - HTTP Request: POST http://localhost:11434/chat/completions "HTTP/1.1 404 Not Found"
2025-11-16 18:41:53,654 - INFO - HTTP Request: POST http://localhost:11434/chat/completions "HTTP/1.1 404 Not Found"
2025-11-16 18:41:53,655 - WARNING - RetryError[<Future at 0x7a6340357220 state=finished raised NotFoundError>]
2025-11-16 18:41:53,661 - INFO - HTTP Request: POST http://localhost:11434/chat/completions "HTTP/1.1 404 Not Found"
2025-11-16 18:41:53,738 - INFO - HTTP Request: POST http://localhost:11434/chat/completions "HTTP/1.1 404 Not Found"
2025-11-16 18:41:53,739 - WARNING - RetryError[<Future at 0x7a6340355cc0 state=finished raised NotFoundError>]
2025-11-16 18:41:53,747 - INFO - HTTP Request: POST http://localhost:11434/chat/completions "HTTP/1.1 404 Not Found"
2025-11-16 18:41:53,781 - INFO - HTTP Request: POST http://localhost:11434/chat/completions "HTTP/1.1 404 Not Found"
2025-11-16 18:41:53,782 - WARNING - RetryError[<Future at 0x7a6340359cc0 state=finished raised NotFoundError>]
2025-11-16 18:41:53,792 - INFO - HTTP Request: POST http://localhost:11434/chat/completions "HTTP/1.1 404 Not Found"
2025-11-16 18:41:53,830 - INFO - HTTP Request: POST http://localhost:11434/chat/completions "HTTP/1.1 404 Not Found"
2025-11-16 18:41:53,831 - WARNING - RetryError[<Future at 0x7a634044b280 state=finished raised NotFoundError>]
2025-11-16 18:41:53,837 - INFO - HTTP Request: POST http://localhost:11434/chat/completions "HTTP/1.1 404 Not Found"
2025-11-16 18:41:53,875 - INFO - HTTP Request: POST http://localhost:11434/chat/completions "HTTP/1.1 404 Not Found"
2025-11-16 18:41:53,876 - WARNING - RetryError[<Future at 0x7a63405d0e80 state=finished raised NotFoundError>]
2025-11-16 18:41:53,884 - INFO - HTTP Request: POST http://localhost:11434/chat/completions "HTTP/1.1 404 Not Found"
2025-11-16 18:41:54,007 - INFO - HTTP Request: POST http://localhost:11434/chat/completions "HTTP/1.1 404 Not Found"
2025-11-16 18:41:54,008 - WARNING - RetryError[<Future at 0x7a63404221a0 state=finished raised NotFoundError>]
2025-11-16 18:41:54,016 - INFO - HTTP Request: POST http://localhost:11434/chat/completions "HTTP/1.1 404 Not Found"
2025-11-16 18:41:54,055 - INFO - HTTP Request: POST http://localhost:11434/chat/completions "HTTP/1.1 404 Not Found"
2025-11-16 18:41:54,057 - WARNING - RetryError[<Future at 0x7a6340541810 state=finished raised NotFoundError>]
2025-11-16 18:41:54,071 - INFO - HTTP Request: POST http://localhost:11434/chat/completions "HTTP/1.1 404 Not Found"
2025-11-16 18:41:54,088 - INFO - HTTP Request: POST http://localhost:11434/chat/completions "HTTP/1.1 404 Not Found"
2025-11-16 18:41:54,090 - WARNING - RetryError[<Future at 0x7a6340357c70 state=finished raised NotFoundError>]
2025-11-16 18:41:54,100 - INFO - HTTP Request: POST http://localhost:11434/chat/completions "HTTP/1.1 404 Not Found"
2025-11-16 18:41:54,152 - INFO - HTTP Request: POST http://localhost:11434/chat/completions "HTTP/1.1 404 Not Found"
2025-11-16 18:41:54,153 - WARNING - RetryError[<Future at 0x7a6340330580 state=finished raised NotFoundError>]
2025-11-16 18:41:54,294 - INFO - HTTP Request: POST http://localhost:11434/chat/completions "HTTP/1.1 404 Not Found"
2025-11-16 18:41:54,295 - WARNING - RetryError[<Future at 0x7a6340330a00 state=finished raised NotFoundError>]
2025-11-16 18:41:54,384 - INFO - HTTP Request: POST http://localhost:11434/chat/completions "HTTP/1.1 404 Not Found"
2025-11-16 18:41:54,385 - WARNING - RetryError[<Future at 0x7a63404d1d50 state=finished raised NotFoundError>]
2025-11-16 18:41:54,473 - INFO - HTTP Request: POST http://localhost:11434/chat/completions "HTTP/1.1 404 Not Found"
2025-11-16 18:41:54,474 - WARNING - RetryError[<Future at 0x7a6340333eb0 state=finished raised NotFoundError>]
2025-11-16 18:41:54,495 - INFO - HTTP Request: POST http://localhost:11434/chat/completions "HTTP/1.1 404 Not Found"
2025-11-16 18:41:54,496 - WARNING - RetryError[<Future at 0x7a634033e170 state=finished raised NotFoundError>]
2025-11-16 18:41:54,531 - INFO - HTTP Request: POST http://localhost:11434/chat/completions "HTTP/1.1 404 Not Found"
2025-11-16 18:41:54,532 - WARNING - RetryError[<Future at 0x7a634033d6f0 state=finished raised NotFoundError>]
2025-11-16 18:41:54,552 - INFO - HTTP Request: POST http://localhost:11434/chat/completions "HTTP/1.1 404 Not Found"
2025-11-16 18:41:54,553 - WARNING - RetryError[<Future at 0x7a634033ed70 state=finished raised NotFoundError>]
2025-11-16 18:41:54,644 - INFO - HTTP Request: POST http://localhost:11434/chat/completions "HTTP/1.1 404 Not Found"
2025-11-16 18:41:54,645 - WARNING - RetryError[<Future at 0x7a63403203d0 state=finished raised NotFoundError>]
2025-11-16 18:41:54,667 - INFO - HTTP Request: POST http://localhost:11434/chat/completions "HTTP/1.1 404 Not Found"
2025-11-16 18:41:54,668 - WARNING - RetryError[<Future at 0x7a63403553c0 state=finished raised NotFoundError>]
2025-11-16 18:41:54,751 - INFO - HTTP Request: POST http://localhost:11434/chat/completions "HTTP/1.1 404 Not Found"
2025-11-16 18:41:54,752 - WARNING - RetryError[<Future at 0x7a6340480970 state=finished raised NotFoundError>]
2025-11-16 18:41:54,798 - INFO - HTTP Request: POST http://localhost:11434/chat/completions "HTTP/1.1 404 Not Found"
2025-11-16 18:41:54,798 - WARNING - RetryError[<Future at 0x7a6340323ca0 state=finished raised NotFoundError>]
2025-11-16 18:41:54,842 - INFO - HTTP Request: POST http://localhost:11434/chat/completions "HTTP/1.1 404 Not Found"
2025-11-16 18:41:54,843 - WARNING - RetryError[<Future at 0x7a63404c0550 state=finished raised NotFoundError>]
2025-11-16 18:41:54,892 - INFO - HTTP Request: POST http://localhost:11434/chat/completions "HTTP/1.1 404 Not Found"
2025-11-16 18:41:54,893 - WARNING - RetryError[<Future at 0x7a63404c1870 state=finished raised NotFoundError>]
2025-11-16 18:41:55,028 - INFO - HTTP Request: POST http://localhost:11434/chat/completions "HTTP/1.1 404 Not Found"
2025-11-16 18:41:55,029 - WARNING - RetryError[<Future at 0x7a634049b820 state=finished raised NotFoundError>]
2025-11-16 18:41:55,078 - INFO - HTTP Request: POST http://localhost:11434/chat/completions "HTTP/1.1 404 Not Found"
2025-11-16 18:41:55,079 - WARNING - RetryError[<Future at 0x7a63404e1120 state=finished raised NotFoundError>]
2025-11-16 18:41:55,108 - INFO - HTTP Request: POST http://localhost:11434/chat/completions "HTTP/1.1 404 Not Found"
2025-11-16 18:41:55,108 - WARNING - RetryError[<Future at 0x7a63404f3e80 state=finished raised NotFoundError>]
2025-11-16 18:41:55,126 - INFO - HTTP Request: POST http://localhost:11434/chat/completions "HTTP/1.1 404 Not Found"
2025-11-16 18:41:55,133 - INFO - HTTP Request: POST http://localhost:11434/chat/completions "HTTP/1.1 404 Not Found"
2025-11-16 18:41:55,156 - INFO - HTTP Request: POST http://localhost:11434/chat/completions "HTTP/1.1 404 Not Found"
2025-11-16 18:41:55,169 - INFO - HTTP Request: POST http://localhost:11434/chat/completions "HTTP/1.1 404 Not Found"
2025-11-16 18:41:55,173 - INFO - HTTP Request: POST http://localhost:11434/chat/completions "HTTP/1.1 404 Not Found"
2025-11-16 18:41:55,181 - INFO - HTTP Request: POST http://localhost:11434/chat/completions "HTTP/1.1 404 Not Found"
2025-11-16 18:41:55,186 - INFO - HTTP Request: POST http://localhost:11434/chat/completions "HTTP/1.1 404 Not Found"
2025-11-16 18:41:55,190 - INFO - HTTP Request: POST http://localhost:11434/chat/completions "HTTP/1.1 404 Not Found"
2025-11-16 18:41:55,222 - INFO - HTTP Request: POST http://localhost:11434/chat/completions "HTTP/1.1 404 Not Found"
2025-11-16 18:41:55,226 - INFO - HTTP Request: POST http://localhost:11434/chat/completions "HTTP/1.1 404 Not Found"
2025-11-16 18:41:55,230 - INFO - HTTP Request: POST http://localhost:11434/chat/completions "HTTP/1.1 404 Not Found"
2025-11-16 18:41:55,235 - INFO - HTTP Request: POST http://localhost:11434/chat/completions "HTTP/1.1 404 Not Found"
2025-11-16 18:41:55,240 - INFO - HTTP Request: POST http://localhost:11434/chat/completions "HTTP/1.1 404 Not Found"
2025-11-16 18:41:55,243 - INFO - HTTP Request: POST http://localhost:11434/chat/completions "HTTP/1.1 404 Not Found"
2025-11-16 18:41:55,274 - INFO - HTTP Request: POST http://localhost:11434/chat/completions "HTTP/1.1 404 Not Found"
2025-11-16 18:41:55,284 - INFO - HTTP Request: POST http://localhost:11434/chat/completions "HTTP/1.1 404 Not Found"
2025-11-16 18:41:56,132 - INFO - HTTP Request: POST http://localhost:11434/chat/completions "HTTP/1.1 404 Not Found"
2025-11-16 18:41:56,132 - WARNING - Exception for chunk chunk-4e7c4f0325b8c3a1e465b1d1aa264ae0: RetryError[<Future at 0x7a6340264f10 state=finished raised NotFoundError>]
2025-11-16 18:41:56,139 - INFO - HTTP Request: POST http://localhost:11434/chat/completions "HTTP/1.1 404 Not Found"
2025-11-16 18:41:56,141 - INFO - HTTP Request: POST http://localhost:11434/chat/completions "HTTP/1.1 404 Not Found"
2025-11-16 18:41:56,142 - WARNING - Exception for chunk chunk-6f13a4851ae293bee4ebaa3370ce3f5d: RetryError[<Future at 0x7a634024bfd0 state=finished raised NotFoundError>]
2025-11-16 18:41:56,147 - INFO - HTTP Request: POST http://localhost:11434/chat/completions "HTTP/1.1 404 Not Found"
2025-11-16 18:41:56,161 - INFO - HTTP Request: POST http://localhost:11434/chat/completions "HTTP/1.1 404 Not Found"
2025-11-16 18:41:56,161 - WARNING - Exception for chunk chunk-cfb9f5245d225e8ceebf5cd8e09322af: RetryError[<Future at 0x7a6340264b50 state=finished raised NotFoundError>]
2025-11-16 18:41:56,167 - INFO - HTTP Request: POST http://localhost:11434/chat/completions "HTTP/1.1 404 Not Found"
2025-11-16 18:41:56,174 - INFO - HTTP Request: POST http://localhost:11434/chat/completions "HTTP/1.1 404 Not Found"
2025-11-16 18:41:56,180 - WARNING - Exception for chunk chunk-5fb69bc82317252fdf6b99394521e839: RetryError[<Future at 0x7a6340263d00 state=finished raised NotFoundError>]
2025-11-16 18:41:56,183 - INFO - HTTP Request: POST http://localhost:11434/chat/completions "HTTP/1.1 404 Not Found"
2025-11-16 18:41:56,191 - WARNING - Exception for chunk chunk-1e37eed452bfe64b8b0946e22baed1f4: RetryError[<Future at 0x7a63402635e0 state=finished raised NotFoundError>]
2025-11-16 18:41:56,192 - INFO - HTTP Request: POST http://localhost:11434/chat/completions "HTTP/1.1 404 Not Found"
2025-11-16 18:41:56,194 - WARNING - Exception for chunk chunk-6bb9d3664bd3c353a644871f6b7ad76b: RetryError[<Future at 0x7a63402662c0 state=finished raised NotFoundError>]
2025-11-16 18:41:56,199 - INFO - HTTP Request: POST http://localhost:11434/chat/completions "HTTP/1.1 404 Not Found"
2025-11-16 18:41:56,199 - INFO - HTTP Request: POST http://localhost:11434/chat/completions "HTTP/1.1 404 Not Found"
2025-11-16 18:41:56,202 - WARNING - Exception for chunk chunk-a0ebdb092ad18026adb4cd753a8f78ef: RetryError[<Future at 0x7a63402658d0 state=finished raised NotFoundError>]
2025-11-16 18:41:56,203 - INFO - HTTP Request: POST http://localhost:11434/chat/completions "HTTP/1.1 404 Not Found"
2025-11-16 18:41:56,204 - WARNING - Exception for chunk chunk-8e38b2869f1cc3d369e4192963f034ed: RetryError[<Future at 0x7a6340262d70 state=finished raised NotFoundError>]
2025-11-16 18:41:56,210 - INFO - HTTP Request: POST http://localhost:11434/chat/completions "HTTP/1.1 404 Not Found"
2025-11-16 18:41:56,226 - INFO - HTTP Request: POST http://localhost:11434/chat/completions "HTTP/1.1 404 Not Found"
2025-11-16 18:41:56,227 - WARNING - Exception for chunk chunk-00c6a7443bc7a0c287514d7ef77182a3: RetryError[<Future at 0x7a6340273910 state=finished raised NotFoundError>]
2025-11-16 18:41:56,231 - INFO - HTTP Request: POST http://localhost:11434/chat/completions "HTTP/1.1 404 Not Found"
2025-11-16 18:41:56,234 - WARNING - Exception for chunk chunk-b554ad815f2cc05d5f88c4777a1c04c9: RetryError[<Future at 0x7a6340273bb0 state=finished raised NotFoundError>]
2025-11-16 18:41:56,235 - INFO - HTTP Request: POST http://localhost:11434/chat/completions "HTTP/1.1 404 Not Found"
2025-11-16 18:41:56,237 - WARNING - Exception for chunk chunk-0884439862aa83c9342f56ffb5238da8: RetryError[<Future at 0x7a6340273c70 state=finished raised NotFoundError>]
2025-11-16 18:41:56,241 - INFO - HTTP Request: POST http://localhost:11434/chat/completions "HTTP/1.1 404 Not Found"
2025-11-16 18:41:56,241 - WARNING - Exception for chunk chunk-2c2db6f90dceae12807da19aebfb6a75: RetryError[<Future at 0x7a634027e5f0 state=finished raised NotFoundError>]
2025-11-16 18:41:56,252 - INFO - HTTP Request: POST http://localhost:11434/chat/completions "HTTP/1.1 404 Not Found"
2025-11-16 18:41:56,253 - WARNING - Exception for chunk chunk-60569c779bd8e8eac3940e71afa54841: RetryError[<Future at 0x7a634027f6a0 state=finished raised NotFoundError>]
2025-11-16 18:41:56,254 - INFO - HTTP Request: POST http://localhost:11434/chat/completions "HTTP/1.1 404 Not Found"
2025-11-16 18:41:56,254 - INFO - HTTP Request: POST http://localhost:11434/chat/completions "HTTP/1.1 404 Not Found"
2025-11-16 18:41:56,256 - WARNING - Exception for chunk chunk-e4bc0ac4a3433c24e7cd4587029c1883: RetryError[<Future at 0x7a634027e860 state=finished raised NotFoundError>]
2025-11-16 18:41:56,262 - INFO - HTTP Request: POST http://localhost:11434/chat/completions "HTTP/1.1 404 Not Found"
2025-11-16 18:41:56,267 - INFO - HTTP Request: POST http://localhost:11434/chat/completions "HTTP/1.1 404 Not Found"
2025-11-16 18:41:56,278 - INFO - HTTP Request: POST http://localhost:11434/chat/completions "HTTP/1.1 404 Not Found"
2025-11-16 18:41:56,278 - WARNING - Exception for chunk chunk-440be0e6da217d9fbac59a0ad2d2057a: RetryError[<Future at 0x7a63406dd900 state=finished raised NotFoundError>]
2025-11-16 18:41:56,283 - INFO - HTTP Request: POST http://localhost:11434/chat/completions "HTTP/1.1 404 Not Found"
2025-11-16 18:41:56,288 - INFO - HTTP Request: POST http://localhost:11434/chat/completions "HTTP/1.1 404 Not Found"
2025-11-16 18:41:56,289 - WARNING - Exception for chunk chunk-2a5b3adf74d79be8ff13484bab050819: RetryError[<Future at 0x7a63402725f0 state=finished raised NotFoundError>]
2025-11-16 18:41:56,293 - INFO - HTTP Request: POST http://localhost:11434/chat/completions "HTTP/1.1 404 Not Found"
2025-11-16 18:41:56,298 - INFO - HTTP Request: POST http://localhost:11434/chat/completions "HTTP/1.1 404 Not Found"
2025-11-16 18:41:56,312 - INFO - HTTP Request: POST http://localhost:11434/chat/completions "HTTP/1.1 404 Not Found"
2025-11-16 18:41:56,316 - INFO - HTTP Request: POST http://localhost:11434/chat/completions "HTTP/1.1 404 Not Found"
2025-11-16 18:41:56,343 - INFO - HTTP Request: POST http://localhost:11434/chat/completions "HTTP/1.1 404 Not Found"
2025-11-16 18:41:56,362 - INFO - HTTP Request: POST http://localhost:11434/chat/completions "HTTP/1.1 404 Not Found"
2025-11-16 18:41:56,394 - INFO - HTTP Request: POST http://localhost:11434/chat/completions "HTTP/1.1 404 Not Found"
2025-11-16 18:41:57,144 - INFO - HTTP Request: POST http://localhost:11434/chat/completions "HTTP/1.1 404 Not Found"
2025-11-16 18:41:57,145 - WARNING - Exception for chunk chunk-312141373c9f0392943ca63a95228fee: RetryError[<Future at 0x7a6340265c60 state=finished raised NotFoundError>]
2025-11-16 18:41:57,152 - INFO - HTTP Request: POST http://localhost:11434/chat/completions "HTTP/1.1 404 Not Found"
2025-11-16 18:41:57,153 - INFO - HTTP Request: POST http://localhost:11434/chat/completions "HTTP/1.1 404 Not Found"
2025-11-16 18:41:57,154 - WARNING - Exception for chunk chunk-722e6125d2cef78687b068ca1ac448bf: RetryError[<Future at 0x7a634027f1f0 state=finished raised NotFoundError>]
2025-11-16 18:41:57,158 - INFO - HTTP Request: POST http://localhost:11434/chat/completions "HTTP/1.1 404 Not Found"
2025-11-16 18:41:57,174 - INFO - HTTP Request: POST http://localhost:11434/chat/completions "HTTP/1.1 404 Not Found"
2025-11-16 18:41:57,175 - WARNING - Exception for chunk chunk-5bc0bbeaa0e447b693bafdb6c5c7bf1f: RetryError[<Future at 0x7a6340272d40 state=finished raised NotFoundError>]
2025-11-16 18:41:57,183 - INFO - HTTP Request: POST http://localhost:11434/chat/completions "HTTP/1.1 404 Not Found"
2025-11-16 18:41:57,219 - INFO - HTTP Request: POST http://localhost:11434/chat/completions "HTTP/1.1 404 Not Found"
2025-11-16 18:41:57,220 - WARNING - Exception for chunk chunk-7d84ff7861315c2f462115f986ddeece: RetryError[<Future at 0x7a6340260670 state=finished raised NotFoundError>]
2025-11-16 18:41:57,221 - INFO - HTTP Request: POST http://localhost:11434/chat/completions "HTTP/1.1 404 Not Found"
2025-11-16 18:41:57,223 - WARNING - Exception for chunk chunk-6aba097c58267d2ee116abe46b57eece: RetryError[<Future at 0x7a6340271750 state=finished raised NotFoundError>]
2025-11-16 18:41:57,230 - INFO - HTTP Request: POST http://localhost:11434/chat/completions "HTTP/1.1 404 Not Found"
2025-11-16 18:41:57,236 - INFO - HTTP Request: POST http://localhost:11434/chat/completions "HTTP/1.1 404 Not Found"
2025-11-16 18:41:57,263 - INFO - HTTP Request: POST http://localhost:11434/chat/completions "HTTP/1.1 404 Not Found"
2025-11-16 18:41:57,263 - WARNING - Exception for chunk chunk-7b9f9b04e92e33aeaa8bd9f9b372a443: RetryError[<Future at 0x7a634028b550 state=finished raised NotFoundError>]
2025-11-16 18:41:57,278 - INFO - HTTP Request: POST http://localhost:11434/chat/completions "HTTP/1.1 404 Not Found"
2025-11-16 18:41:57,279 - INFO - HTTP Request: POST http://localhost:11434/chat/completions "HTTP/1.1 404 Not Found"
2025-11-16 18:41:57,280 - INFO - HTTP Request: POST http://localhost:11434/chat/completions "HTTP/1.1 404 Not Found"
2025-11-16 18:41:57,281 - WARNING - Exception for chunk chunk-9cd982d28e38fa683959cc979851f7e7: RetryError[<Future at 0x7a634028beb0 state=finished raised NotFoundError>]
2025-11-16 18:41:57,282 - WARNING - Exception for chunk chunk-cb30f469d79774859fccf1d427219239: RetryError[<Future at 0x7a634028a890 state=finished raised NotFoundError>]
2025-11-16 18:41:57,291 - INFO - HTTP Request: POST http://localhost:11434/chat/completions "HTTP/1.1 404 Not Found"
2025-11-16 18:41:57,292 - WARNING - Exception for chunk chunk-1b9052b3b1fce864b9b5107078164044: RetryError[<Future at 0x7a634028dab0 state=finished raised NotFoundError>]
2025-11-16 18:41:57,309 - INFO - HTTP Request: POST http://localhost:11434/chat/completions "HTTP/1.1 404 Not Found"
2025-11-16 18:41:57,309 - INFO - HTTP Request: POST http://localhost:11434/chat/completions "HTTP/1.1 404 Not Found"
2025-11-16 18:41:57,310 - WARNING - Exception for chunk chunk-b91d86b93b3d55ec2e3367f635bf75a1: RetryError[<Future at 0x7a634028eb00 state=finished raised NotFoundError>]
2025-11-16 18:41:57,312 - INFO - HTTP Request: POST http://localhost:11434/chat/completions "HTTP/1.1 404 Not Found"
2025-11-16 18:41:57,314 - WARNING - Exception for chunk chunk-a42c86f9613957fa64370acea2b976ae: RetryError[<Future at 0x7a634028fa90 state=finished raised NotFoundError>]
2025-11-16 18:41:57,325 - INFO - HTTP Request: POST http://localhost:11434/chat/completions "HTTP/1.1 404 Not Found"
2025-11-16 18:41:57,326 - INFO - HTTP Request: POST http://localhost:11434/chat/completions "HTTP/1.1 404 Not Found"
2025-11-16 18:41:57,327 - WARNING - Exception for chunk chunk-e7747decc42c78448dd0f6dbed822fd5: RetryError[<Future at 0x7a634028d420 state=finished raised NotFoundError>]
2025-11-16 18:41:57,328 - WARNING - Exception for chunk chunk-510ba0c0a6f3bc55d24af895fd15a2df: RetryError[<Future at 0x7a63402a5bd0 state=finished raised NotFoundError>]
2025-11-16 18:41:57,335 - INFO - HTTP Request: POST http://localhost:11434/chat/completions "HTTP/1.1 404 Not Found"
2025-11-16 18:41:57,340 - INFO - HTTP Request: POST http://localhost:11434/chat/completions "HTTP/1.1 404 Not Found"
2025-11-16 18:41:57,345 - INFO - HTTP Request: POST http://localhost:11434/chat/completions "HTTP/1.1 404 Not Found"
2025-11-16 18:41:57,351 - INFO - HTTP Request: POST http://localhost:11434/chat/completions "HTTP/1.1 404 Not Found"
2025-11-16 18:41:57,353 - WARNING - Exception for chunk chunk-4526eca373fa5d3bceecedc5b99c5e81: RetryError[<Future at 0x7a63402a5b10 state=finished raised NotFoundError>]
2025-11-16 18:41:57,359 - INFO - HTTP Request: POST http://localhost:11434/chat/completions "HTTP/1.1 404 Not Found"
2025-11-16 18:41:57,367 - INFO - HTTP Request: POST http://localhost:11434/chat/completions "HTTP/1.1 404 Not Found"
2025-11-16 18:41:57,368 - WARNING - Exception for chunk chunk-5d2a776cde6acc24789d6e13c64bc1d5: RetryError[<Future at 0x7a63402a4700 state=finished raised NotFoundError>]
2025-11-16 18:41:57,376 - INFO - HTTP Request: POST http://localhost:11434/chat/completions "HTTP/1.1 404 Not Found"
2025-11-16 18:41:57,382 - INFO - HTTP Request: POST http://localhost:11434/chat/completions "HTTP/1.1 404 Not Found"
2025-11-16 18:41:57,391 - INFO - HTTP Request: POST http://localhost:11434/chat/completions "HTTP/1.1 404 Not Found"
2025-11-16 18:41:57,399 - INFO - HTTP Request: POST http://localhost:11434/chat/completions "HTTP/1.1 404 Not Found"
2025-11-16 18:41:57,400 - WARNING - Exception for chunk chunk-2389c60be62c49dad04537daed3236fd: RetryError[<Future at 0x7a63402b7af0 state=finished raised NotFoundError>]
2025-11-16 18:41:57,407 - INFO - HTTP Request: POST http://localhost:11434/chat/completions "HTTP/1.1 404 Not Found"
2025-11-16 18:41:57,413 - INFO - HTTP Request: POST http://localhost:11434/chat/completions "HTTP/1.1 404 Not Found"
2025-11-16 18:41:58,157 - INFO - HTTP Request: POST http://localhost:11434/chat/completions "HTTP/1.1 404 Not Found"
2025-11-16 18:41:58,158 - WARNING - Exception for chunk chunk-a6305ec3cb114732855abeaf995438f1: RetryError[<Future at 0x7a63402b68c0 state=finished raised NotFoundError>]
2025-11-16 18:41:58,164 - INFO - HTTP Request: POST http://localhost:11434/chat/completions "HTTP/1.1 404 Not Found"
2025-11-16 18:41:58,165 - WARNING - Exception for chunk chunk-3ec5c628756e0b8a2cbc3f0b2c1905a0: RetryError[<Future at 0x7a63402b5ed0 state=finished raised NotFoundError>]
2025-11-16 18:41:58,166 - INFO - HTTP Request: POST http://localhost:11434/chat/completions "HTTP/1.1 404 Not Found"
2025-11-16 18:41:58,171 - INFO - HTTP Request: POST http://localhost:11434/chat/completions "HTTP/1.1 404 Not Found"
2025-11-16 18:41:58,188 - INFO - HTTP Request: POST http://localhost:11434/chat/completions "HTTP/1.1 404 Not Found"
2025-11-16 18:41:58,189 - WARNING - Exception for chunk chunk-72342b6120721215774972a068b8b73a: RetryError[<Future at 0x7a63402c2500 state=finished raised NotFoundError>]
2025-11-16 18:41:58,196 - INFO - HTTP Request: POST http://localhost:11434/chat/completions "HTTP/1.1 404 Not Found"
2025-11-16 18:41:58,235 - INFO - HTTP Request: POST http://localhost:11434/chat/completions "HTTP/1.1 404 Not Found"
2025-11-16 18:41:58,236 - WARNING - Exception for chunk chunk-66701a83fcfc9fc7dd192a178bd2c9e6: RetryError[<Future at 0x7a63402b40a0 state=finished raised NotFoundError>]
2025-11-16 18:41:58,242 - INFO - HTTP Request: POST http://localhost:11434/chat/completions "HTTP/1.1 404 Not Found"
2025-11-16 18:41:58,243 - INFO - HTTP Request: POST http://localhost:11434/chat/completions "HTTP/1.1 404 Not Found"
2025-11-16 18:41:58,244 - WARNING - Exception for chunk chunk-255cf064ba1b6111e8bec72973491a32: RetryError[<Future at 0x7a63402c32b0 state=finished raised NotFoundError>]
2025-11-16 18:41:58,248 - INFO - HTTP Request: POST http://localhost:11434/chat/completions "HTTP/1.1 404 Not Found"
2025-11-16 18:41:58,283 - INFO - HTTP Request: POST http://localhost:11434/chat/completions "HTTP/1.1 404 Not Found"
2025-11-16 18:41:58,284 - WARNING - Exception for chunk chunk-8be8e9dfddcba66a2b2e0204b2c946c2: RetryError[<Future at 0x7a63402b7670 state=finished raised NotFoundError>]
2025-11-16 18:41:58,289 - INFO - HTTP Request: POST http://localhost:11434/chat/completions "HTTP/1.1 404 Not Found"
2025-11-16 18:41:58,316 - INFO - HTTP Request: POST http://localhost:11434/chat/completions "HTTP/1.1 404 Not Found"
2025-11-16 18:41:58,317 - WARNING - Exception for chunk chunk-80b6e2339d06ce1a14e23aa055cd070e: RetryError[<Future at 0x7a63402cfc10 state=finished raised NotFoundError>]
2025-11-16 18:41:58,323 - INFO - HTTP Request: POST http://localhost:11434/chat/completions "HTTP/1.1 404 Not Found"
2025-11-16 18:41:58,339 - INFO - HTTP Request: POST http://localhost:11434/chat/completions "HTTP/1.1 404 Not Found"
2025-11-16 18:41:58,340 - WARNING - Exception for chunk chunk-9ed91702b22f388cbccaa8fe081b1d93: RetryError[<Future at 0x7a63402cf970 state=finished raised NotFoundError>]
2025-11-16 18:41:58,351 - INFO - HTTP Request: POST http://localhost:11434/chat/completions "HTTP/1.1 404 Not Found"
2025-11-16 18:41:58,351 - WARNING - Exception for chunk chunk-04f937788c9a0b6daa3c80105ba6315c: RetryError[<Future at 0x7a63402cc0d0 state=finished raised NotFoundError>]
2025-11-16 18:41:58,352 - INFO - HTTP Request: POST http://localhost:11434/chat/completions "HTTP/1.1 404 Not Found"
2025-11-16 18:41:58,356 - INFO - HTTP Request: POST http://localhost:11434/chat/completions "HTTP/1.1 404 Not Found"
2025-11-16 18:41:58,357 - WARNING - Exception for chunk chunk-516036a359ea289392d0908ea0bd06a4: RetryError[<Future at 0x7a63402b75b0 state=finished raised NotFoundError>]
2025-11-16 18:41:58,368 - INFO - HTTP Request: POST http://localhost:11434/chat/completions "HTTP/1.1 404 Not Found"
2025-11-16 18:41:58,370 - INFO - HTTP Request: POST http://localhost:11434/chat/completions "HTTP/1.1 404 Not Found"
2025-11-16 18:41:58,370 - WARNING - Exception for chunk chunk-5a882e5edd7f59bbb30738524a6577fe: RetryError[<Future at 0x7a63405d17b0 state=finished raised NotFoundError>]
2025-11-16 18:41:58,375 - INFO - HTTP Request: POST http://localhost:11434/chat/completions "HTTP/1.1 404 Not Found"
2025-11-16 18:41:58,380 - INFO - HTTP Request: POST http://localhost:11434/chat/completions "HTTP/1.1 404 Not Found"
2025-11-16 18:41:58,380 - WARNING - Exception for chunk chunk-fad1d318ffcf395dad3e82e88e9352a0: RetryError[<Future at 0x7a63402de830 state=finished raised NotFoundError>]
2025-11-16 18:41:58,388 - INFO - HTTP Request: POST http://localhost:11434/chat/completions "HTTP/1.1 404 Not Found"
2025-11-16 18:41:58,389 - INFO - HTTP Request: POST http://localhost:11434/chat/completions "HTTP/1.1 404 Not Found"
2025-11-16 18:41:58,389 - WARNING - Exception for chunk chunk-7bc7f99a4cb1e2cd06d9ef44b804d860: RetryError[<Future at 0x7a6340739ba0 state=finished raised NotFoundError>]
2025-11-16 18:41:58,396 - INFO - HTTP Request: POST http://localhost:11434/chat/completions "HTTP/1.1 404 Not Found"
2025-11-16 18:41:58,397 - INFO - HTTP Request: POST http://localhost:11434/chat/completions "HTTP/1.1 404 Not Found"
2025-11-16 18:41:58,398 - WARNING - Exception for chunk chunk-5dc87f0e110cb6472d9c74ac2dba5fe5: RetryError[<Future at 0x7a63407714e0 state=finished raised NotFoundError>]
2025-11-16 18:41:58,402 - INFO - HTTP Request: POST http://localhost:11434/chat/completions "HTTP/1.1 404 Not Found"
2025-11-16 18:41:58,412 - INFO - HTTP Request: POST http://localhost:11434/chat/completions "HTTP/1.1 404 Not Found"
2025-11-16 18:41:58,412 - WARNING - Exception for chunk chunk-9c8b61e4336d89ef952d597cd74045ec: RetryError[<Future at 0x7a63402dcfd0 state=finished raised NotFoundError>]
2025-11-16 18:41:58,419 - INFO - HTTP Request: POST http://localhost:11434/chat/completions "HTTP/1.1 404 Not Found"
2025-11-16 18:41:58,419 - INFO - HTTP Request: POST http://localhost:11434/chat/completions "HTTP/1.1 404 Not Found"
2025-11-16 18:41:58,421 - WARNING - Exception for chunk chunk-2d7fb1919a08b1ea91ed43ba6e14eca2: RetryError[<Future at 0x7a63402cdfc0 state=finished raised NotFoundError>]
2025-11-16 18:41:58,427 - INFO - HTTP Request: POST http://localhost:11434/chat/completions "HTTP/1.1 404 Not Found"
2025-11-16 18:41:58,476 - INFO - HTTP Request: POST http://localhost:11434/chat/completions "HTTP/1.1 404 Not Found"
2025-11-16 18:41:59,185 - INFO - HTTP Request: POST http://localhost:11434/chat/completions "HTTP/1.1 404 Not Found"
2025-11-16 18:41:59,187 - INFO - HTTP Request: POST http://localhost:11434/chat/completions "HTTP/1.1 404 Not Found"
2025-11-16 18:41:59,189 - WARNING - Exception for chunk chunk-9541f2a945803402ccd92c71359ade9e: RetryError[<Future at 0x7a63402c1fc0 state=finished raised NotFoundError>]
2025-11-16 18:41:59,192 - WARNING - Exception for chunk chunk-fecf414c1c9fa03a1c2a132194879e98: RetryError[<Future at 0x7a63402c10c0 state=finished raised NotFoundError>]
2025-11-16 18:41:59,208 - INFO - HTTP Request: POST http://localhost:11434/chat/completions "HTTP/1.1 404 Not Found"
2025-11-16 18:41:59,210 - WARNING - Exception for chunk chunk-aaac889dbc5764d7c5f5500b15c17292: RetryError[<Future at 0x7a63402df310 state=finished raised NotFoundError>]
2025-11-16 18:41:59,218 - INFO - HTTP Request: POST http://localhost:11434/chat/completions "HTTP/1.1 404 Not Found"
2025-11-16 18:41:59,247 - INFO - HTTP Request: POST http://localhost:11434/chat/completions "HTTP/1.1 404 Not Found"
2025-11-16 18:41:59,248 - WARNING - Exception for chunk chunk-b859f97390a06b6ce1f430a306324327: RetryError[<Future at 0x7a6340260a60 state=finished raised NotFoundError>]
2025-11-16 18:41:59,254 - INFO - HTTP Request: POST http://localhost:11434/chat/completions "HTTP/1.1 404 Not Found"
2025-11-16 18:41:59,254 - WARNING - Exception for chunk chunk-1770e7da205ff36b69a62fd060151370: RetryError[<Future at 0x7a63402c3af0 state=finished raised NotFoundError>]
2025-11-16 18:41:59,262 - INFO - HTTP Request: POST http://localhost:11434/chat/completions "HTTP/1.1 404 Not Found"
2025-11-16 18:41:59,269 - INFO - HTTP Request: POST http://localhost:11434/chat/completions "HTTP/1.1 404 Not Found"
2025-11-16 18:41:59,293 - INFO - HTTP Request: POST http://localhost:11434/chat/completions "HTTP/1.1 404 Not Found"
2025-11-16 18:41:59,294 - WARNING - Exception for chunk chunk-0d16d60c1e567d6908da30fc75fe8164: RetryError[<Future at 0x7a63402b4ee0 state=finished raised NotFoundError>]
2025-11-16 18:41:59,298 - INFO - HTTP Request: POST http://localhost:11434/chat/completions "HTTP/1.1 404 Not Found"
2025-11-16 18:41:59,310 - INFO - HTTP Request: POST http://localhost:11434/chat/completions "HTTP/1.1 404 Not Found"
2025-11-16 18:41:59,317 - INFO - HTTP Request: POST http://localhost:11434/chat/completions "HTTP/1.1 404 Not Found"
2025-11-16 18:41:59,329 - INFO - HTTP Request: POST http://localhost:11434/chat/completions "HTTP/1.1 404 Not Found"
2025-11-16 18:41:59,329 - WARNING - Exception for chunk chunk-124c17a773b0cf776129f398df822515: RetryError[<Future at 0x7a63481adf00 state=finished raised NotFoundError>]
2025-11-16 18:41:59,335 - INFO - HTTP Request: POST http://localhost:11434/chat/completions "HTTP/1.1 404 Not Found"
2025-11-16 18:41:59,358 - INFO - HTTP Request: POST http://localhost:11434/chat/completions "HTTP/1.1 404 Not Found"
2025-11-16 18:41:59,358 - WARNING - Exception for chunk chunk-c16ec3a08e9de4a037e33f62c4973b25: RetryError[<Future at 0x7a63402715a0 state=finished raised NotFoundError>]
2025-11-16 18:41:59,364 - INFO - HTTP Request: POST http://localhost:11434/chat/completions "HTTP/1.1 404 Not Found"
2025-11-16 18:41:59,375 - INFO - HTTP Request: POST http://localhost:11434/chat/completions "HTTP/1.1 404 Not Found"
2025-11-16 18:41:59,377 - WARNING - Exception for chunk chunk-39a4fed8951b91bb24299ae5f3925091: RetryError[<Future at 0x7a63402a6920 state=finished raised NotFoundError>]
2025-11-16 18:41:59,393 - INFO - HTTP Request: POST http://localhost:11434/chat/completions "HTTP/1.1 404 Not Found"
2025-11-16 18:41:59,405 - WARNING - Exception for chunk chunk-694d977ad92a0a5a274b7845ece628bc: RetryError[<Future at 0x7a634028ac20 state=finished raised NotFoundError>]
2025-11-16 18:41:59,409 - INFO - HTTP Request: POST http://localhost:11434/chat/completions "HTTP/1.1 404 Not Found"
2025-11-16 18:41:59,412 - INFO - HTTP Request: POST http://localhost:11434/chat/completions "HTTP/1.1 404 Not Found"
2025-11-16 18:41:59,412 - INFO - HTTP Request: POST http://localhost:11434/chat/completions "HTTP/1.1 404 Not Found"
2025-11-16 18:41:59,414 - WARNING - Exception for chunk chunk-9d7d017021a5d41e0152d424deebcf0a: RetryError[<Future at 0x7a63402881c0 state=finished raised NotFoundError>]
2025-11-16 18:41:59,415 - WARNING - Exception for chunk chunk-b462fbd1d75460e0b2868aa5200af7d3: RetryError[<Future at 0x7a6340261060 state=finished raised NotFoundError>]
2025-11-16 18:41:59,418 - INFO - HTTP Request: POST http://localhost:11434/chat/completions "HTTP/1.1 404 Not Found"
2025-11-16 18:41:59,420 - WARNING - Exception for chunk chunk-4082b08a9f8bf3ee76ac66b4f67b1035: RetryError[<Future at 0x7a63402a4b20 state=finished raised NotFoundError>]
2025-11-16 18:41:59,439 - INFO - HTTP Request: POST http://localhost:11434/chat/completions "HTTP/1.1 404 Not Found"
2025-11-16 18:41:59,440 - INFO - HTTP Request: POST http://localhost:11434/chat/completions "HTTP/1.1 404 Not Found"
2025-11-16 18:41:59,441 - WARNING - Exception for chunk chunk-5989e1571aea1ae79547a819b709f985: RetryError[<Future at 0x7a63402a5420 state=finished raised NotFoundError>]
2025-11-16 18:41:59,445 - WARNING - Exception for chunk chunk-4cb3dc2b0a8b2bbad5fe412eaba9677c: RetryError[<Future at 0x7a63402a78e0 state=finished raised NotFoundError>]
2025-11-16 18:41:59,445 - INFO - HTTP Request: POST http://localhost:11434/chat/completions "HTTP/1.1 404 Not Found"
2025-11-16 18:41:59,448 - INFO - HTTP Request: POST http://localhost:11434/chat/completions "HTTP/1.1 404 Not Found"
2025-11-16 18:41:59,456 - INFO - HTTP Request: POST http://localhost:11434/chat/completions "HTTP/1.1 404 Not Found"
2025-11-16 18:41:59,476 - INFO - HTTP Request: POST http://localhost:11434/chat/completions "HTTP/1.1 404 Not Found"
2025-11-16 18:41:59,481 - INFO - HTTP Request: POST http://localhost:11434/chat/completions "HTTP/1.1 404 Not Found"
2025-11-16 18:41:59,482 - WARNING - Exception for chunk chunk-8ecad1cfda6fab487575743d09a0c36a: RetryError[<Future at 0x7a63402f7790 state=finished raised NotFoundError>]
2025-11-16 18:41:59,490 - INFO - HTTP Request: POST http://localhost:11434/chat/completions "HTTP/1.1 404 Not Found"
2025-11-16 18:41:59,497 - INFO - HTTP Request: POST http://localhost:11434/chat/completions "HTTP/1.1 404 Not Found"
2025-11-16 18:41:59,508 - INFO - HTTP Request: POST http://localhost:11434/chat/completions "HTTP/1.1 404 Not Found"
2025-11-16 18:42:00,227 - INFO - HTTP Request: POST http://localhost:11434/chat/completions "HTTP/1.1 404 Not Found"
2025-11-16 18:42:00,228 - WARNING - Exception for chunk chunk-7a9c96ad99b0a7e5df6e5df0fcc02b51: RetryError[<Future at 0x7a63402f4250 state=finished raised NotFoundError>]
2025-11-16 18:42:00,233 - INFO - HTTP Request: POST http://localhost:11434/chat/completions "HTTP/1.1 404 Not Found"
2025-11-16 18:42:00,268 - INFO - HTTP Request: POST http://localhost:11434/chat/completions "HTTP/1.1 404 Not Found"
2025-11-16 18:42:00,269 - WARNING - Exception for chunk chunk-d7f5055c7692bdfc93028c9e4efd28e3: RetryError[<Future at 0x7a63401063e0 state=finished raised NotFoundError>]
2025-11-16 18:42:00,276 - INFO - HTTP Request: POST http://localhost:11434/chat/completions "HTTP/1.1 404 Not Found"
2025-11-16 18:42:00,277 - WARNING - Exception for chunk chunk-70fefa32060d702173ac35cc27b8b164: RetryError[<Future at 0x7a63402615a0 state=finished raised NotFoundError>]
2025-11-16 18:42:00,282 - INFO - HTTP Request: POST http://localhost:11434/chat/completions "HTTP/1.1 404 Not Found"
2025-11-16 18:42:00,303 - INFO - HTTP Request: POST http://localhost:11434/chat/completions "HTTP/1.1 404 Not Found"
2025-11-16 18:42:00,304 - WARNING - Exception for chunk chunk-15fa38fbf6ea451a8103265feb98be74: RetryError[<Future at 0x7a63402f7010 state=finished raised NotFoundError>]
2025-11-16 18:42:00,310 - INFO - HTTP Request: POST http://localhost:11434/chat/completions "HTTP/1.1 404 Not Found"
2025-11-16 18:42:00,314 - INFO - HTTP Request: POST http://localhost:11434/chat/completions "HTTP/1.1 404 Not Found"
2025-11-16 18:42:00,314 - WARNING - Exception for chunk chunk-f655a0bc8145456ace28527086aab00c: RetryError[<Future at 0x7a6340107fd0 state=finished raised NotFoundError>]
2025-11-16 18:42:00,324 - INFO - HTTP Request: POST http://localhost:11434/chat/completions "HTTP/1.1 404 Not Found"
2025-11-16 18:42:00,324 - INFO - HTTP Request: POST http://localhost:11434/chat/completions "HTTP/1.1 404 Not Found"
2025-11-16 18:42:00,325 - WARNING - Exception for chunk chunk-73d704abad5ec67c0a7e44950e17900e: RetryError[<Future at 0x7a63401078b0 state=finished raised NotFoundError>]
2025-11-16 18:42:00,333 - INFO - HTTP Request: POST http://localhost:11434/chat/completions "HTTP/1.1 404 Not Found"
2025-11-16 18:42:00,342 - INFO - HTTP Request: POST http://localhost:11434/chat/completions "HTTP/1.1 404 Not Found"
2025-11-16 18:42:00,344 - INFO - HTTP Request: POST http://localhost:11434/chat/completions "HTTP/1.1 404 Not Found"
2025-11-16 18:42:00,345 - WARNING - Exception for chunk chunk-cfbe549695a99e1a95028d5229888223: RetryError[<Future at 0x7a634011b490 state=finished raised NotFoundError>]
2025-11-16 18:42:00,351 - INFO - HTTP Request: POST http://localhost:11434/chat/completions "HTTP/1.1 404 Not Found"
2025-11-16 18:42:00,369 - INFO - HTTP Request: POST http://localhost:11434/chat/completions "HTTP/1.1 404 Not Found"
2025-11-16 18:42:00,370 - WARNING - Exception for chunk chunk-196fcc5017817e1321e93f1634c4a763: RetryError[<Future at 0x7a634011a950 state=finished raised NotFoundError>]
2025-11-16 18:42:00,375 - INFO - HTTP Request: POST http://localhost:11434/chat/completions "HTTP/1.1 404 Not Found"
2025-11-16 18:42:00,420 - INFO - HTTP Request: POST http://localhost:11434/chat/completions "HTTP/1.1 404 Not Found"
2025-11-16 18:42:00,421 - WARNING - Exception for chunk chunk-e8963fbc21312478a9cc742a9ff894e3: RetryError[<Future at 0x7a634011a050 state=finished raised NotFoundError>]
2025-11-16 18:42:00,429 - INFO - HTTP Request: POST http://localhost:11434/chat/completions "HTTP/1.1 404 Not Found"
2025-11-16 18:42:00,463 - INFO - HTTP Request: POST http://localhost:11434/chat/completions "HTTP/1.1 404 Not Found"
2025-11-16 18:42:00,465 - WARNING - Exception for chunk chunk-8743ed9a3d2147ece446e484b25e44f8: RetryError[<Future at 0x7a634012b070 state=finished raised NotFoundError>]
2025-11-16 18:42:00,466 - INFO - HTTP Request: POST http://localhost:11434/chat/completions "HTTP/1.1 404 Not Found"
2025-11-16 18:42:00,469 - INFO - HTTP Request: POST http://localhost:11434/chat/completions "HTTP/1.1 404 Not Found"
2025-11-16 18:42:00,470 - WARNING - Exception for chunk chunk-617479430aacd130b3751bef96d33381: RetryError[<Future at 0x7a63402f60e0 state=finished raised NotFoundError>]
2025-11-16 18:42:00,472 - WARNING - Exception for chunk chunk-e29493ffa0054aa6d9dbec4f14c0c761: RetryError[<Future at 0x7a634012ba60 state=finished raised NotFoundError>]
2025-11-16 18:42:00,484 - INFO - HTTP Request: POST http://localhost:11434/chat/completions "HTTP/1.1 404 Not Found"
2025-11-16 18:42:00,486 - INFO - HTTP Request: POST http://localhost:11434/chat/completions "HTTP/1.1 404 Not Found"
2025-11-16 18:42:00,487 - WARNING - Exception for chunk chunk-4ea31ec09ce1a58bba4ef3de9a572cdb: RetryError[<Future at 0x7a6340128b80 state=finished raised NotFoundError>]
2025-11-16 18:42:00,502 - INFO - HTTP Request: POST http://localhost:11434/chat/completions "HTTP/1.1 404 Not Found"
2025-11-16 18:42:00,504 - INFO - HTTP Request: POST http://localhost:11434/chat/completions "HTTP/1.1 404 Not Found"
2025-11-16 18:42:00,505 - WARNING - Exception for chunk chunk-9c3850d7775a5e2069c911228d4563a2: RetryError[<Future at 0x7a6348367df0 state=finished raised NotFoundError>]
2025-11-16 18:42:00,518 - INFO - HTTP Request: POST http://localhost:11434/chat/completions "HTTP/1.1 404 Not Found"
2025-11-16 18:42:00,519 - INFO - HTTP Request: POST http://localhost:11434/chat/completions "HTTP/1.1 404 Not Found"
2025-11-16 18:42:00,521 - WARNING - Exception for chunk chunk-ea9236609a7483434447e80f0db8e380: RetryError[<Future at 0x7a634012ab00 state=finished raised NotFoundError>]
2025-11-16 18:42:00,522 - WARNING - Exception for chunk chunk-a3dba4e4488bd0238be3e0d967f4e708: RetryError[<Future at 0x7a6340129990 state=finished raised NotFoundError>]
2025-11-16 18:42:00,525 - INFO - HTTP Request: POST http://localhost:11434/chat/completions "HTTP/1.1 404 Not Found"
2025-11-16 18:42:00,531 - INFO - HTTP Request: POST http://localhost:11434/chat/completions "HTTP/1.1 404 Not Found"
2025-11-16 18:42:00,540 - INFO - HTTP Request: POST http://localhost:11434/chat/completions "HTTP/1.1 404 Not Found"
2025-11-16 18:42:00,574 - INFO - HTTP Request: POST http://localhost:11434/chat/completions "HTTP/1.1 404 Not Found"
2025-11-16 18:42:00,583 - INFO - HTTP Request: POST http://localhost:11434/chat/completions "HTTP/1.1 404 Not Found"
2025-11-16 18:42:01,240 - INFO - HTTP Request: POST http://localhost:11434/chat/completions "HTTP/1.1 404 Not Found"
2025-11-16 18:42:01,242 - WARNING - Exception for chunk chunk-a219870520e3a81d679349e437a36653: RetryError[<Future at 0x7a634011aad0 state=finished raised NotFoundError>]
2025-11-16 18:42:01,248 - INFO - HTTP Request: POST http://localhost:11434/chat/completions "HTTP/1.1 404 Not Found"
2025-11-16 18:42:01,287 - INFO - HTTP Request: POST http://localhost:11434/chat/completions "HTTP/1.1 404 Not Found"
2025-11-16 18:42:01,288 - WARNING - Exception for chunk chunk-ae23613e607d834e3cb678a98209ed39: RetryError[<Future at 0x7a634012b880 state=finished raised NotFoundError>]
2025-11-16 18:42:01,294 - INFO - HTTP Request: POST http://localhost:11434/chat/completions "HTTP/1.1 404 Not Found"
2025-11-16 18:42:01,314 - INFO - HTTP Request: POST http://localhost:11434/chat/completions "HTTP/1.1 404 Not Found"
2025-11-16 18:42:01,315 - WARNING - Exception for chunk chunk-ef66aade2d71ff5895022455ae7ce2fa: RetryError[<Future at 0x7a63402f4160 state=finished raised NotFoundError>]
2025-11-16 18:42:01,319 - INFO - HTTP Request: POST http://localhost:11434/chat/completions "HTTP/1.1 404 Not Found"
2025-11-16 18:42:01,332 - INFO - HTTP Request: POST http://localhost:11434/chat/completions "HTTP/1.1 404 Not Found"
2025-11-16 18:42:01,333 - WARNING - Exception for chunk chunk-5cd6cd2630b106ccf9f12a9b348c6019: RetryError[<Future at 0x7a634024b670 state=finished raised NotFoundError>]
2025-11-16 18:42:01,339 - INFO - HTTP Request: POST http://localhost:11434/chat/completions "HTTP/1.1 404 Not Found"
2025-11-16 18:42:01,340 - WARNING - Exception for chunk chunk-423c9f3a358a0f9d8481526e486ff3c8: RetryError[<Future at 0x7a63402f7ca0 state=finished raised NotFoundError>]
2025-11-16 18:42:01,348 - INFO - HTTP Request: POST http://localhost:11434/chat/completions "HTTP/1.1 404 Not Found"
2025-11-16 18:42:01,349 - INFO - HTTP Request: POST http://localhost:11434/chat/completions "HTTP/1.1 404 Not Found"
2025-11-16 18:42:01,350 - WARNING - Exception for chunk chunk-113b2b9d82d6b123fed7322d1183422b: RetryError[<Future at 0x7a6340119930 state=finished raised NotFoundError>]
2025-11-16 18:42:01,358 - INFO - HTTP Request: POST http://localhost:11434/chat/completions "HTTP/1.1 404 Not Found"
2025-11-16 18:42:01,360 - INFO - HTTP Request: POST http://localhost:11434/chat/completions "HTTP/1.1 404 Not Found"
2025-11-16 18:42:01,361 - WARNING - Exception for chunk chunk-47899d7d80c1fb454ac41ec284f0d821: RetryError[<Future at 0x7a63402c1ab0 state=finished raised NotFoundError>]
2025-11-16 18:42:01,366 - INFO - HTTP Request: POST http://localhost:11434/chat/completions "HTTP/1.1 404 Not Found"
2025-11-16 18:42:01,380 - INFO - HTTP Request: POST http://localhost:11434/chat/completions "HTTP/1.1 404 Not Found"
2025-11-16 18:42:01,382 - WARNING - Exception for chunk chunk-d401f023f60631358fe06bc165d47a9f: RetryError[<Future at 0x7a63401069e0 state=finished raised NotFoundError>]
2025-11-16 18:42:01,386 - INFO - HTTP Request: POST http://localhost:11434/chat/completions "HTTP/1.1 404 Not Found"
2025-11-16 18:42:01,396 - INFO - HTTP Request: POST http://localhost:11434/chat/completions "HTTP/1.1 404 Not Found"
2025-11-16 18:42:01,433 - INFO - HTTP Request: POST http://localhost:11434/chat/completions "HTTP/1.1 404 Not Found"
2025-11-16 18:42:01,434 - WARNING - Exception for chunk chunk-42db47d885e87b6fde54b8958912570a: RetryError[<Future at 0x7a63402a78b0 state=finished raised NotFoundError>]
2025-11-16 18:42:01,439 - INFO - HTTP Request: POST http://localhost:11434/chat/completions "HTTP/1.1 404 Not Found"
2025-11-16 18:42:01,490 - INFO - HTTP Request: POST http://localhost:11434/chat/completions "HTTP/1.1 404 Not Found"
2025-11-16 18:42:01,491 - WARNING - Exception for chunk chunk-1ae8f7131c97d824e02ec2d90f44e7b9: RetryError[<Future at 0x7a63402cf070 state=finished raised NotFoundError>]
2025-11-16 18:42:01,497 - INFO - HTTP Request: POST http://localhost:11434/chat/completions "HTTP/1.1 404 Not Found"
2025-11-16 18:42:01,509 - INFO - HTTP Request: POST http://localhost:11434/chat/completions "HTTP/1.1 404 Not Found"
2025-11-16 18:42:01,510 - WARNING - Exception for chunk chunk-0dec74d810ec1f93c872e36a3a11ad7e: RetryError[<Future at 0x7a63402a68f0 state=finished raised NotFoundError>]
2025-11-16 18:42:01,515 - INFO - HTTP Request: POST http://localhost:11434/chat/completions "HTTP/1.1 404 Not Found"
2025-11-16 18:42:01,531 - INFO - HTTP Request: POST http://localhost:11434/chat/completions "HTTP/1.1 404 Not Found"
2025-11-16 18:42:01,531 - WARNING - Exception for chunk chunk-e042feba1175ccc0883988c2f8930850: RetryError[<Future at 0x7a634028e2c0 state=finished raised NotFoundError>]
2025-11-16 18:42:01,536 - INFO - HTTP Request: POST http://localhost:11434/chat/completions "HTTP/1.1 404 Not Found"
2025-11-16 18:42:01,537 - WARNING - Exception for chunk chunk-8f32d01122365aac61552cb16144a472: RetryError[<Future at 0x7a634028c370 state=finished raised NotFoundError>]
2025-11-16 18:42:01,548 - INFO - HTTP Request: POST http://localhost:11434/chat/completions "HTTP/1.1 404 Not Found"
2025-11-16 18:42:01,549 - INFO - HTTP Request: POST http://localhost:11434/chat/completions "HTTP/1.1 404 Not Found"
2025-11-16 18:42:01,551 - WARNING - Exception for chunk chunk-936d5c4a999b862fda6a53602f6471a0: RetryError[<Future at 0x7a634028f100 state=finished raised NotFoundError>]
2025-11-16 18:42:01,557 - INFO - HTTP Request: POST http://localhost:11434/chat/completions "HTTP/1.1 404 Not Found"
2025-11-16 18:42:01,579 - INFO - HTTP Request: POST http://localhost:11434/chat/completions "HTTP/1.1 404 Not Found"
2025-11-16 18:42:01,580 - WARNING - Exception for chunk chunk-15f25d6b4a7aae9d0be77a9dd26912a3: RetryError[<Future at 0x7a634028a0b0 state=finished raised NotFoundError>]
2025-11-16 18:42:01,592 - INFO - HTTP Request: POST http://localhost:11434/chat/completions "HTTP/1.1 404 Not Found"
2025-11-16 18:42:01,593 - INFO - HTTP Request: POST http://localhost:11434/chat/completions "HTTP/1.1 404 Not Found"
2025-11-16 18:42:01,594 - WARNING - Exception for chunk chunk-dfd805c24c920a0e31d653db3d07339d: RetryError[<Future at 0x7a63402a40d0 state=finished raised NotFoundError>]
2025-11-16 18:42:01,600 - INFO - HTTP Request: POST http://localhost:11434/chat/completions "HTTP/1.1 404 Not Found"
2025-11-16 18:42:01,605 - INFO - HTTP Request: POST http://localhost:11434/chat/completions "HTTP/1.1 404 Not Found"
2025-11-16 18:42:02,254 - INFO - HTTP Request: POST http://localhost:11434/chat/completions "HTTP/1.1 404 Not Found"
2025-11-16 18:42:02,254 - WARNING - Exception for chunk chunk-3b58d72e6b0d916a213430302fe4fbb9: RetryError[<Future at 0x7a634028e9e0 state=finished raised NotFoundError>]
2025-11-16 18:42:02,259 - INFO - HTTP Request: POST http://localhost:11434/chat/completions "HTTP/1.1 404 Not Found"
2025-11-16 18:42:02,298 - INFO - HTTP Request: POST http://localhost:11434/chat/completions "HTTP/1.1 404 Not Found"
2025-11-16 18:42:02,299 - WARNING - Exception for chunk chunk-b44c80a3e785605793bbd8e8ddf64208: RetryError[<Future at 0x7a634013bdc0 state=finished raised NotFoundError>]
2025-11-16 18:42:02,303 - INFO - HTTP Request: POST http://localhost:11434/chat/completions "HTTP/1.1 404 Not Found"
2025-11-16 18:42:02,325 - INFO - HTTP Request: POST http://localhost:11434/chat/completions "HTTP/1.1 404 Not Found"
2025-11-16 18:42:02,325 - WARNING - Exception for chunk chunk-1a020a2efc233fc54a86c42e86331c96: RetryError[<Future at 0x7a63402a5b40 state=finished raised NotFoundError>]
2025-11-16 18:42:02,330 - INFO - HTTP Request: POST http://localhost:11434/chat/completions "HTTP/1.1 404 Not Found"
2025-11-16 18:42:02,353 - INFO - HTTP Request: POST http://localhost:11434/chat/completions "HTTP/1.1 404 Not Found"
2025-11-16 18:42:02,354 - WARNING - Exception for chunk chunk-8617aec1634c2e2e4e9c94a4f0a39c3a: RetryError[<Future at 0x7a6340289b10 state=finished raised NotFoundError>]
2025-11-16 18:42:02,360 - INFO - HTTP Request: POST http://localhost:11434/chat/completions "HTTP/1.1 404 Not Found"
2025-11-16 18:42:02,366 - INFO - HTTP Request: POST http://localhost:11434/chat/completions "HTTP/1.1 404 Not Found"
2025-11-16 18:42:02,367 - WARNING - Exception for chunk chunk-bd147747c45bc9e9d49fdb5be8c26f1d: RetryError[<Future at 0x7a634028b100 state=finished raised NotFoundError>]
2025-11-16 18:42:02,371 - INFO - HTTP Request: POST http://localhost:11434/chat/completions "HTTP/1.1 404 Not Found"
2025-11-16 18:42:02,372 - WARNING - Exception for chunk chunk-bb7a29bcbfccd8f9c4d7dd45f511d367: RetryError[<Future at 0x7a634028ada0 state=finished raised NotFoundError>]
2025-11-16 18:42:02,378 - INFO - HTTP Request: POST http://localhost:11434/chat/completions "HTTP/1.1 404 Not Found"
2025-11-16 18:42:02,391 - INFO - HTTP Request: POST http://localhost:11434/chat/completions "HTTP/1.1 404 Not Found"
2025-11-16 18:42:02,392 - WARNING - Exception for chunk chunk-85a0a27bd0ca3c0c643a06618ae4532b: RetryError[<Future at 0x7a634013ba30 state=finished raised NotFoundError>]
2025-11-16 18:42:02,397 - INFO - HTTP Request: POST http://localhost:11434/chat/completions "HTTP/1.1 404 Not Found"
2025-11-16 18:42:02,400 - INFO - HTTP Request: POST http://localhost:11434/chat/completions "HTTP/1.1 404 Not Found"
2025-11-16 18:42:02,401 - WARNING - Exception for chunk chunk-5fb4efdc9666ac5f8be1c2c4a615cbe2: RetryError[<Future at 0x7a634013b1c0 state=finished raised NotFoundError>]
2025-11-16 18:42:02,408 - INFO - HTTP Request: POST http://localhost:11434/chat/completions "HTTP/1.1 404 Not Found"
2025-11-16 18:42:02,431 - INFO - HTTP Request: POST http://localhost:11434/chat/completions "HTTP/1.1 404 Not Found"
2025-11-16 18:42:02,444 - INFO - HTTP Request: POST http://localhost:11434/chat/completions "HTTP/1.1 404 Not Found"
2025-11-16 18:42:02,445 - WARNING - Exception for chunk chunk-03fe7dc4184d0c2d27e1fc547688998c: RetryError[<Future at 0x7a6340160e20 state=finished raised NotFoundError>]
2025-11-16 18:42:02,450 - INFO - HTTP Request: POST http://localhost:11434/chat/completions "HTTP/1.1 404 Not Found"
2025-11-16 18:42:02,503 - INFO - HTTP Request: POST http://localhost:11434/chat/completions "HTTP/1.1 404 Not Found"
2025-11-16 18:42:02,505 - WARNING - Exception for chunk chunk-6c383ea56a295b87a351650b04c9a923: RetryError[<Future at 0x7a6340160940 state=finished raised NotFoundError>]
2025-11-16 18:42:02,511 - INFO - HTTP Request: POST http://localhost:11434/chat/completions "HTTP/1.1 404 Not Found"
2025-11-16 18:42:02,520 - INFO - HTTP Request: POST http://localhost:11434/chat/completions "HTTP/1.1 404 Not Found"
2025-11-16 18:42:02,521 - WARNING - Exception for chunk chunk-b061054e7026b60a66dcd4c0149af2c2: RetryError[<Future at 0x7a63401622c0 state=finished raised NotFoundError>]
2025-11-16 18:42:02,529 - INFO - HTTP Request: POST http://localhost:11434/chat/completions "HTTP/1.1 404 Not Found"
2025-11-16 18:42:02,557 - INFO - HTTP Request: POST http://localhost:11434/chat/completions "HTTP/1.1 404 Not Found"
2025-11-16 18:42:02,559 - WARNING - Exception for chunk chunk-7dc5f99ea1e0d3435113998666093730: RetryError[<Future at 0x7a6340173df0 state=finished raised NotFoundError>]
2025-11-16 18:42:02,566 - INFO - HTTP Request: POST http://localhost:11434/chat/completions "HTTP/1.1 404 Not Found"
2025-11-16 18:42:02,567 - WARNING - Exception for chunk chunk-b0f6a856152f8253bbec4d5ff9535e8a: RetryError[<Future at 0x7a63401739a0 state=finished raised NotFoundError>]
2025-11-16 18:42:02,576 - INFO - HTTP Request: POST http://localhost:11434/chat/completions "HTTP/1.1 404 Not Found"
2025-11-16 18:42:02,601 - INFO - HTTP Request: POST http://localhost:11434/chat/completions "HTTP/1.1 404 Not Found"
2025-11-16 18:42:02,606 - INFO - HTTP Request: POST http://localhost:11434/chat/completions "HTTP/1.1 404 Not Found"
2025-11-16 18:42:02,608 - WARNING - Exception for chunk chunk-08a23abf7d9ea3622b2f3a72e2831edc: RetryError[<Future at 0x7a63401734c0 state=finished raised NotFoundError>]
2025-11-16 18:42:02,613 - WARNING - Exception for chunk chunk-aaab3c5323763cc93adb5319efafd66c: RetryError[<Future at 0x7a63402881c0 state=finished raised NotFoundError>]
2025-11-16 18:42:02,614 - INFO - HTTP Request: POST http://localhost:11434/chat/completions "HTTP/1.1 404 Not Found"
2025-11-16 18:42:02,617 - WARNING - Exception for chunk chunk-314f21fd6539cadde2805394a8bc1a20: RetryError[<Future at 0x7a63401931f0 state=finished raised NotFoundError>]
2025-11-16 18:42:02,638 - INFO - HTTP Request: POST http://localhost:11434/chat/completions "HTTP/1.1 404 Not Found"
2025-11-16 18:42:02,639 - INFO - HTTP Request: POST http://localhost:11434/chat/completions "HTTP/1.1 404 Not Found"
2025-11-16 18:42:02,646 - INFO - HTTP Request: POST http://localhost:11434/chat/completions "HTTP/1.1 404 Not Found"
2025-11-16 18:42:02,672 - INFO - HTTP Request: POST http://localhost:11434/chat/completions "HTTP/1.1 404 Not Found"
2025-11-16 18:42:03,263 - INFO - HTTP Request: POST http://localhost:11434/chat/completions "HTTP/1.1 404 Not Found"
2025-11-16 18:42:03,264 - WARNING - Exception for chunk chunk-0474bd0a898e15502b9fa3623d80372c: RetryError[<Future at 0x7a6340190f70 state=finished raised NotFoundError>]
2025-11-16 18:42:03,270 - INFO - HTTP Request: POST http://localhost:11434/chat/completions "HTTP/1.1 404 Not Found"
2025-11-16 18:42:03,309 - INFO - HTTP Request: POST http://localhost:11434/chat/completions "HTTP/1.1 404 Not Found"
2025-11-16 18:42:03,309 - WARNING - Exception for chunk chunk-d3960fad380585535c2e3a637a2b6cc8: RetryError[<Future at 0x7a6340173280 state=finished raised NotFoundError>]
2025-11-16 18:42:03,315 - INFO - HTTP Request: POST http://localhost:11434/chat/completions "HTTP/1.1 404 Not Found"
2025-11-16 18:42:03,336 - INFO - HTTP Request: POST http://localhost:11434/chat/completions "HTTP/1.1 404 Not Found"
2025-11-16 18:42:03,337 - WARNING - Exception for chunk chunk-f3ab6b355fbe3bdd710f82f6983f0812: RetryError[<Future at 0x7a63484b6e90 state=finished raised NotFoundError>]
2025-11-16 18:42:03,342 - INFO - HTTP Request: POST http://localhost:11434/chat/completions "HTTP/1.1 404 Not Found"
2025-11-16 18:42:03,369 - INFO - HTTP Request: POST http://localhost:11434/chat/completions "HTTP/1.1 404 Not Found"
2025-11-16 18:42:03,371 - WARNING - Exception for chunk chunk-0ba3da878528773e6549368e4a359cdf: RetryError[<Future at 0x7a6340190ac0 state=finished raised NotFoundError>]
2025-11-16 18:42:03,378 - INFO - HTTP Request: POST http://localhost:11434/chat/completions "HTTP/1.1 404 Not Found"
2025-11-16 18:42:03,383 - INFO - HTTP Request: POST http://localhost:11434/chat/completions "HTTP/1.1 404 Not Found"
2025-11-16 18:42:03,384 - WARNING - Exception for chunk chunk-49e35a0795ddf54f132d3184090a22aa: RetryError[<Future at 0x7a63401935b0 state=finished raised NotFoundError>]
2025-11-16 18:42:03,388 - INFO - HTTP Request: POST http://localhost:11434/chat/completions "HTTP/1.1 404 Not Found"
2025-11-16 18:42:03,401 - INFO - HTTP Request: POST http://localhost:11434/chat/completions "HTTP/1.1 404 Not Found"
2025-11-16 18:42:03,402 - WARNING - Exception for chunk chunk-3efa9598b6c9d41a263c865bf16a7554: RetryError[<Future at 0x7a6340191ed0 state=finished raised NotFoundError>]
2025-11-16 18:42:03,408 - INFO - HTTP Request: POST http://localhost:11434/chat/completions "HTTP/1.1 404 Not Found"
2025-11-16 18:42:03,412 - INFO - HTTP Request: POST http://localhost:11434/chat/completions "HTTP/1.1 404 Not Found"
2025-11-16 18:42:03,413 - WARNING - Exception for chunk chunk-4dfdecada04b9a2e2f62494944c4b6fa: RetryError[<Future at 0x7a6340170a30 state=finished raised NotFoundError>]
2025-11-16 18:42:03,417 - INFO - HTTP Request: POST http://localhost:11434/chat/completions "HTTP/1.1 404 Not Found"
2025-11-16 18:42:03,436 - INFO - HTTP Request: POST http://localhost:11434/chat/completions "HTTP/1.1 404 Not Found"
2025-11-16 18:42:03,437 - WARNING - Exception for chunk chunk-beed104b9c33a0de2687d830ff02ff86: RetryError[<Future at 0x7a634027d720 state=finished raised NotFoundError>]
2025-11-16 18:42:03,442 - INFO - HTTP Request: POST http://localhost:11434/chat/completions "HTTP/1.1 404 Not Found"
2025-11-16 18:42:03,455 - INFO - HTTP Request: POST http://localhost:11434/chat/completions "HTTP/1.1 404 Not Found"
2025-11-16 18:42:03,456 - WARNING - Exception for chunk chunk-d89c5a7edb6a7d1d4e8217407d6be71b: RetryError[<Future at 0x7a636b2aff70 state=finished raised NotFoundError>]
2025-11-16 18:42:03,461 - INFO - HTTP Request: POST http://localhost:11434/chat/completions "HTTP/1.1 404 Not Found"
2025-11-16 18:42:03,515 - INFO - HTTP Request: POST http://localhost:11434/chat/completions "HTTP/1.1 404 Not Found"
2025-11-16 18:42:03,516 - WARNING - Exception for chunk chunk-cf97523e26e92eb3f378f331769a3e2f: RetryError[<Future at 0x7a6340163070 state=finished raised NotFoundError>]
2025-11-16 18:42:03,520 - INFO - HTTP Request: POST http://localhost:11434/chat/completions "HTTP/1.1 404 Not Found"
2025-11-16 18:42:03,534 - INFO - HTTP Request: POST http://localhost:11434/chat/completions "HTTP/1.1 404 Not Found"
2025-11-16 18:42:03,535 - WARNING - Exception for chunk chunk-45b4966f952ce1b0fbcbcc5d2c45107c: RetryError[<Future at 0x7a63401496c0 state=finished raised NotFoundError>]
2025-11-16 18:42:03,541 - INFO - HTTP Request: POST http://localhost:11434/chat/completions "HTTP/1.1 404 Not Found"
2025-11-16 18:42:03,581 - INFO - HTTP Request: POST http://localhost:11434/chat/completions "HTTP/1.1 404 Not Found"
2025-11-16 18:42:03,582 - WARNING - Exception for chunk chunk-bfb54715856e23779b7ff439a981f83d: RetryError[<Future at 0x7a63401394e0 state=finished raised NotFoundError>]
2025-11-16 18:42:03,587 - INFO - HTTP Request: POST http://localhost:11434/chat/completions "HTTP/1.1 404 Not Found"
2025-11-16 18:42:03,651 - INFO - HTTP Request: POST http://localhost:11434/chat/completions "HTTP/1.1 404 Not Found"
2025-11-16 18:42:03,652 - WARNING - Exception for chunk chunk-45c5660e6cfb7d135efc9e84ca072149: RetryError[<Future at 0x7a6340149270 state=finished raised NotFoundError>]
2025-11-16 18:42:03,654 - INFO - HTTP Request: POST http://localhost:11434/chat/completions "HTTP/1.1 404 Not Found"
2025-11-16 18:42:03,656 - INFO - HTTP Request: POST http://localhost:11434/chat/completions "HTTP/1.1 404 Not Found"
2025-11-16 18:42:03,658 - WARNING - Exception for chunk chunk-9c5b9c939cecb6b246f7bb81a6c112c1: RetryError[<Future at 0x7a63402dfa00 state=finished raised NotFoundError>]
2025-11-16 18:42:03,659 - WARNING - Exception for chunk chunk-d73ae27eb5c8d2d4ea54962be57a6691: RetryError[<Future at 0x7a63401921a0 state=finished raised NotFoundError>]
2025-11-16 18:42:03,666 - INFO - HTTP Request: POST http://localhost:11434/chat/completions "HTTP/1.1 404 Not Found"
2025-11-16 18:42:03,671 - INFO - HTTP Request: POST http://localhost:11434/chat/completions "HTTP/1.1 404 Not Found"
2025-11-16 18:42:03,679 - INFO - HTTP Request: POST http://localhost:11434/chat/completions "HTTP/1.1 404 Not Found"
2025-11-16 18:42:03,679 - WARNING - Exception for chunk chunk-9d3bf11012332b248388abe30d98ab25: RetryError[<Future at 0x7a63401053f0 state=finished raised NotFoundError>]
2025-11-16 18:42:03,685 - INFO - HTTP Request: POST http://localhost:11434/chat/completions "HTTP/1.1 404 Not Found"
2025-11-16 18:42:03,720 - INFO - HTTP Request: POST http://localhost:11434/chat/completions "HTTP/1.1 404 Not Found"
2025-11-16 18:42:04,276 - INFO - HTTP Request: POST http://localhost:11434/chat/completions "HTTP/1.1 404 Not Found"
2025-11-16 18:42:04,277 - WARNING - Exception for chunk chunk-b044780c62057aa899b6e93266093b30: RetryError[<Future at 0x7a63402f7190 state=finished raised NotFoundError>]
2025-11-16 18:42:04,282 - INFO - HTTP Request: POST http://localhost:11434/chat/completions "HTTP/1.1 404 Not Found"
2025-11-16 18:42:04,319 - INFO - HTTP Request: POST http://localhost:11434/chat/completions "HTTP/1.1 404 Not Found"
2025-11-16 18:42:04,320 - WARNING - Exception for chunk chunk-324db836c9026aa6abe2520624a2455a: RetryError[<Future at 0x7a6340289330 state=finished raised NotFoundError>]
2025-11-16 18:42:04,327 - INFO - HTTP Request: POST http://localhost:11434/chat/completions "HTTP/1.1 404 Not Found"
2025-11-16 18:42:04,348 - INFO - HTTP Request: POST http://localhost:11434/chat/completions "HTTP/1.1 404 Not Found"
2025-11-16 18:42:04,349 - WARNING - Exception for chunk chunk-72156f56353452829eabdd6f70dfd9b7: RetryError[<Future at 0x7a6340118ac0 state=finished raised NotFoundError>]
2025-11-16 18:42:04,355 - INFO - HTTP Request: POST http://localhost:11434/chat/completions "HTTP/1.1 404 Not Found"
2025-11-16 18:42:04,383 - INFO - HTTP Request: POST http://localhost:11434/chat/completions "HTTP/1.1 404 Not Found"
2025-11-16 18:42:04,384 - WARNING - Exception for chunk chunk-69f10cd5823b114ee81e10e51ce69ae6: RetryError[<Future at 0x7a63402715d0 state=finished raised NotFoundError>]
2025-11-16 18:42:04,388 - INFO - HTTP Request: POST http://localhost:11434/chat/completions "HTTP/1.1 404 Not Found"
2025-11-16 18:42:04,393 - INFO - HTTP Request: POST http://localhost:11434/chat/completions "HTTP/1.1 404 Not Found"
2025-11-16 18:42:04,394 - WARNING - Exception for chunk chunk-72f136469a0c52afc08af249e0ce2697: RetryError[<Future at 0x7a634028f670 state=finished raised NotFoundError>]
2025-11-16 18:42:04,400 - INFO - HTTP Request: POST http://localhost:11434/chat/completions "HTTP/1.1 404 Not Found"
2025-11-16 18:42:04,414 - INFO - HTTP Request: POST http://localhost:11434/chat/completions "HTTP/1.1 404 Not Found"
2025-11-16 18:42:04,414 - WARNING - Exception for chunk chunk-5718b4061b0117824332b4628c5e43b8: RetryError[<Future at 0x7a6340263e50 state=finished raised NotFoundError>]
2025-11-16 18:42:04,425 - INFO - HTTP Request: POST http://localhost:11434/chat/completions "HTTP/1.1 404 Not Found"
2025-11-16 18:42:04,425 - INFO - HTTP Request: POST http://localhost:11434/chat/completions "HTTP/1.1 404 Not Found"
2025-11-16 18:42:04,427 - WARNING - Exception for chunk chunk-a62421412534a3fbf930d8caeb4aeb22: RetryError[<Future at 0x7a6340289fc0 state=finished raised NotFoundError>]
2025-11-16 18:42:04,433 - INFO - HTTP Request: POST http://localhost:11434/chat/completions "HTTP/1.1 404 Not Found"
2025-11-16 18:42:04,448 - INFO - HTTP Request: POST http://localhost:11434/chat/completions "HTTP/1.1 404 Not Found"
2025-11-16 18:42:04,449 - WARNING - Exception for chunk chunk-a2f76b68773924f9184376e3a4ccc343: RetryError[<Future at 0x7a63401a27a0 state=finished raised NotFoundError>]
2025-11-16 18:42:04,455 - INFO - HTTP Request: POST http://localhost:11434/chat/completions "HTTP/1.1 404 Not Found"
2025-11-16 18:42:04,465 - INFO - HTTP Request: POST http://localhost:11434/chat/completions "HTTP/1.1 404 Not Found"
2025-11-16 18:42:04,466 - WARNING - Exception for chunk chunk-4339ed2e86726653ea6723d36ba34258: RetryError[<Future at 0x7a63402893c0 state=finished raised NotFoundError>]
2025-11-16 18:42:04,472 - INFO - HTTP Request: POST http://localhost:11434/chat/completions "HTTP/1.1 404 Not Found"
2025-11-16 18:42:04,525 - INFO - HTTP Request: POST http://localhost:11434/chat/completions "HTTP/1.1 404 Not Found"
2025-11-16 18:42:04,525 - WARNING - Exception for chunk chunk-36c11e12a2b093d23819d353c89db220: RetryError[<Future at 0x7a63401a1d20 state=finished raised NotFoundError>]
2025-11-16 18:42:04,530 - INFO - HTTP Request: POST http://localhost:11434/chat/completions "HTTP/1.1 404 Not Found"
2025-11-16 18:42:04,546 - INFO - HTTP Request: POST http://localhost:11434/chat/completions "HTTP/1.1 404 Not Found"
2025-11-16 18:42:04,547 - WARNING - Exception for chunk chunk-ec0be93f481aaad0f64c9c72e561b1de: RetryError[<Future at 0x7a63401a3cd0 state=finished raised NotFoundError>]
2025-11-16 18:42:04,552 - INFO - HTTP Request: POST http://localhost:11434/chat/completions "HTTP/1.1 404 Not Found"
2025-11-16 18:42:04,592 - INFO - HTTP Request: POST http://localhost:11434/chat/completions "HTTP/1.1 404 Not Found"
2025-11-16 18:42:04,593 - WARNING - Exception for chunk chunk-b22c2215c72b863e57210a822b2978bf: RetryError[<Future at 0x7a63401a2050 state=finished raised NotFoundError>]
2025-11-16 18:42:04,597 - INFO - HTTP Request: POST http://localhost:11434/chat/completions "HTTP/1.1 404 Not Found"
2025-11-16 18:42:04,672 - INFO - HTTP Request: POST http://localhost:11434/chat/completions "HTTP/1.1 404 Not Found"
2025-11-16 18:42:04,672 - WARNING - Exception for chunk chunk-aeb3f0b56425aa743568c653690d0dc5: RetryError[<Future at 0x7a63401cba60 state=finished raised NotFoundError>]
2025-11-16 18:42:04,678 - INFO - HTTP Request: POST http://localhost:11434/chat/completions "HTTP/1.1 404 Not Found"
2025-11-16 18:42:04,680 - WARNING - Exception for chunk chunk-2830f6261619678a548879a606246908: RetryError[<Future at 0x7a63401cb610 state=finished raised NotFoundError>]
2025-11-16 18:42:04,686 - INFO - HTTP Request: POST http://localhost:11434/chat/completions "HTTP/1.1 404 Not Found"
2025-11-16 18:42:04,694 - INFO - HTTP Request: POST http://localhost:11434/chat/completions "HTTP/1.1 404 Not Found"
2025-11-16 18:42:04,695 - WARNING - Exception for chunk chunk-d7373f578723ee98c6692556b4c732f7: RetryError[<Future at 0x7a63401cb100 state=finished raised NotFoundError>]
2025-11-16 18:42:04,696 - INFO - HTTP Request: POST http://localhost:11434/chat/completions "HTTP/1.1 404 Not Found"
2025-11-16 18:42:04,703 - INFO - HTTP Request: POST http://localhost:11434/chat/completions "HTTP/1.1 404 Not Found"
2025-11-16 18:42:04,725 - INFO - HTTP Request: POST http://localhost:11434/chat/completions "HTTP/1.1 404 Not Found"
2025-11-16 18:42:04,726 - WARNING - Exception for chunk chunk-4e449a5bcee27178bfdad89110586f63: RetryError[<Future at 0x7a63401e3100 state=finished raised NotFoundError>]
2025-11-16 18:42:04,732 - INFO - HTTP Request: POST http://localhost:11434/chat/completions "HTTP/1.1 404 Not Found"
2025-11-16 18:42:05,287 - INFO - HTTP Request: POST http://localhost:11434/chat/completions "HTTP/1.1 404 Not Found"
2025-11-16 18:42:05,288 - WARNING - Exception for chunk chunk-8a4c7978e2db7ad6dd9f776e38e4f2ab: RetryError[<Future at 0x7a634028fa00 state=finished raised NotFoundError>]
2025-11-16 18:42:05,295 - INFO - HTTP Request: POST http://localhost:11434/chat/completions "HTTP/1.1 404 Not Found"
2025-11-16 18:42:05,332 - INFO - HTTP Request: POST http://localhost:11434/chat/completions "HTTP/1.1 404 Not Found"
2025-11-16 18:42:05,333 - WARNING - Exception for chunk chunk-8e42ebe6d2f65e0d7d8d3e3a5bcb2f1d: RetryError[<Future at 0x7a63401cb3a0 state=finished raised NotFoundError>]
2025-11-16 18:42:05,343 - INFO - HTTP Request: POST http://localhost:11434/chat/completions "HTTP/1.1 404 Not Found"
2025-11-16 18:42:05,359 - INFO - HTTP Request: POST http://localhost:11434/chat/completions "HTTP/1.1 404 Not Found"
2025-11-16 18:42:05,360 - WARNING - Exception for chunk chunk-c3490d5a6a8964ae666bb0fe013c8e84: RetryError[<Future at 0x7a63403116f0 state=finished raised NotFoundError>]
2025-11-16 18:42:05,366 - INFO - HTTP Request: POST http://localhost:11434/chat/completions "HTTP/1.1 404 Not Found"
2025-11-16 18:42:05,393 - INFO - HTTP Request: POST http://localhost:11434/chat/completions "HTTP/1.1 404 Not Found"
2025-11-16 18:42:05,394 - WARNING - Exception for chunk chunk-cc9d03f0fb82cd3fcd4aae38353f5cbc: RetryError[<Future at 0x7a63401e31c0 state=finished raised NotFoundError>]
2025-11-16 18:42:05,400 - INFO - HTTP Request: POST http://localhost:11434/chat/completions "HTTP/1.1 404 Not Found"
2025-11-16 18:42:05,405 - INFO - HTTP Request: POST http://localhost:11434/chat/completions "HTTP/1.1 404 Not Found"
2025-11-16 18:42:05,405 - WARNING - Exception for chunk chunk-dc68528873092dda4056b2d33b109db7: RetryError[<Future at 0x7a63401c94e0 state=finished raised NotFoundError>]
2025-11-16 18:42:05,412 - INFO - HTTP Request: POST http://localhost:11434/chat/completions "HTTP/1.1 404 Not Found"
2025-11-16 18:42:05,431 - INFO - HTTP Request: POST http://localhost:11434/chat/completions "HTTP/1.1 404 Not Found"
2025-11-16 18:42:05,432 - WARNING - Exception for chunk chunk-07991d69e24e033b944bf9f657c94bb1: RetryError[<Future at 0x7a63401c9360 state=finished raised NotFoundError>]
2025-11-16 18:42:05,441 - INFO - HTTP Request: POST http://localhost:11434/chat/completions "HTTP/1.1 404 Not Found"
2025-11-16 18:42:05,442 - INFO - HTTP Request: POST http://localhost:11434/chat/completions "HTTP/1.1 404 Not Found"
2025-11-16 18:42:05,444 - WARNING - Exception for chunk chunk-093224c7056762b9fa859c23dc7827e4: RetryError[<Future at 0x7a63481cfca0 state=finished raised NotFoundError>]
2025-11-16 18:42:05,450 - INFO - HTTP Request: POST http://localhost:11434/chat/completions "HTTP/1.1 404 Not Found"
2025-11-16 18:42:05,461 - INFO - HTTP Request: POST http://localhost:11434/chat/completions "HTTP/1.1 404 Not Found"
2025-11-16 18:42:05,462 - WARNING - Exception for chunk chunk-3f2a2fba431effcd36b7a1839ed5b25b: RetryError[<Future at 0x7a63401e0100 state=finished raised NotFoundError>]
2025-11-16 18:42:05,469 - INFO - HTTP Request: POST http://localhost:11434/chat/completions "HTTP/1.1 404 Not Found"
2025-11-16 18:42:05,478 - INFO - HTTP Request: POST http://localhost:11434/chat/completions "HTTP/1.1 404 Not Found"
2025-11-16 18:42:05,478 - WARNING - Exception for chunk chunk-9b073637a136e4276bcc101944465df0: RetryError[<Future at 0x7a63401a1660 state=finished raised NotFoundError>]
2025-11-16 18:42:05,485 - INFO - HTTP Request: POST http://localhost:11434/chat/completions "HTTP/1.1 404 Not Found"
2025-11-16 18:42:05,538 - INFO - HTTP Request: POST http://localhost:11434/chat/completions "HTTP/1.1 404 Not Found"
2025-11-16 18:42:05,539 - WARNING - Exception for chunk chunk-8ac39453dd329770f8b552eaac2f2eca: RetryError[<Future at 0x7a63401636a0 state=finished raised NotFoundError>]
2025-11-16 18:42:05,546 - INFO - HTTP Request: POST http://localhost:11434/chat/completions "HTTP/1.1 404 Not Found"
2025-11-16 18:42:05,559 - INFO - HTTP Request: POST http://localhost:11434/chat/completions "HTTP/1.1 404 Not Found"
2025-11-16 18:42:05,560 - WARNING - Exception for chunk chunk-27726ce787a4a034b3e5cd5de5e5b74e: RetryError[<Future at 0x7a63401c90f0 state=finished raised NotFoundError>]
2025-11-16 18:42:05,566 - INFO - HTTP Request: POST http://localhost:11434/chat/completions "HTTP/1.1 404 Not Found"
2025-11-16 18:42:05,602 - INFO - HTTP Request: POST http://localhost:11434/chat/completions "HTTP/1.1 404 Not Found"
2025-11-16 18:42:05,603 - WARNING - Exception for chunk chunk-c48b8d8efe60039dab86a432b00779ad: RetryError[<Future at 0x7a634028c700 state=finished raised NotFoundError>]
2025-11-16 18:42:05,609 - INFO - HTTP Request: POST http://localhost:11434/chat/completions "HTTP/1.1 404 Not Found"
2025-11-16 18:42:05,695 - INFO - HTTP Request: POST http://localhost:11434/chat/completions "HTTP/1.1 404 Not Found"
2025-11-16 18:42:05,697 - WARNING - Exception for chunk chunk-ca203cf5e41893399f8bcbf2417abbfe: RetryError[<Future at 0x7a634028e3b0 state=finished raised NotFoundError>]
2025-11-16 18:42:05,719 - INFO - HTTP Request: POST http://localhost:11434/chat/completions "HTTP/1.1 404 Not Found"
2025-11-16 18:42:05,721 - WARNING - Exception for chunk chunk-fd94f5146451f8ccd6296c47675d8449: RetryError[<Future at 0x7a6340163250 state=finished raised NotFoundError>]
2025-11-16 18:42:05,724 - INFO - HTTP Request: POST http://localhost:11434/chat/completions "HTTP/1.1 404 Not Found"
2025-11-16 18:42:05,726 - WARNING - Exception for chunk chunk-c58e2b248dbc0d4890829d3a7e52bfbf: RetryError[<Future at 0x7a634028a800 state=finished raised NotFoundError>]
2025-11-16 18:42:05,746 - INFO - HTTP Request: POST http://localhost:11434/chat/completions "HTTP/1.1 404 Not Found"
2025-11-16 18:42:05,747 - INFO - HTTP Request: POST http://localhost:11434/chat/completions "HTTP/1.1 404 Not Found"
2025-11-16 18:42:05,749 - WARNING - Exception for chunk chunk-ec83b10be61bb9335bf0851d48ca7f0e: RetryError[<Future at 0x7a6340170a90 state=finished raised NotFoundError>]
2025-11-16 18:42:05,761 - INFO - HTTP Request: POST http://localhost:11434/chat/completions "HTTP/1.1 404 Not Found"
2025-11-16 18:42:05,784 - INFO - HTTP Request: POST http://localhost:11434/chat/completions "HTTP/1.1 404 Not Found"
2025-11-16 18:42:05,841 - INFO - HTTP Request: POST http://localhost:11434/chat/completions "HTTP/1.1 404 Not Found"
2025-11-16 18:42:06,300 - INFO - HTTP Request: POST http://localhost:11434/chat/completions "HTTP/1.1 404 Not Found"
2025-11-16 18:42:06,300 - WARNING - Exception for chunk chunk-f1f4637571f2ea759b1d1affc8228e28: RetryError[<Future at 0x7a63402a5cc0 state=finished raised NotFoundError>]
2025-11-16 18:42:06,307 - INFO - HTTP Request: POST http://localhost:11434/chat/completions "HTTP/1.1 404 Not Found"
2025-11-16 18:42:06,348 - INFO - HTTP Request: POST http://localhost:11434/chat/completions "HTTP/1.1 404 Not Found"
2025-11-16 18:42:06,349 - WARNING - Exception for chunk chunk-0fdc388c1ea64cdcb7fb308d47b7ee3d: RetryError[<Future at 0x7a6340107790 state=finished raised NotFoundError>]
2025-11-16 18:42:06,354 - INFO - HTTP Request: POST http://localhost:11434/chat/completions "HTTP/1.1 404 Not Found"
2025-11-16 18:42:06,370 - INFO - HTTP Request: POST http://localhost:11434/chat/completions "HTTP/1.1 404 Not Found"
2025-11-16 18:42:06,371 - WARNING - Exception for chunk chunk-f405594aa4feba7e25e839b7a2e9af8e: RetryError[<Future at 0x7a63483ac550 state=finished raised NotFoundError>]
2025-11-16 18:42:06,375 - INFO - HTTP Request: POST http://localhost:11434/chat/completions "HTTP/1.1 404 Not Found"
2025-11-16 18:42:06,404 - INFO - HTTP Request: POST http://localhost:11434/chat/completions "HTTP/1.1 404 Not Found"
2025-11-16 18:42:06,405 - WARNING - Exception for chunk chunk-2787fb6ab4a1c8d9a011131c01a766f1: RetryError[<Future at 0x7a6340139480 state=finished raised NotFoundError>]
2025-11-16 18:42:06,409 - INFO - HTTP Request: POST http://localhost:11434/chat/completions "HTTP/1.1 404 Not Found"
2025-11-16 18:42:06,416 - INFO - HTTP Request: POST http://localhost:11434/chat/completions "HTTP/1.1 404 Not Found"
2025-11-16 18:42:06,417 - WARNING - Exception for chunk chunk-a997a065e78adcd4fd47a4af30f594a4: RetryError[<Future at 0x7a634028d690 state=finished raised NotFoundError>]
2025-11-16 18:42:06,420 - INFO - HTTP Request: POST http://localhost:11434/chat/completions "HTTP/1.1 404 Not Found"
2025-11-16 18:42:06,447 - INFO - HTTP Request: POST http://localhost:11434/chat/completions "HTTP/1.1 404 Not Found"
2025-11-16 18:42:06,448 - WARNING - Exception for chunk chunk-d2713a35a4f1a1071970a7a79b5067db: RetryError[<Future at 0x7a63401638e0 state=finished raised NotFoundError>]
2025-11-16 18:42:06,454 - INFO - HTTP Request: POST http://localhost:11434/chat/completions "HTTP/1.1 404 Not Found"
2025-11-16 18:42:06,455 - INFO - HTTP Request: POST http://localhost:11434/chat/completions "HTTP/1.1 404 Not Found"
2025-11-16 18:42:06,456 - WARNING - Exception for chunk chunk-26e83719ec387b919602f10f6019391d: RetryError[<Future at 0x7a63402dd4b0 state=finished raised NotFoundError>]
2025-11-16 18:42:06,460 - INFO - HTTP Request: POST http://localhost:11434/chat/completions "HTTP/1.1 404 Not Found"
2025-11-16 18:42:06,473 - INFO - HTTP Request: POST http://localhost:11434/chat/completions "HTTP/1.1 404 Not Found"
2025-11-16 18:42:06,473 - WARNING - Exception for chunk chunk-9a0335caddfd6d2b89b78f31dbafc3e0: RetryError[<Future at 0x7a631f6f8ca0 state=finished raised NotFoundError>]
2025-11-16 18:42:06,477 - INFO - HTTP Request: POST http://localhost:11434/chat/completions "HTTP/1.1 404 Not Found"
2025-11-16 18:42:06,489 - INFO - HTTP Request: POST http://localhost:11434/chat/completions "HTTP/1.1 404 Not Found"
2025-11-16 18:42:06,490 - WARNING - Exception for chunk chunk-560a765785e71d5ad9702454e25d7172: RetryError[<Future at 0x7a631f6fbdf0 state=finished raised NotFoundError>]
2025-11-16 18:42:06,494 - INFO - HTTP Request: POST http://localhost:11434/chat/completions "HTTP/1.1 404 Not Found"
2025-11-16 18:42:06,551 - INFO - HTTP Request: POST http://localhost:11434/chat/completions "HTTP/1.1 404 Not Found"
2025-11-16 18:42:06,551 - WARNING - Exception for chunk chunk-d4f778c11ec59b62b311a812fd728e61: RetryError[<Future at 0x7a631f6f9510 state=finished raised NotFoundError>]
2025-11-16 18:42:06,556 - INFO - HTTP Request: POST http://localhost:11434/chat/completions "HTTP/1.1 404 Not Found"
2025-11-16 18:42:06,570 - INFO - HTTP Request: POST http://localhost:11434/chat/completions "HTTP/1.1 404 Not Found"
2025-11-16 18:42:06,571 - WARNING - Exception for chunk chunk-d5df053272ea9798248ecd8ff1ddcc25: RetryError[<Future at 0x7a631f71a770 state=finished raised NotFoundError>]
2025-11-16 18:42:06,575 - INFO - HTTP Request: POST http://localhost:11434/chat/completions "HTTP/1.1 404 Not Found"
2025-11-16 18:42:06,613 - INFO - HTTP Request: POST http://localhost:11434/chat/completions "HTTP/1.1 404 Not Found"
2025-11-16 18:42:06,614 - WARNING - Exception for chunk chunk-2b31031e1fbe485d17f3a44bc069cd08: RetryError[<Future at 0x7a631f6fa7d0 state=finished raised NotFoundError>]
2025-11-16 18:42:06,618 - INFO - HTTP Request: POST http://localhost:11434/chat/completions "HTTP/1.1 404 Not Found"
2025-11-16 18:42:06,756 - INFO - HTTP Request: POST http://localhost:11434/chat/completions "HTTP/1.1 404 Not Found"
2025-11-16 18:42:06,757 - WARNING - Exception for chunk chunk-6166a8ddb282fcd0ae06f3e5f466e743: RetryError[<Future at 0x7a631f718ee0 state=finished raised NotFoundError>]
2025-11-16 18:42:06,770 - INFO - HTTP Request: POST http://localhost:11434/chat/completions "HTTP/1.1 404 Not Found"
2025-11-16 18:42:06,771 - WARNING - Exception for chunk chunk-41982c49063511cb62986861074780e5: RetryError[<Future at 0x7a63401494e0 state=finished raised NotFoundError>]
2025-11-16 18:42:06,774 - INFO - HTTP Request: POST http://localhost:11434/chat/completions "HTTP/1.1 404 Not Found"
2025-11-16 18:42:06,785 - INFO - HTTP Request: POST http://localhost:11434/chat/completions "HTTP/1.1 404 Not Found"
2025-11-16 18:42:06,791 - INFO - HTTP Request: POST http://localhost:11434/chat/completions "HTTP/1.1 404 Not Found"
2025-11-16 18:42:06,792 - WARNING - Exception for chunk chunk-c2bcf34fd7a19780b6f821d9e4b55783: RetryError[<Future at 0x7a631f7346a0 state=finished raised NotFoundError>]
2025-11-16 18:42:06,799 - INFO - HTTP Request: POST http://localhost:11434/chat/completions "HTTP/1.1 404 Not Found"
2025-11-16 18:42:06,846 - INFO - HTTP Request: POST http://localhost:11434/chat/completions "HTTP/1.1 404 Not Found"
2025-11-16 18:42:06,847 - WARNING - Exception for chunk chunk-398908597964146928ea91e45c11cbf1: RetryError[<Future at 0x7a631f7492d0 state=finished raised NotFoundError>]
2025-11-16 18:42:06,851 - INFO - HTTP Request: POST http://localhost:11434/chat/completions "HTTP/1.1 404 Not Found"
2025-11-16 18:42:07,311 - INFO - HTTP Request: POST http://localhost:11434/chat/completions "HTTP/1.1 404 Not Found"
2025-11-16 18:42:07,312 - WARNING - Exception for chunk chunk-156309de5b8527291d4fdf135b0583f2: RetryError[<Future at 0x7a631f736590 state=finished raised NotFoundError>]
2025-11-16 18:42:07,316 - INFO - HTTP Request: POST http://localhost:11434/chat/completions "HTTP/1.1 404 Not Found"
2025-11-16 18:42:07,358 - INFO - HTTP Request: POST http://localhost:11434/chat/completions "HTTP/1.1 404 Not Found"
2025-11-16 18:42:07,359 - WARNING - Exception for chunk chunk-c79681521bed98d0e191d56d242df06f: RetryError[<Future at 0x7a631f74abc0 state=finished raised NotFoundError>]
2025-11-16 18:42:07,363 - INFO - HTTP Request: POST http://localhost:11434/chat/completions "HTTP/1.1 404 Not Found"
2025-11-16 18:42:07,379 - INFO - HTTP Request: POST http://localhost:11434/chat/completions "HTTP/1.1 404 Not Found"
2025-11-16 18:42:07,379 - WARNING - Exception for chunk chunk-dc16159b954bba072b82002884e96de8: RetryError[<Future at 0x7a631f74bdc0 state=finished raised NotFoundError>]
2025-11-16 18:42:07,383 - INFO - HTTP Request: POST http://localhost:11434/chat/completions "HTTP/1.1 404 Not Found"
2025-11-16 18:42:07,413 - INFO - HTTP Request: POST http://localhost:11434/chat/completions "HTTP/1.1 404 Not Found"
2025-11-16 18:42:07,414 - WARNING - Exception for chunk chunk-cdf52f65da80bdf43a5f32ebc4ddd4e9: RetryError[<Future at 0x7a631f74ac50 state=finished raised NotFoundError>]
2025-11-16 18:42:07,418 - INFO - HTTP Request: POST http://localhost:11434/chat/completions "HTTP/1.1 404 Not Found"
2025-11-16 18:42:07,424 - INFO - HTTP Request: POST http://localhost:11434/chat/completions "HTTP/1.1 404 Not Found"
2025-11-16 18:42:07,424 - WARNING - Exception for chunk chunk-55ed9941671ccd1fc5592b6af9bf6d92: RetryError[<Future at 0x7a631f762740 state=finished raised NotFoundError>]
2025-11-16 18:42:07,428 - INFO - HTTP Request: POST http://localhost:11434/chat/completions "HTTP/1.1 404 Not Found"
2025-11-16 18:42:07,458 - INFO - HTTP Request: POST http://localhost:11434/chat/completions "HTTP/1.1 404 Not Found"
2025-11-16 18:42:07,459 - WARNING - Exception for chunk chunk-91bba22156b3470166bfc10486997eb4: RetryError[<Future at 0x7a6340571f90 state=finished raised NotFoundError>]
2025-11-16 18:42:07,467 - INFO - HTTP Request: POST http://localhost:11434/chat/completions "HTTP/1.1 404 Not Found"
2025-11-16 18:42:07,468 - WARNING - Exception for chunk chunk-3755ece9a8780b34b8c3e4c19351805c: RetryError[<Future at 0x7a631f760700 state=finished raised NotFoundError>]
2025-11-16 18:42:07,469 - INFO - HTTP Request: POST http://localhost:11434/chat/completions "HTTP/1.1 404 Not Found"
2025-11-16 18:42:07,476 - INFO - HTTP Request: POST http://localhost:11434/chat/completions "HTTP/1.1 404 Not Found"
2025-11-16 18:42:07,482 - INFO - HTTP Request: POST http://localhost:11434/chat/completions "HTTP/1.1 404 Not Found"
2025-11-16 18:42:07,482 - WARNING - Exception for chunk chunk-1696ade002954b42c2c1084622c2fe8d: RetryError[<Future at 0x7a631f761720 state=finished raised NotFoundError>]
2025-11-16 18:42:07,488 - INFO - HTTP Request: POST http://localhost:11434/chat/completions "HTTP/1.1 404 Not Found"
2025-11-16 18:42:07,498 - INFO - HTTP Request: POST http://localhost:11434/chat/completions "HTTP/1.1 404 Not Found"
2025-11-16 18:42:07,499 - WARNING - Exception for chunk chunk-be8c3cc1150e04049f92e3b3002f776f: RetryError[<Future at 0x7a631f74a080 state=finished raised NotFoundError>]
2025-11-16 18:42:07,503 - INFO - HTTP Request: POST http://localhost:11434/chat/completions "HTTP/1.1 404 Not Found"
2025-11-16 18:42:07,563 - INFO - HTTP Request: POST http://localhost:11434/chat/completions "HTTP/1.1 404 Not Found"
2025-11-16 18:42:07,564 - WARNING - Exception for chunk chunk-1b79e42f0ab5928e7381fd1b0a57ad44: RetryError[<Future at 0x7a631f749750 state=finished raised NotFoundError>]
2025-11-16 18:42:07,568 - INFO - HTTP Request: POST http://localhost:11434/chat/completions "HTTP/1.1 404 Not Found"
2025-11-16 18:42:07,580 - INFO - HTTP Request: POST http://localhost:11434/chat/completions "HTTP/1.1 404 Not Found"
2025-11-16 18:42:07,580 - WARNING - Exception for chunk chunk-1f80a57f4800dead08f4fa704446372e: RetryError[<Future at 0x7a631f736620 state=finished raised NotFoundError>]
2025-11-16 18:42:07,585 - INFO - HTTP Request: POST http://localhost:11434/chat/completions "HTTP/1.1 404 Not Found"
2025-11-16 18:42:07,622 - INFO - HTTP Request: POST http://localhost:11434/chat/completions "HTTP/1.1 404 Not Found"
2025-11-16 18:42:07,623 - WARNING - Exception for chunk chunk-97d68046d950b9673fb9480f70f8e75d: RetryError[<Future at 0x7a631f737310 state=finished raised NotFoundError>]
2025-11-16 18:42:07,628 - INFO - HTTP Request: POST http://localhost:11434/chat/completions "HTTP/1.1 404 Not Found"
2025-11-16 18:42:07,778 - INFO - HTTP Request: POST http://localhost:11434/chat/completions "HTTP/1.1 404 Not Found"
2025-11-16 18:42:07,779 - WARNING - Exception for chunk chunk-4d8da6179aa230f3c52ba127ec3fc1d1: RetryError[<Future at 0x7a631f734430 state=finished raised NotFoundError>]
2025-11-16 18:42:07,783 - INFO - HTTP Request: POST http://localhost:11434/chat/completions "HTTP/1.1 404 Not Found"
2025-11-16 18:42:07,791 - INFO - HTTP Request: POST http://localhost:11434/chat/completions "HTTP/1.1 404 Not Found"
2025-11-16 18:42:07,792 - WARNING - Exception for chunk chunk-db6c55b9f36905a0008c26854e67902b: RetryError[<Future at 0x7a631f7499f0 state=finished raised NotFoundError>]
2025-11-16 18:42:07,797 - INFO - HTTP Request: POST http://localhost:11434/chat/completions "HTTP/1.1 404 Not Found"
2025-11-16 18:42:07,804 - INFO - HTTP Request: POST http://localhost:11434/chat/completions "HTTP/1.1 404 Not Found"
2025-11-16 18:42:07,804 - WARNING - Exception for chunk chunk-50239a79cd53098e11f5e69b7c530e0c: RetryError[<Future at 0x7a631f718ac0 state=finished raised NotFoundError>]
2025-11-16 18:42:07,810 - INFO - HTTP Request: POST http://localhost:11434/chat/completions "HTTP/1.1 404 Not Found"
2025-11-16 18:42:07,855 - INFO - HTTP Request: POST http://localhost:11434/chat/completions "HTTP/1.1 404 Not Found"
2025-11-16 18:42:07,856 - WARNING - Exception for chunk chunk-036fbd23ab1d5c6e3caed07417ad11ef: RetryError[<Future at 0x7a63402f6770 state=finished raised NotFoundError>]
2025-11-16 18:42:07,861 - INFO - HTTP Request: POST http://localhost:11434/chat/completions "HTTP/1.1 404 Not Found"
2025-11-16 18:42:08,323 - INFO - HTTP Request: POST http://localhost:11434/chat/completions "HTTP/1.1 404 Not Found"
2025-11-16 18:42:08,324 - WARNING - Exception for chunk chunk-35e56072fd29f74b23d4231fdfa1d077: RetryError[<Future at 0x7a631f7362c0 state=finished raised NotFoundError>]
2025-11-16 18:42:08,330 - INFO - HTTP Request: POST http://localhost:11434/chat/completions "HTTP/1.1 404 Not Found"
2025-11-16 18:42:08,367 - INFO - HTTP Request: POST http://localhost:11434/chat/completions "HTTP/1.1 404 Not Found"
2025-11-16 18:42:08,368 - WARNING - Exception for chunk chunk-5aed524baab9903b523854616f4fe224: RetryError[<Future at 0x7a631f6f9f00 state=finished raised NotFoundError>]
2025-11-16 18:42:08,372 - INFO - HTTP Request: POST http://localhost:11434/chat/completions "HTTP/1.1 404 Not Found"
2025-11-16 18:42:08,390 - INFO - HTTP Request: POST http://localhost:11434/chat/completions "HTTP/1.1 404 Not Found"
2025-11-16 18:42:08,391 - WARNING - Exception for chunk chunk-2045d382ef537ec08e9eb74171c5fc8e: RetryError[<Future at 0x7a6340261ab0 state=finished raised NotFoundError>]
2025-11-16 18:42:08,398 - INFO - HTTP Request: POST http://localhost:11434/chat/completions "HTTP/1.1 404 Not Found"
2025-11-16 18:42:08,423 - INFO - HTTP Request: POST http://localhost:11434/chat/completions "HTTP/1.1 404 Not Found"
2025-11-16 18:42:08,424 - WARNING - Exception for chunk chunk-64d4da38e9c739483e7cc3dddacfe590: RetryError[<Future at 0x7a631f735b70 state=finished raised NotFoundError>]
2025-11-16 18:42:08,429 - INFO - HTTP Request: POST http://localhost:11434/chat/completions "HTTP/1.1 404 Not Found"
2025-11-16 18:42:08,436 - INFO - HTTP Request: POST http://localhost:11434/chat/completions "HTTP/1.1 404 Not Found"
2025-11-16 18:42:08,436 - WARNING - Exception for chunk chunk-6ec2fbd2d6d36a52a2815d1d012dfd63: RetryError[<Future at 0x7a634028c640 state=finished raised NotFoundError>]
2025-11-16 18:42:08,442 - INFO - HTTP Request: POST http://localhost:11434/chat/completions "HTTP/1.1 404 Not Found"
2025-11-16 18:42:08,480 - INFO - HTTP Request: POST http://localhost:11434/chat/completions "HTTP/1.1 404 Not Found"
2025-11-16 18:42:08,481 - WARNING - Exception for chunk chunk-1bd856817171e450042c193f4fdc6629: RetryError[<Future at 0x7a63402f6f20 state=finished raised NotFoundError>]
2025-11-16 18:42:08,484 - INFO - HTTP Request: POST http://localhost:11434/chat/completions "HTTP/1.1 404 Not Found"
2025-11-16 18:42:08,484 - WARNING - Exception for chunk chunk-276c59d27fae4d10839eff8235456423: RetryError[<Future at 0x7a63402a4040 state=finished raised NotFoundError>]
2025-11-16 18:42:08,495 - INFO - HTTP Request: POST http://localhost:11434/chat/completions "HTTP/1.1 404 Not Found"
2025-11-16 18:42:08,498 - INFO - HTTP Request: POST http://localhost:11434/chat/completions "HTTP/1.1 404 Not Found"
2025-11-16 18:42:08,499 - WARNING - Exception for chunk chunk-db57b15b4a8d1931a21bd2e72fffe507: RetryError[<Future at 0x7a634027e800 state=finished raised NotFoundError>]
2025-11-16 18:42:08,510 - INFO - HTTP Request: POST http://localhost:11434/chat/completions "HTTP/1.1 404 Not Found"
2025-11-16 18:42:08,511 - WARNING - Exception for chunk chunk-be4d11f90b22e91d6693d10aaaf0213e: RetryError[<Future at 0x7a63401e00a0 state=finished raised NotFoundError>]
2025-11-16 18:42:08,514 - INFO - HTTP Request: POST http://localhost:11434/chat/completions "HTTP/1.1 404 Not Found"
2025-11-16 18:42:08,519 - INFO - HTTP Request: POST http://localhost:11434/chat/completions "HTTP/1.1 404 Not Found"
2025-11-16 18:42:08,569 - INFO - HTTP Request: POST http://localhost:11434/chat/completions "HTTP/1.1 404 Not Found"
2025-11-16 18:42:08,573 - INFO - HTTP Request: POST http://localhost:11434/chat/completions "HTTP/1.1 404 Not Found"
2025-11-16 18:42:08,574 - WARNING - Exception for chunk chunk-cd7cba328ae0183485a22a46d5070c62: RetryError[<Future at 0x7a631f77a860 state=finished raised NotFoundError>]
2025-11-16 18:42:08,579 - INFO - HTTP Request: POST http://localhost:11434/chat/completions "HTTP/1.1 404 Not Found"
2025-11-16 18:42:08,590 - INFO - HTTP Request: POST http://localhost:11434/chat/completions "HTTP/1.1 404 Not Found"
2025-11-16 18:42:08,591 - WARNING - Exception for chunk chunk-73a36f9fbf484ce1129eecafc8a2fdaa: RetryError[<Future at 0x7a631f77b880 state=finished raised NotFoundError>]
2025-11-16 18:42:08,596 - INFO - HTTP Request: POST http://localhost:11434/chat/completions "HTTP/1.1 404 Not Found"
2025-11-16 18:42:08,632 - INFO - HTTP Request: POST http://localhost:11434/chat/completions "HTTP/1.1 404 Not Found"
2025-11-16 18:42:08,633 - WARNING - Exception for chunk chunk-3b6f50265e0f5ee150181dc5feb0b47e: RetryError[<Future at 0x7a634014b4c0 state=finished raised NotFoundError>]
2025-11-16 18:42:08,637 - INFO - HTTP Request: POST http://localhost:11434/chat/completions "HTTP/1.1 404 Not Found"
2025-11-16 18:42:08,788 - INFO - HTTP Request: POST http://localhost:11434/chat/completions "HTTP/1.1 404 Not Found"
2025-11-16 18:42:08,788 - WARNING - Exception for chunk chunk-87779f6daf6f8314d77c8e8f3df508ef: RetryError[<Future at 0x7a6340192800 state=finished raised NotFoundError>]
2025-11-16 18:42:08,792 - INFO - HTTP Request: POST http://localhost:11434/chat/completions "HTTP/1.1 404 Not Found"
2025-11-16 18:42:08,801 - INFO - HTTP Request: POST http://localhost:11434/chat/completions "HTTP/1.1 404 Not Found"
2025-11-16 18:42:08,802 - WARNING - Exception for chunk chunk-0402f81bf42d3f7a656214b98ff18c78: RetryError[<Future at 0x7a6340263ca0 state=finished raised NotFoundError>]
2025-11-16 18:42:08,806 - INFO - HTTP Request: POST http://localhost:11434/chat/completions "HTTP/1.1 404 Not Found"
2025-11-16 18:42:08,815 - INFO - HTTP Request: POST http://localhost:11434/chat/completions "HTTP/1.1 404 Not Found"
2025-11-16 18:42:08,815 - WARNING - Exception for chunk chunk-30cfaad97408fdf50a5a93f4d306a8da: RetryError[<Future at 0x7a63401382e0 state=finished raised NotFoundError>]
2025-11-16 18:42:08,819 - INFO - HTTP Request: POST http://localhost:11434/chat/completions "HTTP/1.1 404 Not Found"
2025-11-16 18:42:08,865 - INFO - HTTP Request: POST http://localhost:11434/chat/completions "HTTP/1.1 404 Not Found"
2025-11-16 18:42:08,866 - WARNING - Exception for chunk chunk-ef81156ca1832700b790a786fc3da4f2: RetryError[<Future at 0x7a631f77bc10 state=finished raised NotFoundError>]
2025-11-16 18:42:08,870 - INFO - HTTP Request: POST http://localhost:11434/chat/completions "HTTP/1.1 404 Not Found"
2025-11-16 18:42:09,334 - INFO - HTTP Request: POST http://localhost:11434/chat/completions "HTTP/1.1 404 Not Found"
2025-11-16 18:42:09,335 - WARNING - Exception for chunk chunk-a5beba8c61f381807e146172030359b9: RetryError[<Future at 0x7a631f792e30 state=finished raised NotFoundError>]
2025-11-16 18:42:09,339 - INFO - HTTP Request: POST http://localhost:11434/chat/completions "HTTP/1.1 404 Not Found"
2025-11-16 18:42:09,379 - INFO - HTTP Request: POST http://localhost:11434/chat/completions "HTTP/1.1 404 Not Found"
2025-11-16 18:42:09,380 - WARNING - Exception for chunk chunk-a322b3742cfb595a45efdbbeaa2e6d3b: RetryError[<Future at 0x7a631f7ab4f0 state=finished raised NotFoundError>]
2025-11-16 18:42:09,386 - INFO - HTTP Request: POST http://localhost:11434/chat/completions "HTTP/1.1 404 Not Found"
2025-11-16 18:42:09,402 - INFO - HTTP Request: POST http://localhost:11434/chat/completions "HTTP/1.1 404 Not Found"
2025-11-16 18:42:09,402 - WARNING - Exception for chunk chunk-83f71c6e29755e0819e97723baf10863: RetryError[<Future at 0x7a631f7c93c0 state=finished raised NotFoundError>]
2025-11-16 18:42:09,406 - INFO - HTTP Request: POST http://localhost:11434/chat/completions "HTTP/1.1 404 Not Found"
2025-11-16 18:42:09,433 - INFO - HTTP Request: POST http://localhost:11434/chat/completions "HTTP/1.1 404 Not Found"
2025-11-16 18:42:09,433 - WARNING - Exception for chunk chunk-46e4d470621d0af5840d5fa0086d078e: RetryError[<Future at 0x7a631f7aa440 state=finished raised NotFoundError>]
2025-11-16 18:42:09,438 - INFO - HTTP Request: POST http://localhost:11434/chat/completions "HTTP/1.1 404 Not Found"
2025-11-16 18:42:09,446 - INFO - HTTP Request: POST http://localhost:11434/chat/completions "HTTP/1.1 404 Not Found"
2025-11-16 18:42:09,446 - WARNING - Exception for chunk chunk-8456e46882eb2d3fff768c3b2f1977c8: RetryError[<Future at 0x7a631f7cae90 state=finished raised NotFoundError>]
2025-11-16 18:42:09,450 - INFO - HTTP Request: POST http://localhost:11434/chat/completions "HTTP/1.1 404 Not Found"
2025-11-16 18:42:09,501 - INFO - HTTP Request: POST http://localhost:11434/chat/completions "HTTP/1.1 404 Not Found"
2025-11-16 18:42:09,501 - WARNING - Exception for chunk chunk-863b0557f7836623a9bfcb677768c661: RetryError[<Future at 0x7a631f7c9120 state=finished raised NotFoundError>]
2025-11-16 18:42:09,506 - INFO - HTTP Request: POST http://localhost:11434/chat/completions "HTTP/1.1 404 Not Found"
2025-11-16 18:42:09,518 - INFO - HTTP Request: POST http://localhost:11434/chat/completions "HTTP/1.1 404 Not Found"
2025-11-16 18:42:09,518 - WARNING - Exception for chunk chunk-286250668e7c468c79bfc7e506b34b6d: RetryError[<Future at 0x7a631f7a8970 state=finished raised NotFoundError>]
2025-11-16 18:42:09,527 - INFO - HTTP Request: POST http://localhost:11434/chat/completions "HTTP/1.1 404 Not Found"
2025-11-16 18:42:09,527 - INFO - HTTP Request: POST http://localhost:11434/chat/completions "HTTP/1.1 404 Not Found"
2025-11-16 18:42:09,528 - WARNING - Exception for chunk chunk-c054adef1bcad791608681dfab33b83e: RetryError[<Future at 0x7a631f7e3370 state=finished raised NotFoundError>]
2025-11-16 18:42:09,532 - INFO - HTTP Request: POST http://localhost:11434/chat/completions "HTTP/1.1 404 Not Found"
2025-11-16 18:42:09,573 - INFO - HTTP Request: POST http://localhost:11434/chat/completions "HTTP/1.1 404 Not Found"
2025-11-16 18:42:09,574 - WARNING - Exception for chunk chunk-d39f4320a8e64ee077522f7e19ddd82c: RetryError[<Future at 0x7a631f7e1990 state=finished raised NotFoundError>]
2025-11-16 18:42:09,578 - INFO - HTTP Request: POST http://localhost:11434/chat/completions "HTTP/1.1 404 Not Found"
2025-11-16 18:42:09,584 - INFO - HTTP Request: POST http://localhost:11434/chat/completions "HTTP/1.1 404 Not Found"
2025-11-16 18:42:09,584 - WARNING - Exception for chunk chunk-cfd26eeb450ff02082461cca94472690: RetryError[<Future at 0x7a63402dd4b0 state=finished raised NotFoundError>]
2025-11-16 18:42:09,588 - INFO - HTTP Request: POST http://localhost:11434/chat/completions "HTTP/1.1 404 Not Found"
2025-11-16 18:42:09,601 - INFO - HTTP Request: POST http://localhost:11434/chat/completions "HTTP/1.1 404 Not Found"
2025-11-16 18:42:09,602 - WARNING - Exception for chunk chunk-ea363718beac12a938e6cc17aa4c245f: RetryError[<Future at 0x7a631f7c9150 state=finished raised NotFoundError>]
2025-11-16 18:42:09,606 - INFO - HTTP Request: POST http://localhost:11434/chat/completions "HTTP/1.1 404 Not Found"
2025-11-16 18:42:09,642 - INFO - HTTP Request: POST http://localhost:11434/chat/completions "HTTP/1.1 404 Not Found"
2025-11-16 18:42:09,643 - WARNING - Exception for chunk chunk-9d6ef51084e576fb81e87cce831b5289: RetryError[<Future at 0x7a631f7c9720 state=finished raised NotFoundError>]
2025-11-16 18:42:09,647 - INFO - HTTP Request: POST http://localhost:11434/chat/completions "HTTP/1.1 404 Not Found"
2025-11-16 18:42:09,797 - INFO - HTTP Request: POST http://localhost:11434/chat/completions "HTTP/1.1 404 Not Found"
2025-11-16 18:42:09,798 - WARNING - Exception for chunk chunk-47258196d4124fb02fdd4748287c7582: RetryError[<Future at 0x7a631f7e1780 state=finished raised NotFoundError>]
2025-11-16 18:42:09,802 - INFO - HTTP Request: POST http://localhost:11434/chat/completions "HTTP/1.1 404 Not Found"
2025-11-16 18:42:09,809 - INFO - HTTP Request: POST http://localhost:11434/chat/completions "HTTP/1.1 404 Not Found"
2025-11-16 18:42:09,810 - WARNING - Exception for chunk chunk-664a6ad401bbdd31bb6e5c369a477d9e: RetryError[<Future at 0x7a6340170880 state=finished raised NotFoundError>]
2025-11-16 18:42:09,814 - INFO - HTTP Request: POST http://localhost:11434/chat/completions "HTTP/1.1 404 Not Found"
2025-11-16 18:42:09,823 - INFO - HTTP Request: POST http://localhost:11434/chat/completions "HTTP/1.1 404 Not Found"
2025-11-16 18:42:09,824 - WARNING - Exception for chunk chunk-70d56f4b2feeadb59d51dcf58295c378: RetryError[<Future at 0x7a634014ba00 state=finished raised NotFoundError>]
2025-11-16 18:42:09,828 - INFO - HTTP Request: POST http://localhost:11434/chat/completions "HTTP/1.1 404 Not Found"
2025-11-16 18:42:09,874 - INFO - HTTP Request: POST http://localhost:11434/chat/completions "HTTP/1.1 404 Not Found"
2025-11-16 18:42:09,875 - WARNING - Exception for chunk chunk-51cb9a92641d38d469b95357c6fc91c7: RetryError[<Future at 0x7a631f7c88b0 state=finished raised NotFoundError>]
2025-11-16 18:42:09,879 - INFO - HTTP Request: POST http://localhost:11434/chat/completions "HTTP/1.1 404 Not Found"
2025-11-16 18:42:10,345 - INFO - HTTP Request: POST http://localhost:11434/chat/completions "HTTP/1.1 404 Not Found"
2025-11-16 18:42:10,346 - WARNING - Exception for chunk chunk-67399e4cdf009b9f1f2ae2a4b26f94e2: RetryError[<Future at 0x7a631f790a90 state=finished raised NotFoundError>]
2025-11-16 18:42:10,350 - INFO - HTTP Request: POST http://localhost:11434/chat/completions "HTTP/1.1 404 Not Found"
2025-11-16 18:42:10,391 - INFO - HTTP Request: POST http://localhost:11434/chat/completions "HTTP/1.1 404 Not Found"
2025-11-16 18:42:10,392 - WARNING - Exception for chunk chunk-9f0e73a3a1bbad753bb4bb9ae89737f0: RetryError[<Future at 0x7a63401938b0 state=finished raised NotFoundError>]
2025-11-16 18:42:10,397 - INFO - HTTP Request: POST http://localhost:11434/chat/completions "HTTP/1.1 404 Not Found"
2025-11-16 18:42:10,411 - INFO - HTTP Request: POST http://localhost:11434/chat/completions "HTTP/1.1 404 Not Found"
2025-11-16 18:42:10,412 - WARNING - Exception for chunk chunk-f2c2c33fcd7d1ca63e61a7e02d6ad275: RetryError[<Future at 0x7a631f792590 state=finished raised NotFoundError>]
2025-11-16 18:42:10,417 - INFO - HTTP Request: POST http://localhost:11434/chat/completions "HTTP/1.1 404 Not Found"
2025-11-16 18:42:10,442 - INFO - HTTP Request: POST http://localhost:11434/chat/completions "HTTP/1.1 404 Not Found"
2025-11-16 18:42:10,443 - WARNING - Exception for chunk chunk-87eed35608cf2689aea9f0a69dac5f51: RetryError[<Future at 0x7a631f77b6a0 state=finished raised NotFoundError>]
2025-11-16 18:42:10,448 - INFO - HTTP Request: POST http://localhost:11434/chat/completions "HTTP/1.1 404 Not Found"
2025-11-16 18:42:10,455 - INFO - HTTP Request: POST http://localhost:11434/chat/completions "HTTP/1.1 404 Not Found"
2025-11-16 18:42:10,456 - WARNING - Exception for chunk chunk-40b593335f5a3827f6f94d208425af12: RetryError[<Future at 0x7a6340160ca0 state=finished raised NotFoundError>]
2025-11-16 18:42:10,461 - INFO - HTTP Request: POST http://localhost:11434/chat/completions "HTTP/1.1 404 Not Found"
2025-11-16 18:42:10,510 - INFO - HTTP Request: POST http://localhost:11434/chat/completions "HTTP/1.1 404 Not Found"
2025-11-16 18:42:10,511 - WARNING - Exception for chunk chunk-9e280311448ff1e91ba1e592a2857894: RetryError[<Future at 0x7a631f7908e0 state=finished raised NotFoundError>]
2025-11-16 18:42:10,518 - INFO - HTTP Request: POST http://localhost:11434/chat/completions "HTTP/1.1 404 Not Found"
2025-11-16 18:42:10,552 - INFO - HTTP Request: POST http://localhost:11434/chat/completions "HTTP/1.1 404 Not Found"
2025-11-16 18:42:10,553 - INFO - HTTP Request: POST http://localhost:11434/chat/completions "HTTP/1.1 404 Not Found"
2025-11-16 18:42:10,554 - WARNING - Exception for chunk chunk-11a10a9558f91dc1a7b89bad8e8c4df2: RetryError[<Future at 0x7a631f6fa740 state=finished raised NotFoundError>]
2025-11-16 18:42:10,555 - WARNING - Exception for chunk chunk-62de26c1398d8caacb80e9d819f49dd4: RetryError[<Future at 0x7a631f6f8bb0 state=finished raised NotFoundError>]
2025-11-16 18:42:10,562 - INFO - HTTP Request: POST http://localhost:11434/chat/completions "HTTP/1.1 404 Not Found"
2025-11-16 18:42:10,583 - INFO - HTTP Request: POST http://localhost:11434/chat/completions "HTTP/1.1 404 Not Found"
2025-11-16 18:42:10,584 - WARNING - Exception for chunk chunk-76e0a48508097d02cbc19abb01267c7c: RetryError[<Future at 0x7a631f6fa170 state=finished raised NotFoundError>]
2025-11-16 18:42:10,593 - INFO - HTTP Request: POST http://localhost:11434/chat/completions "HTTP/1.1 404 Not Found"
2025-11-16 18:42:10,594 - INFO - HTTP Request: POST http://localhost:11434/chat/completions "HTTP/1.1 404 Not Found"
2025-11-16 18:42:10,594 - WARNING - Exception for chunk chunk-a2ece9865740ca49370cae9a78de8309: RetryError[<Future at 0x7a631f735b10 state=finished raised NotFoundError>]
2025-11-16 18:42:10,600 - INFO - HTTP Request: POST http://localhost:11434/chat/completions "HTTP/1.1 404 Not Found"
2025-11-16 18:42:10,611 - INFO - HTTP Request: POST http://localhost:11434/chat/completions "HTTP/1.1 404 Not Found"
2025-11-16 18:42:10,612 - WARNING - Exception for chunk chunk-19338dbbd2f514032719321627bc5ee1: RetryError[<Future at 0x7a631f605120 state=finished raised NotFoundError>]
2025-11-16 18:42:10,617 - INFO - HTTP Request: POST http://localhost:11434/chat/completions "HTTP/1.1 404 Not Found"
2025-11-16 18:42:10,652 - INFO - HTTP Request: POST http://localhost:11434/chat/completions "HTTP/1.1 404 Not Found"
2025-11-16 18:42:10,653 - WARNING - Exception for chunk chunk-122e4ce38b98f9a66cc0b8789f984b6c: RetryError[<Future at 0x7a631f762980 state=finished raised NotFoundError>]
2025-11-16 18:42:10,657 - INFO - HTTP Request: POST http://localhost:11434/chat/completions "HTTP/1.1 404 Not Found"
2025-11-16 18:42:10,667 - INFO - HTTP Request: POST http://localhost:11434/chat/completions "HTTP/1.1 404 Not Found"
2025-11-16 18:42:10,806 - INFO - HTTP Request: POST http://localhost:11434/chat/completions "HTTP/1.1 404 Not Found"
2025-11-16 18:42:10,806 - WARNING - Exception for chunk chunk-8e5cf463b8219260882892d1a26029c4: RetryError[<Future at 0x7a631f607c10 state=finished raised NotFoundError>]
2025-11-16 18:42:10,811 - INFO - HTTP Request: POST http://localhost:11434/chat/completions "HTTP/1.1 404 Not Found"
2025-11-16 18:42:10,818 - INFO - HTTP Request: POST http://localhost:11434/chat/completions "HTTP/1.1 404 Not Found"
2025-11-16 18:42:10,819 - WARNING - Exception for chunk chunk-3780ccec954fbec06f732cdefc891b2d: RetryError[<Future at 0x7a634013bdf0 state=finished raised NotFoundError>]
2025-11-16 18:42:10,823 - INFO - HTTP Request: POST http://localhost:11434/chat/completions "HTTP/1.1 404 Not Found"
2025-11-16 18:42:10,832 - INFO - HTTP Request: POST http://localhost:11434/chat/completions "HTTP/1.1 404 Not Found"
2025-11-16 18:42:10,832 - WARNING - Exception for chunk chunk-d0d4d80065f4925b1b33ca09eb130453: RetryError[<Future at 0x7a63403591b0 state=finished raised NotFoundError>]
2025-11-16 18:42:10,836 - INFO - HTTP Request: POST http://localhost:11434/chat/completions "HTTP/1.1 404 Not Found"
2025-11-16 18:42:10,884 - INFO - HTTP Request: POST http://localhost:11434/chat/completions "HTTP/1.1 404 Not Found"
2025-11-16 18:42:10,884 - WARNING - Exception for chunk chunk-218fe1fe7eee4bfe908b47841a055792: RetryError[<Future at 0x7a631f6135e0 state=finished raised NotFoundError>]
2025-11-16 18:42:10,890 - INFO - HTTP Request: POST http://localhost:11434/chat/completions "HTTP/1.1 404 Not Found"
2025-11-16 18:42:11,354 - INFO - HTTP Request: POST http://localhost:11434/chat/completions "HTTP/1.1 404 Not Found"
2025-11-16 18:42:11,355 - WARNING - Exception for chunk chunk-4c0dbc9f82c2374431c934ae732721e6: RetryError[<Future at 0x7a6340358eb0 state=finished raised NotFoundError>]
2025-11-16 18:42:11,359 - INFO - HTTP Request: POST http://localhost:11434/chat/completions "HTTP/1.1 404 Not Found"
2025-11-16 18:42:11,401 - INFO - HTTP Request: POST http://localhost:11434/chat/completions "HTTP/1.1 404 Not Found"
2025-11-16 18:42:11,401 - WARNING - Exception for chunk chunk-5657e5ada69261acd3a905e4393c4e0e: RetryError[<Future at 0x7a631f607b80 state=finished raised NotFoundError>]
2025-11-16 18:42:11,405 - INFO - HTTP Request: POST http://localhost:11434/chat/completions "HTTP/1.1 404 Not Found"
2025-11-16 18:42:11,422 - INFO - HTTP Request: POST http://localhost:11434/chat/completions "HTTP/1.1 404 Not Found"
2025-11-16 18:42:11,422 - WARNING - Exception for chunk chunk-51ff054b2f28c5e0bed4f53c202bc446: RetryError[<Future at 0x7a631f607c70 state=finished raised NotFoundError>]
2025-11-16 18:42:11,426 - INFO - HTTP Request: POST http://localhost:11434/chat/completions "HTTP/1.1 404 Not Found"
2025-11-16 18:42:11,452 - INFO - HTTP Request: POST http://localhost:11434/chat/completions "HTTP/1.1 404 Not Found"
2025-11-16 18:42:11,453 - WARNING - Exception for chunk chunk-b57943fa27661712753cfbcd4a2f4a33: RetryError[<Future at 0x7a631f612bf0 state=finished raised NotFoundError>]
2025-11-16 18:42:11,457 - INFO - HTTP Request: POST http://localhost:11434/chat/completions "HTTP/1.1 404 Not Found"
2025-11-16 18:42:11,465 - INFO - HTTP Request: POST http://localhost:11434/chat/completions "HTTP/1.1 404 Not Found"
2025-11-16 18:42:11,465 - WARNING - Exception for chunk chunk-09e9dd4bf2abafe92f6a510686aad5a1: RetryError[<Future at 0x7a631f62f850 state=finished raised NotFoundError>]
2025-11-16 18:42:11,470 - INFO - HTTP Request: POST http://localhost:11434/chat/completions "HTTP/1.1 404 Not Found"
2025-11-16 18:42:11,523 - INFO - HTTP Request: POST http://localhost:11434/chat/completions "HTTP/1.1 404 Not Found"
2025-11-16 18:42:11,524 - WARNING - Exception for chunk chunk-ae84d43234ce8797a8a5f9894c64bdb5: RetryError[<Future at 0x7a631f62edd0 state=finished raised NotFoundError>]
2025-11-16 18:42:11,529 - INFO - HTTP Request: POST http://localhost:11434/chat/completions "HTTP/1.1 404 Not Found"
2025-11-16 18:42:11,566 - INFO - HTTP Request: POST http://localhost:11434/chat/completions "HTTP/1.1 404 Not Found"
2025-11-16 18:42:11,566 - WARNING - Exception for chunk chunk-14cedc69decc859a9494c5a6ac60ddd5: RetryError[<Future at 0x7a631f64eef0 state=finished raised NotFoundError>]
2025-11-16 18:42:11,571 - INFO - HTTP Request: POST http://localhost:11434/chat/completions "HTTP/1.1 404 Not Found"
2025-11-16 18:42:11,598 - INFO - HTTP Request: POST http://localhost:11434/chat/completions "HTTP/1.1 404 Not Found"
2025-11-16 18:42:11,599 - WARNING - Exception for chunk chunk-0b422662178ec48e8d7cfc4371af1e21: RetryError[<Future at 0x7a631f64ff10 state=finished raised NotFoundError>]
2025-11-16 18:42:11,605 - INFO - HTTP Request: POST http://localhost:11434/chat/completions "HTTP/1.1 404 Not Found"
2025-11-16 18:42:11,606 - INFO - HTTP Request: POST http://localhost:11434/chat/completions "HTTP/1.1 404 Not Found"
2025-11-16 18:42:11,607 - WARNING - Exception for chunk chunk-d12f9795e524d881a30c5d3f3c39d723: RetryError[<Future at 0x7a631f62e740 state=finished raised NotFoundError>]
2025-11-16 18:42:11,610 - INFO - HTTP Request: POST http://localhost:11434/chat/completions "HTTP/1.1 404 Not Found"
2025-11-16 18:42:11,621 - INFO - HTTP Request: POST http://localhost:11434/chat/completions "HTTP/1.1 404 Not Found"
2025-11-16 18:42:11,622 - WARNING - Exception for chunk chunk-7d898c181bc18f00b98a6ed8a3966a45: RetryError[<Future at 0x7a631f65e8c0 state=finished raised NotFoundError>]
2025-11-16 18:42:11,628 - INFO - HTTP Request: POST http://localhost:11434/chat/completions "HTTP/1.1 404 Not Found"
2025-11-16 18:42:11,661 - INFO - HTTP Request: POST http://localhost:11434/chat/completions "HTTP/1.1 404 Not Found"
2025-11-16 18:42:11,662 - WARNING - Exception for chunk chunk-b386e5993fe80d14dd894c33de29876d: RetryError[<Future at 0x7a63401042e0 state=finished raised NotFoundError>]
2025-11-16 18:42:11,668 - INFO - HTTP Request: POST http://localhost:11434/chat/completions "HTTP/1.1 404 Not Found"
2025-11-16 18:42:11,672 - INFO - HTTP Request: POST http://localhost:11434/chat/completions "HTTP/1.1 404 Not Found"
2025-11-16 18:42:11,673 - WARNING - Exception for chunk chunk-f061ea030b01f227e85c7579d1b110e7: RetryError[<Future at 0x7a63402a5b10 state=finished raised NotFoundError>]
2025-11-16 18:42:11,678 - INFO - HTTP Request: POST http://localhost:11434/chat/completions "HTTP/1.1 404 Not Found"
2025-11-16 18:42:11,815 - INFO - HTTP Request: POST http://localhost:11434/chat/completions "HTTP/1.1 404 Not Found"
2025-11-16 18:42:11,815 - WARNING - Exception for chunk chunk-2e94e3c5ecc3abfc02d3fcd2e081dba3: RetryError[<Future at 0x7a634011b6d0 state=finished raised NotFoundError>]
2025-11-16 18:42:11,820 - INFO - HTTP Request: POST http://localhost:11434/chat/completions "HTTP/1.1 404 Not Found"
2025-11-16 18:42:11,827 - INFO - HTTP Request: POST http://localhost:11434/chat/completions "HTTP/1.1 404 Not Found"
2025-11-16 18:42:11,828 - WARNING - Exception for chunk chunk-2fb3f2daa500f324bce2ad84192f5bc4: RetryError[<Future at 0x7a6340262650 state=finished raised NotFoundError>]
2025-11-16 18:42:11,832 - INFO - HTTP Request: POST http://localhost:11434/chat/completions "HTTP/1.1 404 Not Found"
2025-11-16 18:42:11,840 - INFO - HTTP Request: POST http://localhost:11434/chat/completions "HTTP/1.1 404 Not Found"
2025-11-16 18:42:11,840 - WARNING - Exception for chunk chunk-c51c42c37d38c34138f7a6d0104ff67b: RetryError[<Future at 0x7a631f64c640 state=finished raised NotFoundError>]
2025-11-16 18:42:11,844 - INFO - HTTP Request: POST http://localhost:11434/chat/completions "HTTP/1.1 404 Not Found"
2025-11-16 18:42:11,894 - INFO - HTTP Request: POST http://localhost:11434/chat/completions "HTTP/1.1 404 Not Found"
2025-11-16 18:42:11,895 - WARNING - Exception for chunk chunk-358f375a3c9c112afa4c3fd7230814c0: RetryError[<Future at 0x7a63401a2f20 state=finished raised NotFoundError>]
2025-11-16 18:42:11,899 - INFO - HTTP Request: POST http://localhost:11434/chat/completions "HTTP/1.1 404 Not Found"
2025-11-16 18:42:12,363 - INFO - HTTP Request: POST http://localhost:11434/chat/completions "HTTP/1.1 404 Not Found"
2025-11-16 18:42:12,363 - WARNING - Exception for chunk chunk-5db5f9d8e77d0f4fbdd719063a9501d3: RetryError[<Future at 0x7a631f62d360 state=finished raised NotFoundError>]
2025-11-16 18:42:12,370 - INFO - HTTP Request: POST http://localhost:11434/chat/completions "HTTP/1.1 404 Not Found"
2025-11-16 18:42:12,409 - INFO - HTTP Request: POST http://localhost:11434/chat/completions "HTTP/1.1 404 Not Found"
2025-11-16 18:42:12,410 - WARNING - Exception for chunk chunk-29e1e995bb5ef9271f11ee03216cf2d9: RetryError[<Future at 0x7a6340193be0 state=finished raised NotFoundError>]
2025-11-16 18:42:12,414 - INFO - HTTP Request: POST http://localhost:11434/chat/completions "HTTP/1.1 404 Not Found"
2025-11-16 18:42:12,430 - INFO - HTTP Request: POST http://localhost:11434/chat/completions "HTTP/1.1 404 Not Found"
2025-11-16 18:42:12,431 - WARNING - Exception for chunk chunk-8485a42d9808534ccbb7440d57bbda6f: RetryError[<Future at 0x7a631f62e350 state=finished raised NotFoundError>]
2025-11-16 18:42:12,436 - INFO - HTTP Request: POST http://localhost:11434/chat/completions "HTTP/1.1 404 Not Found"
2025-11-16 18:42:12,461 - INFO - HTTP Request: POST http://localhost:11434/chat/completions "HTTP/1.1 404 Not Found"
2025-11-16 18:42:12,462 - WARNING - Exception for chunk chunk-b3df7f3efecdc0775f75b9bf65fa5ada: RetryError[<Future at 0x7a631f6117b0 state=finished raised NotFoundError>]
2025-11-16 18:42:12,467 - INFO - HTTP Request: POST http://localhost:11434/chat/completions "HTTP/1.1 404 Not Found"
2025-11-16 18:42:12,474 - INFO - HTTP Request: POST http://localhost:11434/chat/completions "HTTP/1.1 404 Not Found"
2025-11-16 18:42:12,475 - WARNING - Exception for chunk chunk-86d429f025d24087731e47be8282ded6: RetryError[<Future at 0x7a631f65fdc0 state=finished raised NotFoundError>]
2025-11-16 18:42:12,479 - INFO - HTTP Request: POST http://localhost:11434/chat/completions "HTTP/1.1 404 Not Found"
2025-11-16 18:42:12,533 - INFO - HTTP Request: POST http://localhost:11434/chat/completions "HTTP/1.1 404 Not Found"
2025-11-16 18:42:12,534 - WARNING - Exception for chunk chunk-e0465eb72fb211cf210b9a669a1946e7: RetryError[<Future at 0x7a634028e560 state=finished raised NotFoundError>]
2025-11-16 18:42:12,538 - INFO - HTTP Request: POST http://localhost:11434/chat/completions "HTTP/1.1 404 Not Found"
2025-11-16 18:42:12,575 - INFO - HTTP Request: POST http://localhost:11434/chat/completions "HTTP/1.1 404 Not Found"
2025-11-16 18:42:12,575 - WARNING - Exception for chunk chunk-08031004231a0028cbabd6c6901b92d1: RetryError[<Future at 0x7a631f605ed0 state=finished raised NotFoundError>]
2025-11-16 18:42:12,579 - INFO - HTTP Request: POST http://localhost:11434/chat/completions "HTTP/1.1 404 Not Found"
2025-11-16 18:42:12,610 - INFO - HTTP Request: POST http://localhost:11434/chat/completions "HTTP/1.1 404 Not Found"
2025-11-16 18:42:12,610 - WARNING - Exception for chunk chunk-7d8d4d2baa33d4ec4907254f963c1205: RetryError[<Future at 0x7a63401e2bc0 state=finished raised NotFoundError>]
2025-11-16 18:42:12,617 - INFO - HTTP Request: POST http://localhost:11434/chat/completions "HTTP/1.1 404 Not Found"
2025-11-16 18:42:12,617 - INFO - HTTP Request: POST http://localhost:11434/chat/completions "HTTP/1.1 404 Not Found"
2025-11-16 18:42:12,618 - WARNING - Exception for chunk chunk-e5d9e22b1c087042a928c18fae3ae874: RetryError[<Future at 0x7a631f65c7f0 state=finished raised NotFoundError>]
2025-11-16 18:42:12,622 - INFO - HTTP Request: POST http://localhost:11434/chat/completions "HTTP/1.1 404 Not Found"
2025-11-16 18:42:12,633 - INFO - HTTP Request: POST http://localhost:11434/chat/completions "HTTP/1.1 404 Not Found"
2025-11-16 18:42:12,633 - WARNING - Exception for chunk chunk-76e3e36f4af3d8899ad2d3d7cc84ecd6: RetryError[<Future at 0x7a631f736530 state=finished raised NotFoundError>]
2025-11-16 18:42:12,637 - INFO - HTTP Request: POST http://localhost:11434/chat/completions "HTTP/1.1 404 Not Found"
2025-11-16 18:42:12,674 - INFO - HTTP Request: POST http://localhost:11434/chat/completions "HTTP/1.1 404 Not Found"
2025-11-16 18:42:12,675 - WARNING - Exception for chunk chunk-0581c12e53c8c19a3f9122ec19ce5197: RetryError[<Future at 0x7a631f779d80 state=finished raised NotFoundError>]
2025-11-16 18:42:12,679 - INFO - HTTP Request: POST http://localhost:11434/chat/completions "HTTP/1.1 404 Not Found"
2025-11-16 18:42:12,682 - INFO - HTTP Request: POST http://localhost:11434/chat/completions "HTTP/1.1 404 Not Found"
2025-11-16 18:42:12,683 - WARNING - Exception for chunk chunk-0adaa2b9a0dd614bbcd2ac61ed936c8e: RetryError[<Future at 0x7a631f735b10 state=finished raised NotFoundError>]
2025-11-16 18:42:12,687 - INFO - HTTP Request: POST http://localhost:11434/chat/completions "HTTP/1.1 404 Not Found"
2025-11-16 18:42:12,824 - INFO - HTTP Request: POST http://localhost:11434/chat/completions "HTTP/1.1 404 Not Found"
2025-11-16 18:42:12,826 - WARNING - Exception for chunk chunk-c2b4f9d2f9259c9dfdb6c2cc26dc7892: RetryError[<Future at 0x7a631f6f8970 state=finished raised NotFoundError>]
2025-11-16 18:42:12,831 - INFO - HTTP Request: POST http://localhost:11434/chat/completions "HTTP/1.1 404 Not Found"
2025-11-16 18:42:12,836 - INFO - HTTP Request: POST http://localhost:11434/chat/completions "HTTP/1.1 404 Not Found"
2025-11-16 18:42:12,837 - WARNING - Exception for chunk chunk-08d7ba5120cb54acc0d5f61fe59616c6: RetryError[<Future at 0x7a631f7e3130 state=finished raised NotFoundError>]
2025-11-16 18:42:12,841 - INFO - HTTP Request: POST http://localhost:11434/chat/completions "HTTP/1.1 404 Not Found"
2025-11-16 18:42:12,848 - INFO - HTTP Request: POST http://localhost:11434/chat/completions "HTTP/1.1 404 Not Found"
2025-11-16 18:42:12,848 - WARNING - Exception for chunk chunk-cba45bd106aa1be82c9318e066b1d653: RetryError[<Future at 0x7a631f749b70 state=finished raised NotFoundError>]
2025-11-16 18:42:12,852 - INFO - HTTP Request: POST http://localhost:11434/chat/completions "HTTP/1.1 404 Not Found"
2025-11-16 18:42:12,903 - INFO - HTTP Request: POST http://localhost:11434/chat/completions "HTTP/1.1 404 Not Found"
2025-11-16 18:42:12,904 - WARNING - Exception for chunk chunk-3d8c479648d96b6305f28724bb2c2bca: RetryError[<Future at 0x7a631f61e380 state=finished raised NotFoundError>]
2025-11-16 18:42:12,908 - INFO - HTTP Request: POST http://localhost:11434/chat/completions "HTTP/1.1 404 Not Found"
2025-11-16 18:42:13,374 - INFO - HTTP Request: POST http://localhost:11434/chat/completions "HTTP/1.1 404 Not Found"
2025-11-16 18:42:13,375 - WARNING - Exception for chunk chunk-9efbf1f957a5f8ac48de1608b63e7551: RetryError[<Future at 0x7a631f6f8580 state=finished raised NotFoundError>]
2025-11-16 18:42:13,380 - INFO - HTTP Request: POST http://localhost:11434/chat/completions "HTTP/1.1 404 Not Found"
2025-11-16 18:42:13,419 - INFO - HTTP Request: POST http://localhost:11434/chat/completions "HTTP/1.1 404 Not Found"
2025-11-16 18:42:13,419 - WARNING - Exception for chunk chunk-b87fbbfbd0420196e898b0e0e2d7e65b: RetryError[<Future at 0x7a631f61dcf0 state=finished raised NotFoundError>]
2025-11-16 18:42:13,425 - INFO - HTTP Request: POST http://localhost:11434/chat/completions "HTTP/1.1 404 Not Found"
2025-11-16 18:42:13,440 - INFO - HTTP Request: POST http://localhost:11434/chat/completions "HTTP/1.1 404 Not Found"
2025-11-16 18:42:13,441 - WARNING - Exception for chunk chunk-b67a7439cb7c0972f42b6bd348b71bfc: RetryError[<Future at 0x7a631f692a40 state=finished raised NotFoundError>]
2025-11-16 18:42:13,447 - INFO - HTTP Request: POST http://localhost:11434/chat/completions "HTTP/1.1 404 Not Found"
2025-11-16 18:42:13,471 - INFO - HTTP Request: POST http://localhost:11434/chat/completions "HTTP/1.1 404 Not Found"
2025-11-16 18:42:13,472 - WARNING - Exception for chunk chunk-64271fa49f7ec2052ff336cbd361a063: RetryError[<Future at 0x7a631f735a50 state=finished raised NotFoundError>]
2025-11-16 18:42:13,479 - INFO - HTTP Request: POST http://localhost:11434/chat/completions "HTTP/1.1 404 Not Found"
2025-11-16 18:42:13,485 - INFO - HTTP Request: POST http://localhost:11434/chat/completions "HTTP/1.1 404 Not Found"
2025-11-16 18:42:13,486 - WARNING - Exception for chunk chunk-beb83fe03c8045578175a070096f1f16: RetryError[<Future at 0x7a631f690370 state=finished raised NotFoundError>]
2025-11-16 18:42:13,492 - INFO - HTTP Request: POST http://localhost:11434/chat/completions "HTTP/1.1 404 Not Found"
2025-11-16 18:42:13,544 - INFO - HTTP Request: POST http://localhost:11434/chat/completions "HTTP/1.1 404 Not Found"
2025-11-16 18:42:13,545 - WARNING - Exception for chunk chunk-f103b318f81b9cac331133d0c6100ef9: RetryError[<Future at 0x7a631f693d00 state=finished raised NotFoundError>]
2025-11-16 18:42:13,553 - INFO - HTTP Request: POST http://localhost:11434/chat/completions "HTTP/1.1 404 Not Found"
2025-11-16 18:42:13,584 - INFO - HTTP Request: POST http://localhost:11434/chat/completions "HTTP/1.1 404 Not Found"
2025-11-16 18:42:13,585 - WARNING - Exception for chunk chunk-182d29eccc848abe33c1835c60bf8b08: RetryError[<Future at 0x7a631f61f7f0 state=finished raised NotFoundError>]
2025-11-16 18:42:13,592 - INFO - HTTP Request: POST http://localhost:11434/chat/completions "HTTP/1.1 404 Not Found"
2025-11-16 18:42:13,629 - INFO - HTTP Request: POST http://localhost:11434/chat/completions "HTTP/1.1 404 Not Found"
2025-11-16 18:42:13,630 - WARNING - Exception for chunk chunk-c226de1f27727feb91bd1292b7d06e37: RetryError[<Future at 0x7a6340359d80 state=finished raised NotFoundError>]
2025-11-16 18:42:13,631 - INFO - HTTP Request: POST http://localhost:11434/chat/completions "HTTP/1.1 404 Not Found"
2025-11-16 18:42:13,633 - WARNING - Exception for chunk chunk-cfc2dc1518672119235dc1d2910f1bbd: RetryError[<Future at 0x7a631f6b3a00 state=finished raised NotFoundError>]
2025-11-16 18:42:13,643 - INFO - HTTP Request: POST http://localhost:11434/chat/completions "HTTP/1.1 404 Not Found"
2025-11-16 18:42:13,644 - INFO - HTTP Request: POST http://localhost:11434/chat/completions "HTTP/1.1 404 Not Found"
2025-11-16 18:42:13,644 - WARNING - Exception for chunk chunk-254d2ff89cfe003b85f4fc943fdfdb29: RetryError[<Future at 0x7a631f6b02b0 state=finished raised NotFoundError>]
2025-11-16 18:42:13,650 - INFO - HTTP Request: POST http://localhost:11434/chat/completions "HTTP/1.1 404 Not Found"
2025-11-16 18:42:13,686 - INFO - HTTP Request: POST http://localhost:11434/chat/completions "HTTP/1.1 404 Not Found"
2025-11-16 18:42:13,687 - WARNING - Exception for chunk chunk-0d352532a1e6bdc47527618053afb8a1: RetryError[<Future at 0x7a631f6cf070 state=finished raised NotFoundError>]
2025-11-16 18:42:13,698 - INFO - HTTP Request: POST http://localhost:11434/chat/completions "HTTP/1.1 404 Not Found"
2025-11-16 18:42:13,699 - INFO - HTTP Request: POST http://localhost:11434/chat/completions "HTTP/1.1 404 Not Found"
2025-11-16 18:42:13,702 - WARNING - Exception for chunk chunk-5a8b4c196dedd2e6ddef9dfeff0033a5: RetryError[<Future at 0x7a631f606440 state=finished raised NotFoundError>]
2025-11-16 18:42:13,709 - INFO - HTTP Request: POST http://localhost:11434/chat/completions "HTTP/1.1 404 Not Found"
2025-11-16 18:42:13,757 - INFO - HTTP Request: POST http://localhost:11434/chat/completions "HTTP/1.1 404 Not Found"
2025-11-16 18:42:13,835 - INFO - HTTP Request: POST http://localhost:11434/chat/completions "HTTP/1.1 404 Not Found"
2025-11-16 18:42:13,838 - WARNING - Exception for chunk chunk-d76c7b2601b7efff4e339829dcc90997: RetryError[<Future at 0x7a631f6df6a0 state=finished raised NotFoundError>]
2025-11-16 18:42:13,848 - INFO - HTTP Request: POST http://localhost:11434/chat/completions "HTTP/1.1 404 Not Found"
2025-11-16 18:42:13,848 - INFO - HTTP Request: POST http://localhost:11434/chat/completions "HTTP/1.1 404 Not Found"
2025-11-16 18:42:13,850 - WARNING - Exception for chunk chunk-70641fb00a1a8de1c6bf22a2ebe73ad2: RetryError[<Future at 0x7a631f6de2c0 state=finished raised NotFoundError>]
2025-11-16 18:42:13,860 - INFO - HTTP Request: POST http://localhost:11434/chat/completions "HTTP/1.1 404 Not Found"
2025-11-16 18:42:13,860 - INFO - HTTP Request: POST http://localhost:11434/chat/completions "HTTP/1.1 404 Not Found"
2025-11-16 18:42:13,861 - WARNING - Exception for chunk chunk-db0eba80270646092d07a4836ee87951: RetryError[<Future at 0x7a631f6dd3f0 state=finished raised NotFoundError>]
2025-11-16 18:42:13,865 - INFO - HTTP Request: POST http://localhost:11434/chat/completions "HTTP/1.1 404 Not Found"
2025-11-16 18:42:13,913 - INFO - HTTP Request: POST http://localhost:11434/chat/completions "HTTP/1.1 404 Not Found"
2025-11-16 18:42:13,913 - WARNING - Exception for chunk chunk-71ae88358030500fa920d6e7c6039f8f: RetryError[<Future at 0x7a631f6cf130 state=finished raised NotFoundError>]
2025-11-16 18:42:13,918 - INFO - HTTP Request: POST http://localhost:11434/chat/completions "HTTP/1.1 404 Not Found"
2025-11-16 18:42:14,390 - INFO - HTTP Request: POST http://localhost:11434/chat/completions "HTTP/1.1 404 Not Found"
2025-11-16 18:42:14,392 - WARNING - Exception for chunk chunk-61978797d1c0f6dcf68239bb8ae004e6: RetryError[<Future at 0x7a631f6cd660 state=finished raised NotFoundError>]
2025-11-16 18:42:14,403 - INFO - HTTP Request: POST http://localhost:11434/chat/completions "HTTP/1.1 404 Not Found"
2025-11-16 18:42:14,436 - INFO - HTTP Request: POST http://localhost:11434/chat/completions "HTTP/1.1 404 Not Found"
2025-11-16 18:42:14,437 - WARNING - Exception for chunk chunk-5c04fb93c4bd7e184278f52da7011fe9: RetryError[<Future at 0x7a631f6dec50 state=finished raised NotFoundError>]
2025-11-16 18:42:14,447 - INFO - HTTP Request: POST http://localhost:11434/chat/completions "HTTP/1.1 404 Not Found"
2025-11-16 18:42:14,457 - INFO - HTTP Request: POST http://localhost:11434/chat/completions "HTTP/1.1 404 Not Found"
2025-11-16 18:42:14,459 - WARNING - Exception for chunk chunk-8315d617bcd4de2309b73b976e724dbf: RetryError[<Future at 0x7a631f6b33d0 state=finished raised NotFoundError>]
2025-11-16 18:42:14,473 - INFO - HTTP Request: POST http://localhost:11434/chat/completions "HTTP/1.1 404 Not Found"
2025-11-16 18:42:14,484 - INFO - HTTP Request: POST http://localhost:11434/chat/completions "HTTP/1.1 404 Not Found"
2025-11-16 18:42:14,485 - WARNING - Exception for chunk chunk-a39058f96b46c9344e2cd6817fa124f1: RetryError[<Future at 0x7a631f6b09a0 state=finished raised NotFoundError>]
2025-11-16 18:42:14,492 - INFO - HTTP Request: POST http://localhost:11434/chat/completions "HTTP/1.1 404 Not Found"
2025-11-16 18:42:14,497 - INFO - HTTP Request: POST http://localhost:11434/chat/completions "HTTP/1.1 404 Not Found"
2025-11-16 18:42:14,498 - WARNING - Exception for chunk chunk-8e20fa527488063be59705a5597cb0a5: RetryError[<Future at 0x7a631f6ce3e0 state=finished raised NotFoundError>]
2025-11-16 18:42:14,502 - INFO - HTTP Request: POST http://localhost:11434/chat/completions "HTTP/1.1 404 Not Found"
2025-11-16 18:42:14,557 - INFO - HTTP Request: POST http://localhost:11434/chat/completions "HTTP/1.1 404 Not Found"
2025-11-16 18:42:14,557 - WARNING - Exception for chunk chunk-4f43ed29ba310b9c9f8e794372d022eb: RetryError[<Future at 0x7a631f690d90 state=finished raised NotFoundError>]
2025-11-16 18:42:14,561 - INFO - HTTP Request: POST http://localhost:11434/chat/completions "HTTP/1.1 404 Not Found"
2025-11-16 18:42:14,605 - INFO - HTTP Request: POST http://localhost:11434/chat/completions "HTTP/1.1 404 Not Found"
2025-11-16 18:42:14,607 - WARNING - Exception for chunk chunk-0d92c6ae8d55daef9fc0e71d54443d05: RetryError[<Future at 0x7a631f792230 state=finished raised NotFoundError>]
2025-11-16 18:42:14,619 - INFO - HTTP Request: POST http://localhost:11434/chat/completions "HTTP/1.1 404 Not Found"
2025-11-16 18:42:14,653 - INFO - HTTP Request: POST http://localhost:11434/chat/completions "HTTP/1.1 404 Not Found"
2025-11-16 18:42:14,659 - WARNING - Exception for chunk chunk-b540fb623af9d453d4a2b14d15e2b514: RetryError[<Future at 0x7a631f62c880 state=finished raised NotFoundError>]
2025-11-16 18:42:14,662 - INFO - HTTP Request: POST http://localhost:11434/chat/completions "HTTP/1.1 404 Not Found"
2025-11-16 18:42:14,664 - WARNING - Exception for chunk chunk-0954ea3c84843258721faacb4a7e4e32: RetryError[<Future at 0x7a631f693c40 state=finished raised NotFoundError>]
2025-11-16 18:42:14,673 - INFO - HTTP Request: POST http://localhost:11434/chat/completions "HTTP/1.1 404 Not Found"
2025-11-16 18:42:14,706 - INFO - HTTP Request: POST http://localhost:11434/chat/completions "HTTP/1.1 404 Not Found"
2025-11-16 18:42:14,707 - WARNING - Exception for chunk chunk-3e3e3c2cfe877835a35efd86db917b2a: RetryError[<Future at 0x7a631f61c4f0 state=finished raised NotFoundError>]
2025-11-16 18:42:14,716 - INFO - HTTP Request: POST http://localhost:11434/chat/completions "HTTP/1.1 404 Not Found"
2025-11-16 18:42:14,717 - INFO - HTTP Request: POST http://localhost:11434/chat/completions "HTTP/1.1 404 Not Found"
2025-11-16 18:42:14,718 - WARNING - Exception for chunk chunk-ee0c4ce27b098887a3c38cc0ad775a00: RetryError[<Future at 0x7a631f6b1f30 state=finished raised NotFoundError>]
2025-11-16 18:42:14,723 - INFO - HTTP Request: POST http://localhost:11434/chat/completions "HTTP/1.1 404 Not Found"
2025-11-16 18:42:14,761 - INFO - HTTP Request: POST http://localhost:11434/chat/completions "HTTP/1.1 404 Not Found"
2025-11-16 18:42:14,762 - WARNING - Exception for chunk chunk-2f44a8034262bfabde03ed41405f996b: RetryError[<Future at 0x7a631f61e260 state=finished raised NotFoundError>]
2025-11-16 18:42:14,766 - INFO - HTTP Request: POST http://localhost:11434/chat/completions "HTTP/1.1 404 Not Found"
2025-11-16 18:42:14,774 - INFO - HTTP Request: POST http://localhost:11434/chat/completions "HTTP/1.1 404 Not Found"
2025-11-16 18:42:14,860 - INFO - HTTP Request: POST http://localhost:11434/chat/completions "HTTP/1.1 404 Not Found"
2025-11-16 18:42:14,862 - WARNING - Exception for chunk chunk-7d52c998fb68ac46c32899a8ff57d0ab: RetryError[<Future at 0x7a631f610460 state=finished raised NotFoundError>]
2025-11-16 18:42:14,878 - INFO - HTTP Request: POST http://localhost:11434/chat/completions "HTTP/1.1 404 Not Found"
2025-11-16 18:42:14,882 - INFO - HTTP Request: POST http://localhost:11434/chat/completions "HTTP/1.1 404 Not Found"
2025-11-16 18:42:14,889 - WARNING - Exception for chunk chunk-02bb9ee300542454832d4d0ef0f0bd9c: RetryError[<Future at 0x7a631f612800 state=finished raised NotFoundError>]
2025-11-16 18:42:14,890 - WARNING - Exception for chunk chunk-a67fd5186fb854b0c66a5f8a77753f8b: RetryError[<Future at 0x7a631f7aa2f0 state=finished raised NotFoundError>]
2025-11-16 18:42:14,895 - INFO - HTTP Request: POST http://localhost:11434/chat/completions "HTTP/1.1 404 Not Found"
2025-11-16 18:42:14,901 - INFO - HTTP Request: POST http://localhost:11434/chat/completions "HTTP/1.1 404 Not Found"
2025-11-16 18:42:14,923 - INFO - HTTP Request: POST http://localhost:11434/chat/completions "HTTP/1.1 404 Not Found"
2025-11-16 18:42:14,924 - WARNING - Exception for chunk chunk-c4eb6d354832a1be2c8df6db647ed4c4: RetryError[<Future at 0x7a6340390c70 state=finished raised NotFoundError>]
2025-11-16 18:42:14,930 - INFO - HTTP Request: POST http://localhost:11434/chat/completions "HTTP/1.1 404 Not Found"
2025-11-16 18:42:14,950 - INFO - HTTP Request: POST http://localhost:11434/chat/completions "HTTP/1.1 404 Not Found"
2025-11-16 18:42:15,413 - INFO - HTTP Request: POST http://localhost:11434/chat/completions "HTTP/1.1 404 Not Found"
2025-11-16 18:42:15,415 - WARNING - Exception for chunk chunk-edd526111029d39fbb47f6af05b10be0: RetryError[<Future at 0x7a631f6903d0 state=finished raised NotFoundError>]
2025-11-16 18:42:15,431 - INFO - HTTP Request: POST http://localhost:11434/chat/completions "HTTP/1.1 404 Not Found"
2025-11-16 18:42:15,453 - INFO - HTTP Request: POST http://localhost:11434/chat/completions "HTTP/1.1 404 Not Found"
2025-11-16 18:42:15,454 - WARNING - Exception for chunk chunk-091cfddf1a5c4d9197f0300c13bdc422: RetryError[<Future at 0x7a631f6ee290 state=finished raised NotFoundError>]
2025-11-16 18:42:15,460 - INFO - HTTP Request: POST http://localhost:11434/chat/completions "HTTP/1.1 404 Not Found"
2025-11-16 18:42:15,479 - INFO - HTTP Request: POST http://localhost:11434/chat/completions "HTTP/1.1 404 Not Found"
2025-11-16 18:42:15,480 - WARNING - Exception for chunk chunk-977bac041c3657e71a6b28c4cdd52b6f: RetryError[<Future at 0x7a6340391db0 state=finished raised NotFoundError>]
2025-11-16 18:42:15,487 - INFO - HTTP Request: POST http://localhost:11434/chat/completions "HTTP/1.1 404 Not Found"
2025-11-16 18:42:15,499 - INFO - HTTP Request: POST http://localhost:11434/chat/completions "HTTP/1.1 404 Not Found"
2025-11-16 18:42:15,500 - WARNING - Exception for chunk chunk-60d98efd0be253d8954e6a1b60efa9c5: RetryError[<Future at 0x7a631f6edc90 state=finished raised NotFoundError>]
2025-11-16 18:42:15,511 - INFO - HTTP Request: POST http://localhost:11434/chat/completions "HTTP/1.1 404 Not Found"
2025-11-16 18:42:15,513 - INFO - HTTP Request: POST http://localhost:11434/chat/completions "HTTP/1.1 404 Not Found"
2025-11-16 18:42:15,514 - WARNING - Exception for chunk chunk-fd99f8e1542570dbd97da53d09355756: RetryError[<Future at 0x7a631f749b70 state=finished raised NotFoundError>]
2025-11-16 18:42:15,521 - INFO - HTTP Request: POST http://localhost:11434/chat/completions "HTTP/1.1 404 Not Found"
2025-11-16 18:42:15,572 - INFO - HTTP Request: POST http://localhost:11434/chat/completions "HTTP/1.1 404 Not Found"
2025-11-16 18:42:15,573 - WARNING - Exception for chunk chunk-9f3860cc52a952818c8e73c3a477e69a: RetryError[<Future at 0x7a631f6edf30 state=finished raised NotFoundError>]
2025-11-16 18:42:15,584 - INFO - HTTP Request: POST http://localhost:11434/chat/completions "HTTP/1.1 404 Not Found"
2025-11-16 18:42:15,624 - INFO - HTTP Request: POST http://localhost:11434/chat/completions "HTTP/1.1 404 Not Found"
2025-11-16 18:42:15,624 - WARNING - Exception for chunk chunk-325bdcb45ee92b414d4bc770a5e31d6c: RetryError[<Future at 0x7a631f51b250 state=finished raised NotFoundError>]
2025-11-16 18:42:15,629 - INFO - HTTP Request: POST http://localhost:11434/chat/completions "HTTP/1.1 404 Not Found"
2025-11-16 18:42:15,681 - INFO - HTTP Request: POST http://localhost:11434/chat/completions "HTTP/1.1 404 Not Found"
2025-11-16 18:42:15,682 - WARNING - Exception for chunk chunk-d08f047ce6db65da30a2d7d91d3d8f93: RetryError[<Future at 0x7a631f51bc10 state=finished raised NotFoundError>]
2025-11-16 18:42:15,694 - INFO - HTTP Request: POST http://localhost:11434/chat/completions "HTTP/1.1 404 Not Found"
2025-11-16 18:42:15,732 - INFO - HTTP Request: POST http://localhost:11434/chat/completions "HTTP/1.1 404 Not Found"
2025-11-16 18:42:15,734 - WARNING - Exception for chunk chunk-d8f4bf03c3a46ca7174f8882f0e5efdb: RetryError[<Future at 0x7a631f532710 state=finished raised NotFoundError>]
2025-11-16 18:42:15,739 - INFO - HTTP Request: POST http://localhost:11434/chat/completions "HTTP/1.1 404 Not Found"
2025-11-16 18:42:15,741 - WARNING - Exception for chunk chunk-2614187d82566417c2282a07b438b7ac: RetryError[<Future at 0x7a631f533250 state=finished raised NotFoundError>]
2025-11-16 18:42:15,752 - INFO - HTTP Request: POST http://localhost:11434/chat/completions "HTTP/1.1 404 Not Found"
2025-11-16 18:42:15,772 - INFO - HTTP Request: POST http://localhost:11434/chat/completions "HTTP/1.1 404 Not Found"
2025-11-16 18:42:15,773 - WARNING - Exception for chunk chunk-31da96adcc3e05eb4afe6ced0d0bc57b: RetryError[<Future at 0x7a631f51b910 state=finished raised NotFoundError>]
2025-11-16 18:42:15,779 - INFO - HTTP Request: POST http://localhost:11434/chat/completions "HTTP/1.1 404 Not Found"
2025-11-16 18:42:15,780 - WARNING - Exception for chunk chunk-0cd2e95d36232f95f79d90391128c912: RetryError[<Future at 0x7a631f51b5b0 state=finished raised NotFoundError>]
2025-11-16 18:42:15,786 - INFO - HTTP Request: POST http://localhost:11434/chat/completions "HTTP/1.1 404 Not Found"
2025-11-16 18:42:15,791 - INFO - HTTP Request: POST http://localhost:11434/chat/completions "HTTP/1.1 404 Not Found"
2025-11-16 18:42:15,799 - INFO - HTTP Request: POST http://localhost:11434/chat/completions "HTTP/1.1 404 Not Found"
2025-11-16 18:42:15,911 - INFO - HTTP Request: POST http://localhost:11434/chat/completions "HTTP/1.1 404 Not Found"
2025-11-16 18:42:15,913 - WARNING - Exception for chunk chunk-e3bf44d62b54f36384a10c7472194db2: RetryError[<Future at 0x7a631f545fc0 state=finished raised NotFoundError>]
2025-11-16 18:42:15,916 - INFO - HTTP Request: POST http://localhost:11434/chat/completions "HTTP/1.1 404 Not Found"
2025-11-16 18:42:15,917 - WARNING - Exception for chunk chunk-17b17d2ce85b13fe1eec8d6caa1bb279: RetryError[<Future at 0x7a631f547850 state=finished raised NotFoundError>]
2025-11-16 18:42:15,931 - INFO - HTTP Request: POST http://localhost:11434/chat/completions "HTTP/1.1 404 Not Found"
2025-11-16 18:42:15,942 - INFO - HTTP Request: POST http://localhost:11434/chat/completions "HTTP/1.1 404 Not Found"
2025-11-16 18:42:15,944 - WARNING - Exception for chunk chunk-7969c5e2308f5616d4379ef7f0a5d727: RetryError[<Future at 0x7a631f5516f0 state=finished raised NotFoundError>]
2025-11-16 18:42:15,964 - INFO - HTTP Request: POST http://localhost:11434/chat/completions "HTTP/1.1 404 Not Found"
2025-11-16 18:42:15,965 - INFO - HTTP Request: POST http://localhost:11434/chat/completions "HTTP/1.1 404 Not Found"
2025-11-16 18:42:15,966 - WARNING - Exception for chunk chunk-58d7aecc5135bfe3d6e46134a391fe29: RetryError[<Future at 0x7a634011a530 state=finished raised NotFoundError>]
2025-11-16 18:42:15,971 - INFO - HTTP Request: POST http://localhost:11434/chat/completions "HTTP/1.1 404 Not Found"
2025-11-16 18:42:15,976 - INFO - HTTP Request: POST http://localhost:11434/chat/completions "HTTP/1.1 404 Not Found"
2025-11-16 18:42:16,439 - INFO - HTTP Request: POST http://localhost:11434/chat/completions "HTTP/1.1 404 Not Found"
2025-11-16 18:42:16,440 - WARNING - Exception for chunk chunk-60ed8a47458ac7b1765c8f3e9ff98329: RetryError[<Future at 0x7a631f545cc0 state=finished raised NotFoundError>]
2025-11-16 18:42:16,448 - INFO - HTTP Request: POST http://localhost:11434/chat/completions "HTTP/1.1 404 Not Found"
2025-11-16 18:42:16,465 - INFO - HTTP Request: POST http://localhost:11434/chat/completions "HTTP/1.1 404 Not Found"
2025-11-16 18:42:16,466 - WARNING - Exception for chunk chunk-944940246f16468063d54f2362814007: RetryError[<Future at 0x7a631f533a60 state=finished raised NotFoundError>]
2025-11-16 18:42:16,471 - INFO - HTTP Request: POST http://localhost:11434/chat/completions "HTTP/1.1 404 Not Found"
2025-11-16 18:42:16,491 - INFO - HTTP Request: POST http://localhost:11434/chat/completions "HTTP/1.1 404 Not Found"
2025-11-16 18:42:16,492 - WARNING - Exception for chunk chunk-15ffc76e9895a61e7105dce9df54ff9d: RetryError[<Future at 0x7a631f5323e0 state=finished raised NotFoundError>]
2025-11-16 18:42:16,497 - INFO - HTTP Request: POST http://localhost:11434/chat/completions "HTTP/1.1 404 Not Found"
2025-11-16 18:42:16,516 - INFO - HTTP Request: POST http://localhost:11434/chat/completions "HTTP/1.1 404 Not Found"
2025-11-16 18:42:16,516 - WARNING - Exception for chunk chunk-63fc26ffc48841f0ee1db18e70c0b29d: RetryError[<Future at 0x7a631f793850 state=finished raised NotFoundError>]
2025-11-16 18:42:16,520 - INFO - HTTP Request: POST http://localhost:11434/chat/completions "HTTP/1.1 404 Not Found"
2025-11-16 18:42:16,526 - INFO - HTTP Request: POST http://localhost:11434/chat/completions "HTTP/1.1 404 Not Found"
2025-11-16 18:42:16,526 - WARNING - Exception for chunk chunk-867741c3b0c33a654eec975afe3def8e: RetryError[<Future at 0x7a631f51ab00 state=finished raised NotFoundError>]
2025-11-16 18:42:16,531 - INFO - HTTP Request: POST http://localhost:11434/chat/completions "HTTP/1.1 404 Not Found"
2025-11-16 18:42:16,591 - INFO - HTTP Request: POST http://localhost:11434/chat/completions "HTTP/1.1 404 Not Found"
2025-11-16 18:42:16,592 - WARNING - Exception for chunk chunk-60f1c73ad8874baefd7dcc3e165ff52a: RetryError[<Future at 0x7a631f545540 state=finished raised NotFoundError>]
2025-11-16 18:42:16,603 - INFO - HTTP Request: POST http://localhost:11434/chat/completions "HTTP/1.1 404 Not Found"
2025-11-16 18:42:16,638 - INFO - HTTP Request: POST http://localhost:11434/chat/completions "HTTP/1.1 404 Not Found"
2025-11-16 18:42:16,640 - WARNING - Exception for chunk chunk-bae287cdf2035c73f2054169778c7cf9: RetryError[<Future at 0x7a631f532d10 state=finished raised NotFoundError>]
2025-11-16 18:42:16,651 - INFO - HTTP Request: POST http://localhost:11434/chat/completions "HTTP/1.1 404 Not Found"
2025-11-16 18:42:16,699 - INFO - HTTP Request: POST http://localhost:11434/chat/completions "HTTP/1.1 404 Not Found"
2025-11-16 18:42:16,700 - WARNING - Exception for chunk chunk-26764c4e2563059395062ec35655f33e: RetryError[<Future at 0x7a631f6ee650 state=finished raised NotFoundError>]
2025-11-16 18:42:16,705 - INFO - HTTP Request: POST http://localhost:11434/chat/completions "HTTP/1.1 404 Not Found"
2025-11-16 18:42:16,759 - INFO - HTTP Request: POST http://localhost:11434/chat/completions "HTTP/1.1 404 Not Found"
2025-11-16 18:42:16,759 - WARNING - Exception for chunk chunk-3d8cdbf2b2ca1f7926089225a9382c03: RetryError[<Future at 0x7a631f749b70 state=finished raised NotFoundError>]
2025-11-16 18:42:16,765 - INFO - HTTP Request: POST http://localhost:11434/chat/completions "HTTP/1.1 404 Not Found"
2025-11-16 18:42:16,801 - INFO - HTTP Request: POST http://localhost:11434/chat/completions "HTTP/1.1 404 Not Found"
2025-11-16 18:42:16,803 - WARNING - Exception for chunk chunk-2f0da0364c0753ab33cad54b4ce93d7a: RetryError[<Future at 0x7a631f5469b0 state=finished raised NotFoundError>]
2025-11-16 18:42:16,813 - INFO - HTTP Request: POST http://localhost:11434/chat/completions "HTTP/1.1 404 Not Found"
2025-11-16 18:42:16,815 - WARNING - Exception for chunk chunk-e29d71a5a180acc324d7384354ba6c93: RetryError[<Future at 0x7a63402deb30 state=finished raised NotFoundError>]
2025-11-16 18:42:16,818 - INFO - HTTP Request: POST http://localhost:11434/chat/completions "HTTP/1.1 404 Not Found"
2025-11-16 18:42:16,820 - WARNING - Exception for chunk chunk-507740da9d79ac5bf9027b46d48a8515: RetryError[<Future at 0x7a631f6edb10 state=finished raised NotFoundError>]
2025-11-16 18:42:16,835 - INFO - HTTP Request: POST http://localhost:11434/chat/completions "HTTP/1.1 404 Not Found"
2025-11-16 18:42:16,879 - INFO - HTTP Request: POST http://localhost:11434/chat/completions "HTTP/1.1 404 Not Found"
2025-11-16 18:42:16,929 - INFO - HTTP Request: POST http://localhost:11434/chat/completions "HTTP/1.1 404 Not Found"
2025-11-16 18:42:16,939 - INFO - HTTP Request: POST http://localhost:11434/chat/completions "HTTP/1.1 404 Not Found"
2025-11-16 18:42:16,940 - WARNING - Exception for chunk chunk-9ad9b77c33e3942b2c70d1a01b0fb188: RetryError[<Future at 0x7a631f6efe50 state=finished raised NotFoundError>]
2025-11-16 18:42:16,947 - INFO - HTTP Request: POST http://localhost:11434/chat/completions "HTTP/1.1 404 Not Found"
2025-11-16 18:42:16,969 - INFO - HTTP Request: POST http://localhost:11434/chat/completions "HTTP/1.1 404 Not Found"
2025-11-16 18:42:16,970 - WARNING - Exception for chunk chunk-981c3edb77ff618133ca25bd109a8595: RetryError[<Future at 0x7a631f7e3430 state=finished raised NotFoundError>]
2025-11-16 18:42:16,979 - INFO - HTTP Request: POST http://localhost:11434/chat/completions "HTTP/1.1 404 Not Found"
2025-11-16 18:42:16,980 - WARNING - Exception for chunk chunk-875ad0590f908970547a2988698248eb: RetryError[<Future at 0x7a631f64d720 state=finished raised NotFoundError>]
2025-11-16 18:42:16,981 - INFO - HTTP Request: POST http://localhost:11434/chat/completions "HTTP/1.1 404 Not Found"
2025-11-16 18:42:16,986 - INFO - HTTP Request: POST http://localhost:11434/chat/completions "HTTP/1.1 404 Not Found"
2025-11-16 18:42:16,987 - WARNING - Exception for chunk chunk-ed08ad59f5e30ee9d98de0ef83e6dbf5: RetryError[<Future at 0x7a631f7354e0 state=finished raised NotFoundError>]
2025-11-16 18:42:16,992 - INFO - HTTP Request: POST http://localhost:11434/chat/completions "HTTP/1.1 404 Not Found"
2025-11-16 18:42:16,998 - INFO - HTTP Request: POST http://localhost:11434/chat/completions "HTTP/1.1 404 Not Found"
2025-11-16 18:42:17,454 - INFO - HTTP Request: POST http://localhost:11434/chat/completions "HTTP/1.1 404 Not Found"
2025-11-16 18:42:17,454 - WARNING - Exception for chunk chunk-0b5bc7cae1505d3cae999f7b80322d11: RetryError[<Future at 0x7a631f7abdc0 state=finished raised NotFoundError>]
2025-11-16 18:42:17,460 - INFO - HTTP Request: POST http://localhost:11434/chat/completions "HTTP/1.1 404 Not Found"
2025-11-16 18:42:17,476 - INFO - HTTP Request: POST http://localhost:11434/chat/completions "HTTP/1.1 404 Not Found"
2025-11-16 18:42:17,477 - WARNING - Exception for chunk chunk-5f45d5c7ae732737c89f6dbf77943cb6: RetryError[<Future at 0x7a631f550970 state=finished raised NotFoundError>]
2025-11-16 18:42:17,483 - INFO - HTTP Request: POST http://localhost:11434/chat/completions "HTTP/1.1 404 Not Found"
2025-11-16 18:42:17,502 - INFO - HTTP Request: POST http://localhost:11434/chat/completions "HTTP/1.1 404 Not Found"
2025-11-16 18:42:17,502 - WARNING - Exception for chunk chunk-63b63a0e670711ccea2e1eba410c6287: RetryError[<Future at 0x7a631f735b10 state=finished raised NotFoundError>]
2025-11-16 18:42:17,507 - INFO - HTTP Request: POST http://localhost:11434/chat/completions "HTTP/1.1 404 Not Found"
2025-11-16 18:42:17,527 - INFO - HTTP Request: POST http://localhost:11434/chat/completions "HTTP/1.1 404 Not Found"
2025-11-16 18:42:17,528 - WARNING - Exception for chunk chunk-4a618cb840ebf88205b79d191da0f360: RetryError[<Future at 0x7a631f6116f0 state=finished raised NotFoundError>]
2025-11-16 18:42:17,539 - INFO - HTTP Request: POST http://localhost:11434/chat/completions "HTTP/1.1 404 Not Found"
2025-11-16 18:42:17,540 - WARNING - Exception for chunk chunk-5925c604a4a4d5b0e5c7962a8522f953: RetryError[<Future at 0x7a631f6136d0 state=finished raised NotFoundError>]
2025-11-16 18:42:17,541 - INFO - HTTP Request: POST http://localhost:11434/chat/completions "HTTP/1.1 404 Not Found"
2025-11-16 18:42:17,549 - INFO - HTTP Request: POST http://localhost:11434/chat/completions "HTTP/1.1 404 Not Found"
2025-11-16 18:42:17,610 - INFO - HTTP Request: POST http://localhost:11434/chat/completions "HTTP/1.1 404 Not Found"
2025-11-16 18:42:17,611 - WARNING - Exception for chunk chunk-15897200630ea0d701c90c96143fbd27: RetryError[<Future at 0x7a631f6b24a0 state=finished raised NotFoundError>]
2025-11-16 18:42:17,619 - INFO - HTTP Request: POST http://localhost:11434/chat/completions "HTTP/1.1 404 Not Found"
2025-11-16 18:42:17,659 - INFO - HTTP Request: POST http://localhost:11434/chat/completions "HTTP/1.1 404 Not Found"
2025-11-16 18:42:17,660 - WARNING - Exception for chunk chunk-a61b7a59c3dbb3cd35f62470cfabeff2: RetryError[<Future at 0x7a631f573c10 state=finished raised NotFoundError>]
2025-11-16 18:42:17,668 - INFO - HTTP Request: POST http://localhost:11434/chat/completions "HTTP/1.1 404 Not Found"
2025-11-16 18:42:17,711 - INFO - HTTP Request: POST http://localhost:11434/chat/completions "HTTP/1.1 404 Not Found"
2025-11-16 18:42:17,711 - WARNING - Exception for chunk chunk-5bfad5932d7959e03217a73dccea127e: RetryError[<Future at 0x7a631f6dec20 state=finished raised NotFoundError>]
2025-11-16 18:42:17,718 - INFO - HTTP Request: POST http://localhost:11434/chat/completions "HTTP/1.1 404 Not Found"
2025-11-16 18:42:17,771 - INFO - HTTP Request: POST http://localhost:11434/chat/completions "HTTP/1.1 404 Not Found"
2025-11-16 18:42:17,772 - WARNING - Exception for chunk chunk-7a3b47cefe4b7a0e33fd4a29d6471159: RetryError[<Future at 0x7a631f550f70 state=finished raised NotFoundError>]
2025-11-16 18:42:17,778 - INFO - HTTP Request: POST http://localhost:11434/chat/completions "HTTP/1.1 404 Not Found"
2025-11-16 18:42:17,841 - INFO - HTTP Request: POST http://localhost:11434/chat/completions "HTTP/1.1 404 Not Found"
2025-11-16 18:42:17,842 - WARNING - Exception for chunk chunk-94d23a30d5bdc7b824608b261aece9b6: RetryError[<Future at 0x7a631f5935b0 state=finished raised NotFoundError>]
2025-11-16 18:42:17,847 - INFO - HTTP Request: POST http://localhost:11434/chat/completions "HTTP/1.1 404 Not Found"
2025-11-16 18:42:17,884 - INFO - HTTP Request: POST http://localhost:11434/chat/completions "HTTP/1.1 404 Not Found"
2025-11-16 18:42:17,885 - WARNING - Exception for chunk chunk-e00e62c9976b2270689249cd5ea28189: RetryError[<Future at 0x7a631f551de0 state=finished raised NotFoundError>]
2025-11-16 18:42:17,891 - INFO - HTTP Request: POST http://localhost:11434/chat/completions "HTTP/1.1 404 Not Found"
2025-11-16 18:42:17,940 - INFO - HTTP Request: POST http://localhost:11434/chat/completions "HTTP/1.1 404 Not Found"
2025-11-16 18:42:17,942 - WARNING - Exception for chunk chunk-44fb36f3ae66ad6933be2099e77f3be0: RetryError[<Future at 0x7a631f591270 state=finished raised NotFoundError>]
2025-11-16 18:42:17,970 - INFO - HTTP Request: POST http://localhost:11434/chat/completions "HTTP/1.1 404 Not Found"
2025-11-16 18:42:17,972 - INFO - HTTP Request: POST http://localhost:11434/chat/completions "HTTP/1.1 404 Not Found"
2025-11-16 18:42:17,973 - WARNING - Exception for chunk chunk-7c9089edd434d753dfec867ae4afaf42: RetryError[<Future at 0x7a631f552140 state=finished raised NotFoundError>]
2025-11-16 18:42:17,984 - INFO - HTTP Request: POST http://localhost:11434/chat/completions "HTTP/1.1 404 Not Found"
2025-11-16 18:42:17,990 - INFO - HTTP Request: POST http://localhost:11434/chat/completions "HTTP/1.1 404 Not Found"
2025-11-16 18:42:17,991 - WARNING - Exception for chunk chunk-e66cf04511cf9cdc27f0bd018025cc91: RetryError[<Future at 0x7a631f5b7520 state=finished raised NotFoundError>]
2025-11-16 18:42:17,999 - INFO - HTTP Request: POST http://localhost:11434/chat/completions "HTTP/1.1 404 Not Found"
2025-11-16 18:42:18,004 - INFO - HTTP Request: POST http://localhost:11434/chat/completions "HTTP/1.1 404 Not Found"
2025-11-16 18:42:18,006 - WARNING - Exception for chunk chunk-9dcf1278bd17eff396410d33b5465d4e: RetryError[<Future at 0x7a631f5b7310 state=finished raised NotFoundError>]
2025-11-16 18:42:18,008 - INFO - HTTP Request: POST http://localhost:11434/chat/completions "HTTP/1.1 404 Not Found"
2025-11-16 18:42:18,008 - WARNING - Exception for chunk chunk-b28b1d130cf73ecd1a42d6b98a430dfc: RetryError[<Future at 0x7a631f551a80 state=finished raised NotFoundError>]
2025-11-16 18:42:18,014 - INFO - HTTP Request: POST http://localhost:11434/chat/completions "HTTP/1.1 404 Not Found"
2025-11-16 18:42:18,070 - INFO - HTTP Request: POST http://localhost:11434/chat/completions "HTTP/1.1 404 Not Found"
2025-11-16 18:42:18,468 - INFO - HTTP Request: POST http://localhost:11434/chat/completions "HTTP/1.1 404 Not Found"
2025-11-16 18:42:18,469 - WARNING - Exception for chunk chunk-c02c6bec018dc08919c69890dabd923f: RetryError[<Future at 0x7a631f5cbf10 state=finished raised NotFoundError>]
2025-11-16 18:42:18,474 - INFO - HTTP Request: POST http://localhost:11434/chat/completions "HTTP/1.1 404 Not Found"
2025-11-16 18:42:18,490 - INFO - HTTP Request: POST http://localhost:11434/chat/completions "HTTP/1.1 404 Not Found"
2025-11-16 18:42:18,491 - WARNING - Exception for chunk chunk-b6bab8d28989d317d8819db9c7446e05: RetryError[<Future at 0x7a631f5cb190 state=finished raised NotFoundError>]
2025-11-16 18:42:18,497 - INFO - HTTP Request: POST http://localhost:11434/chat/completions "HTTP/1.1 404 Not Found"
2025-11-16 18:42:18,512 - INFO - HTTP Request: POST http://localhost:11434/chat/completions "HTTP/1.1 404 Not Found"
2025-11-16 18:42:18,513 - WARNING - Exception for chunk chunk-054a3d458b648bc4653c1ed80e8aba86: RetryError[<Future at 0x7a631f5cb7c0 state=finished raised NotFoundError>]
2025-11-16 18:42:18,519 - INFO - HTTP Request: POST http://localhost:11434/chat/completions "HTTP/1.1 404 Not Found"
2025-11-16 18:42:18,552 - INFO - HTTP Request: POST http://localhost:11434/chat/completions "HTTP/1.1 404 Not Found"
2025-11-16 18:42:18,559 - WARNING - Exception for chunk chunk-776c7ef15bb1ea8e84fd4ca7c97ff240: RetryError[<Future at 0x7a631f5c9720 state=finished raised NotFoundError>]
2025-11-16 18:42:18,565 - INFO - HTTP Request: POST http://localhost:11434/chat/completions "HTTP/1.1 404 Not Found"
2025-11-16 18:42:18,566 - WARNING - Exception for chunk chunk-d0fdf658fc9cc42d0135e60aa029a123: RetryError[<Future at 0x7a631f5b4c10 state=finished raised NotFoundError>]
2025-11-16 18:42:18,582 - INFO - HTTP Request: POST http://localhost:11434/chat/completions "HTTP/1.1 404 Not Found"
2025-11-16 18:42:18,626 - INFO - HTTP Request: POST http://localhost:11434/chat/completions "HTTP/1.1 404 Not Found"
2025-11-16 18:42:18,627 - INFO - HTTP Request: POST http://localhost:11434/chat/completions "HTTP/1.1 404 Not Found"
2025-11-16 18:42:18,627 - WARNING - Exception for chunk chunk-7214ef606e5b79a2961ef83098621627: RetryError[<Future at 0x7a631f5c9d50 state=finished raised NotFoundError>]
2025-11-16 18:42:18,632 - INFO - HTTP Request: POST http://localhost:11434/chat/completions "HTTP/1.1 404 Not Found"
2025-11-16 18:42:18,674 - INFO - HTTP Request: POST http://localhost:11434/chat/completions "HTTP/1.1 404 Not Found"
2025-11-16 18:42:18,675 - WARNING - Exception for chunk chunk-313c54b6d4d55e937b0eab2bda89bf1e: RetryError[<Future at 0x7a631f593b80 state=finished raised NotFoundError>]
2025-11-16 18:42:18,679 - INFO - HTTP Request: POST http://localhost:11434/chat/completions "HTTP/1.1 404 Not Found"
2025-11-16 18:42:18,728 - INFO - HTTP Request: POST http://localhost:11434/chat/completions "HTTP/1.1 404 Not Found"
2025-11-16 18:42:18,729 - WARNING - Exception for chunk chunk-3e8fd35c65faad87b3061f71b1eed6de: RetryError[<Future at 0x7a631f591f30 state=finished raised NotFoundError>]
2025-11-16 18:42:18,742 - INFO - HTTP Request: POST http://localhost:11434/chat/completions "HTTP/1.1 404 Not Found"
2025-11-16 18:42:18,788 - INFO - HTTP Request: POST http://localhost:11434/chat/completions "HTTP/1.1 404 Not Found"
2025-11-16 18:42:18,789 - WARNING - Exception for chunk chunk-736e50fc6e66bc75993f50509dbb8c26: RetryError[<Future at 0x7a631f7633d0 state=finished raised NotFoundError>]
2025-11-16 18:42:18,801 - INFO - HTTP Request: POST http://localhost:11434/chat/completions "HTTP/1.1 404 Not Found"
2025-11-16 18:42:18,853 - INFO - HTTP Request: POST http://localhost:11434/chat/completions "HTTP/1.1 404 Not Found"
2025-11-16 18:42:18,854 - WARNING - Exception for chunk chunk-75506694d5a7ec58d81cc9021c869f7a: RetryError[<Future at 0x7a631f7e22c0 state=finished raised NotFoundError>]
2025-11-16 18:42:18,862 - INFO - HTTP Request: POST http://localhost:11434/chat/completions "HTTP/1.1 404 Not Found"
2025-11-16 18:42:18,896 - INFO - HTTP Request: POST http://localhost:11434/chat/completions "HTTP/1.1 404 Not Found"
2025-11-16 18:42:18,897 - WARNING - Exception for chunk chunk-0f80c1e35e7cef75bf410fb446dd6f5a: RetryError[<Future at 0x7a631f573ee0 state=finished raised NotFoundError>]
2025-11-16 18:42:18,901 - INFO - HTTP Request: POST http://localhost:11434/chat/completions "HTTP/1.1 404 Not Found"
2025-11-16 18:42:18,983 - INFO - HTTP Request: POST http://localhost:11434/chat/completions "HTTP/1.1 404 Not Found"
2025-11-16 18:42:18,985 - WARNING - Exception for chunk chunk-e7c6775bed51040d5ca4833fc26cf359: RetryError[<Future at 0x7a631f5c91e0 state=finished raised NotFoundError>]
2025-11-16 18:42:19,004 - INFO - HTTP Request: POST http://localhost:11434/chat/completions "HTTP/1.1 404 Not Found"
2025-11-16 18:42:19,011 - INFO - HTTP Request: POST http://localhost:11434/chat/completions "HTTP/1.1 404 Not Found"
2025-11-16 18:42:19,015 - WARNING - Exception for chunk chunk-8053dd133ac0b292e626ce118f9a6377: RetryError[<Future at 0x7a631f573310 state=finished raised NotFoundError>]
2025-11-16 18:42:19,027 - INFO - HTTP Request: POST http://localhost:11434/chat/completions "HTTP/1.1 404 Not Found"
2025-11-16 18:42:19,029 - WARNING - Exception for chunk chunk-4b34c33020b992343041b50699a12c5b: RetryError[<Future at 0x7a631f51a350 state=finished raised NotFoundError>]
2025-11-16 18:42:19,034 - INFO - HTTP Request: POST http://localhost:11434/chat/completions "HTTP/1.1 404 Not Found"
2025-11-16 18:42:19,035 - WARNING - Exception for chunk chunk-bc0677d94164f30311acb2871e94ac0f: RetryError[<Future at 0x7a631f591a80 state=finished raised NotFoundError>]
2025-11-16 18:42:19,048 - INFO - HTTP Request: POST http://localhost:11434/chat/completions "HTTP/1.1 404 Not Found"
2025-11-16 18:42:19,059 - INFO - HTTP Request: POST http://localhost:11434/chat/completions "HTTP/1.1 404 Not Found"
2025-11-16 18:42:19,080 - INFO - HTTP Request: POST http://localhost:11434/chat/completions "HTTP/1.1 404 Not Found"
2025-11-16 18:42:19,082 - WARNING - Exception for chunk chunk-3d6584e960177722daea2e785b4ac794: RetryError[<Future at 0x7a631f571e10 state=finished raised NotFoundError>]
2025-11-16 18:42:19,094 - INFO - HTTP Request: POST http://localhost:11434/chat/completions "HTTP/1.1 404 Not Found"
2025-11-16 18:42:19,145 - INFO - HTTP Request: POST http://localhost:11434/chat/completions "HTTP/1.1 404 Not Found"
2025-11-16 18:42:19,480 - INFO - HTTP Request: POST http://localhost:11434/chat/completions "HTTP/1.1 404 Not Found"
2025-11-16 18:42:19,480 - WARNING - Exception for chunk chunk-a136932109a02e9940205f70a9787b2c: RetryError[<Future at 0x7a631f551cf0 state=finished raised NotFoundError>]
2025-11-16 18:42:19,485 - INFO - HTTP Request: POST http://localhost:11434/chat/completions "HTTP/1.1 404 Not Found"
2025-11-16 18:42:19,502 - INFO - HTTP Request: POST http://localhost:11434/chat/completions "HTTP/1.1 404 Not Found"
2025-11-16 18:42:19,503 - WARNING - Exception for chunk chunk-a1939aba61f14311519e7667da4ff558: RetryError[<Future at 0x7a631f736950 state=finished raised NotFoundError>]
2025-11-16 18:42:19,509 - INFO - HTTP Request: POST http://localhost:11434/chat/completions "HTTP/1.1 404 Not Found"
2025-11-16 18:42:19,525 - INFO - HTTP Request: POST http://localhost:11434/chat/completions "HTTP/1.1 404 Not Found"
2025-11-16 18:42:19,525 - WARNING - Exception for chunk chunk-cf58fa923fbb557ac59210bb3ae666ab: RetryError[<Future at 0x7a631f61e4d0 state=finished raised NotFoundError>]
2025-11-16 18:42:19,532 - INFO - HTTP Request: POST http://localhost:11434/chat/completions "HTTP/1.1 404 Not Found"
2025-11-16 18:42:19,597 - INFO - HTTP Request: POST http://localhost:11434/chat/completions "HTTP/1.1 404 Not Found"
2025-11-16 18:42:19,599 - WARNING - Exception for chunk chunk-0a6733c106f60644a5a2701a6c4e21b7: RetryError[<Future at 0x7a631f553e50 state=finished raised NotFoundError>]
2025-11-16 18:42:19,616 - INFO - HTTP Request: POST http://localhost:11434/chat/completions "HTTP/1.1 404 Not Found"
2025-11-16 18:42:19,640 - INFO - HTTP Request: POST http://localhost:11434/chat/completions "HTTP/1.1 404 Not Found"
2025-11-16 18:42:19,642 - WARNING - Exception for chunk chunk-8e7897bace2e7e4733cb9ade728ad3ec: RetryError[<Future at 0x7a631f6ef5e0 state=finished raised NotFoundError>]
2025-11-16 18:42:19,643 - INFO - HTTP Request: POST http://localhost:11434/chat/completions "HTTP/1.1 404 Not Found"
2025-11-16 18:42:19,645 - WARNING - Exception for chunk chunk-8e299183e729d3900706f16c9deab4d4: RetryError[<Future at 0x7a631f5442e0 state=finished raised NotFoundError>]
2025-11-16 18:42:19,653 - INFO - HTTP Request: POST http://localhost:11434/chat/completions "HTTP/1.1 404 Not Found"
2025-11-16 18:42:19,686 - INFO - HTTP Request: POST http://localhost:11434/chat/completions "HTTP/1.1 404 Not Found"
2025-11-16 18:42:19,687 - WARNING - Exception for chunk chunk-1c62ec3a039bbfdbe387a4a271b8b4a5: RetryError[<Future at 0x7a631f553fd0 state=finished raised NotFoundError>]
2025-11-16 18:42:19,695 - INFO - HTTP Request: POST http://localhost:11434/chat/completions "HTTP/1.1 404 Not Found"
2025-11-16 18:42:19,705 - INFO - HTTP Request: POST http://localhost:11434/chat/completions "HTTP/1.1 404 Not Found"
2025-11-16 18:42:19,748 - INFO - HTTP Request: POST http://localhost:11434/chat/completions "HTTP/1.1 404 Not Found"
2025-11-16 18:42:19,749 - WARNING - Exception for chunk chunk-313098a6a56c4fa8e453bd33005b141f: RetryError[<Future at 0x7a631f5e3f40 state=finished raised NotFoundError>]
2025-11-16 18:42:19,755 - INFO - HTTP Request: POST http://localhost:11434/chat/completions "HTTP/1.1 404 Not Found"
2025-11-16 18:42:19,812 - INFO - HTTP Request: POST http://localhost:11434/chat/completions "HTTP/1.1 404 Not Found"
2025-11-16 18:42:19,814 - WARNING - Exception for chunk chunk-a7ae4375f428d73a2cb8bd0d1112ed02: RetryError[<Future at 0x7a631f5e2920 state=finished raised NotFoundError>]
2025-11-16 18:42:19,826 - INFO - HTTP Request: POST http://localhost:11434/chat/completions "HTTP/1.1 404 Not Found"
2025-11-16 18:42:19,866 - INFO - HTTP Request: POST http://localhost:11434/chat/completions "HTTP/1.1 404 Not Found"
2025-11-16 18:42:19,867 - WARNING - Exception for chunk chunk-24d142f4e815b01bdb7b04e1f76d22e4: RetryError[<Future at 0x7a631f3fd690 state=finished raised NotFoundError>]
2025-11-16 18:42:19,872 - INFO - HTTP Request: POST http://localhost:11434/chat/completions "HTTP/1.1 404 Not Found"
2025-11-16 18:42:19,906 - INFO - HTTP Request: POST http://localhost:11434/chat/completions "HTTP/1.1 404 Not Found"
2025-11-16 18:42:19,907 - WARNING - Exception for chunk chunk-91a1469dc9bf48cb83e8d4315c550984: RetryError[<Future at 0x7a631f5e2ad0 state=finished raised NotFoundError>]
2025-11-16 18:42:19,912 - INFO - HTTP Request: POST http://localhost:11434/chat/completions "HTTP/1.1 404 Not Found"
2025-11-16 18:42:20,023 - INFO - HTTP Request: POST http://localhost:11434/chat/completions "HTTP/1.1 404 Not Found"
2025-11-16 18:42:20,025 - WARNING - Exception for chunk chunk-353b5edd6ece0da0b170a43d77fbeb82: RetryError[<Future at 0x7a631f3ffe80 state=finished raised NotFoundError>]
2025-11-16 18:42:20,037 - INFO - HTTP Request: POST http://localhost:11434/chat/completions "HTTP/1.1 404 Not Found"
2025-11-16 18:42:20,058 - INFO - HTTP Request: POST http://localhost:11434/chat/completions "HTTP/1.1 404 Not Found"
2025-11-16 18:42:20,061 - WARNING - Exception for chunk chunk-748b53025aa7b348f9948ad1d5598333: RetryError[<Future at 0x7a631f551e10 state=finished raised NotFoundError>]
2025-11-16 18:42:20,071 - INFO - HTTP Request: POST http://localhost:11434/chat/completions "HTTP/1.1 404 Not Found"
2025-11-16 18:42:20,073 - WARNING - Exception for chunk chunk-6cd30786f7dedeb7af78013b740bee0f: RetryError[<Future at 0x7a631f3ffd90 state=finished raised NotFoundError>]
2025-11-16 18:42:20,086 - INFO - HTTP Request: POST http://localhost:11434/chat/completions "HTTP/1.1 404 Not Found"
2025-11-16 18:42:20,102 - INFO - HTTP Request: POST http://localhost:11434/chat/completions "HTTP/1.1 404 Not Found"
2025-11-16 18:42:20,103 - WARNING - Exception for chunk chunk-cc47875151b0b82ef9850e940b18b5a0: RetryError[<Future at 0x7a631f5e2b90 state=finished raised NotFoundError>]
2025-11-16 18:42:20,112 - INFO - HTTP Request: POST http://localhost:11434/chat/completions "HTTP/1.1 404 Not Found"
2025-11-16 18:42:20,135 - INFO - HTTP Request: POST http://localhost:11434/chat/completions "HTTP/1.1 404 Not Found"
2025-11-16 18:42:20,151 - INFO - HTTP Request: POST http://localhost:11434/chat/completions "HTTP/1.1 404 Not Found"
2025-11-16 18:42:20,152 - WARNING - Exception for chunk chunk-55ad2d14b6e9606cd799c34af09e92e3: RetryError[<Future at 0x7a631f427e20 state=finished raised NotFoundError>]
2025-11-16 18:42:20,158 - INFO - HTTP Request: POST http://localhost:11434/chat/completions "HTTP/1.1 404 Not Found"
2025-11-16 18:42:20,489 - INFO - HTTP Request: POST http://localhost:11434/chat/completions "HTTP/1.1 404 Not Found"
2025-11-16 18:42:20,490 - WARNING - Exception for chunk chunk-2761fe55372ffc2ddf44f2b8b152c2b6: RetryError[<Future at 0x7a631f435cc0 state=finished raised NotFoundError>]
2025-11-16 18:42:20,497 - INFO - HTTP Request: POST http://localhost:11434/chat/completions "HTTP/1.1 404 Not Found"
2025-11-16 18:42:20,515 - INFO - HTTP Request: POST http://localhost:11434/chat/completions "HTTP/1.1 404 Not Found"
2025-11-16 18:42:20,516 - WARNING - Exception for chunk chunk-356db951526ee4c507e96bef9a2593a1: RetryError[<Future at 0x7a631f437f10 state=finished raised NotFoundError>]
2025-11-16 18:42:20,523 - INFO - HTTP Request: POST http://localhost:11434/chat/completions "HTTP/1.1 404 Not Found"
2025-11-16 18:42:20,538 - INFO - HTTP Request: POST http://localhost:11434/chat/completions "HTTP/1.1 404 Not Found"
2025-11-16 18:42:20,539 - WARNING - Exception for chunk chunk-a3740154bfd929dd8aa5e793eb46223a: RetryError[<Future at 0x7a631f435c00 state=finished raised NotFoundError>]
2025-11-16 18:42:20,545 - INFO - HTTP Request: POST http://localhost:11434/chat/completions "HTTP/1.1 404 Not Found"
2025-11-16 18:42:20,621 - INFO - HTTP Request: POST http://localhost:11434/chat/completions "HTTP/1.1 404 Not Found"
2025-11-16 18:42:20,622 - WARNING - Exception for chunk chunk-9f12514e2027e62f0240a3d9a286b32b: RetryError[<Future at 0x7a631f5e06a0 state=finished raised NotFoundError>]
2025-11-16 18:42:20,628 - INFO - HTTP Request: POST http://localhost:11434/chat/completions "HTTP/1.1 404 Not Found"
2025-11-16 18:42:20,658 - INFO - HTTP Request: POST http://localhost:11434/chat/completions "HTTP/1.1 404 Not Found"
2025-11-16 18:42:20,659 - WARNING - Exception for chunk chunk-c1c88f6705af099c8db9d14966270be4: RetryError[<Future at 0x7a63403905b0 state=finished raised NotFoundError>]
2025-11-16 18:42:20,663 - INFO - HTTP Request: POST http://localhost:11434/chat/completions "HTTP/1.1 404 Not Found"
2025-11-16 18:42:20,699 - INFO - HTTP Request: POST http://localhost:11434/chat/completions "HTTP/1.1 404 Not Found"
2025-11-16 18:42:20,700 - WARNING - Exception for chunk chunk-ab9507d63bdc2a6c498837981a51a58b: RetryError[<Future at 0x7a631f437400 state=finished raised NotFoundError>]
2025-11-16 18:42:20,704 - INFO - HTTP Request: POST http://localhost:11434/chat/completions "HTTP/1.1 404 Not Found"
2025-11-16 18:42:20,712 - INFO - HTTP Request: POST http://localhost:11434/chat/completions "HTTP/1.1 404 Not Found"
2025-11-16 18:42:20,713 - WARNING - Exception for chunk chunk-75b3274b3b946892913be776fa0f13f6: RetryError[<Future at 0x7a631f425180 state=finished raised NotFoundError>]
2025-11-16 18:42:20,718 - INFO - HTTP Request: POST http://localhost:11434/chat/completions "HTTP/1.1 404 Not Found"
2025-11-16 18:42:20,760 - INFO - HTTP Request: POST http://localhost:11434/chat/completions "HTTP/1.1 404 Not Found"
2025-11-16 18:42:20,761 - WARNING - Exception for chunk chunk-52c5f736b772ce4e09c0e9aaa8f0872c: RetryError[<Future at 0x7a631f424550 state=finished raised NotFoundError>]
2025-11-16 18:42:20,766 - INFO - HTTP Request: POST http://localhost:11434/chat/completions "HTTP/1.1 404 Not Found"
2025-11-16 18:42:20,832 - INFO - HTTP Request: POST http://localhost:11434/chat/completions "HTTP/1.1 404 Not Found"
2025-11-16 18:42:20,833 - WARNING - Exception for chunk chunk-2969e5d1374eece90dffdf258ad33255: RetryError[<Future at 0x7a631f425ff0 state=finished raised NotFoundError>]
2025-11-16 18:42:20,840 - INFO - HTTP Request: POST http://localhost:11434/chat/completions "HTTP/1.1 404 Not Found"
2025-11-16 18:42:20,879 - INFO - HTTP Request: POST http://localhost:11434/chat/completions "HTTP/1.1 404 Not Found"
2025-11-16 18:42:20,880 - WARNING - Exception for chunk chunk-8876ba2eb008c40006b15d4f603e1709: RetryError[<Future at 0x7a631f3fd720 state=finished raised NotFoundError>]
2025-11-16 18:42:20,886 - INFO - HTTP Request: POST http://localhost:11434/chat/completions "HTTP/1.1 404 Not Found"
2025-11-16 18:42:20,919 - INFO - HTTP Request: POST http://localhost:11434/chat/completions "HTTP/1.1 404 Not Found"
2025-11-16 18:42:20,920 - WARNING - Exception for chunk chunk-8222f449301e7f162ed401cacf1efd4f: RetryError[<Future at 0x7a631f3fc430 state=finished raised NotFoundError>]
2025-11-16 18:42:20,933 - INFO - HTTP Request: POST http://localhost:11434/chat/completions "HTTP/1.1 404 Not Found"
2025-11-16 18:42:21,043 - INFO - HTTP Request: POST http://localhost:11434/chat/completions "HTTP/1.1 404 Not Found"
2025-11-16 18:42:21,044 - WARNING - Exception for chunk chunk-627d8e72f2d0d55367ea3d47c59270a2: RetryError[<Future at 0x7a631f3fc9d0 state=finished raised NotFoundError>]
2025-11-16 18:42:21,048 - INFO - HTTP Request: POST http://localhost:11434/chat/completions "HTTP/1.1 404 Not Found"
2025-11-16 18:42:21,092 - INFO - HTTP Request: POST http://localhost:11434/chat/completions "HTTP/1.1 404 Not Found"
2025-11-16 18:42:21,093 - WARNING - Exception for chunk chunk-7ad4a62f0e015d026f3f2e9dcc1ae770: RetryError[<Future at 0x7a631f426b30 state=finished raised NotFoundError>]
2025-11-16 18:42:21,097 - INFO - HTTP Request: POST http://localhost:11434/chat/completions "HTTP/1.1 404 Not Found"
2025-11-16 18:42:21,119 - INFO - HTTP Request: POST http://localhost:11434/chat/completions "HTTP/1.1 404 Not Found"
2025-11-16 18:42:21,120 - WARNING - Exception for chunk chunk-89928cbc0fa0bb7652cd104f64c95ac4: RetryError[<Future at 0x7a631f5e3f70 state=finished raised NotFoundError>]
2025-11-16 18:42:21,128 - INFO - HTTP Request: POST http://localhost:11434/chat/completions "HTTP/1.1 404 Not Found"
2025-11-16 18:42:21,142 - INFO - HTTP Request: POST http://localhost:11434/chat/completions "HTTP/1.1 404 Not Found"
2025-11-16 18:42:21,143 - WARNING - Exception for chunk chunk-52dc14ce64bc096d499842913a0e8382: RetryError[<Future at 0x7a634033cdc0 state=finished raised NotFoundError>]
2025-11-16 18:42:21,151 - INFO - HTTP Request: POST http://localhost:11434/chat/completions "HTTP/1.1 404 Not Found"
2025-11-16 18:42:21,165 - INFO - HTTP Request: POST http://localhost:11434/chat/completions "HTTP/1.1 404 Not Found"
2025-11-16 18:42:21,166 - WARNING - Exception for chunk chunk-861c63f581c0e3e53afaa2677d4cac65: RetryError[<Future at 0x7a631f3ffe50 state=finished raised NotFoundError>]
2025-11-16 18:42:21,174 - INFO - HTTP Request: POST http://localhost:11434/chat/completions "HTTP/1.1 404 Not Found"
2025-11-16 18:42:21,504 - INFO - HTTP Request: POST http://localhost:11434/chat/completions "HTTP/1.1 404 Not Found"
2025-11-16 18:42:21,504 - WARNING - Exception for chunk chunk-8d973c6299f40a3980ea5ae176d0c23b: RetryError[<Future at 0x7a631f612590 state=finished raised NotFoundError>]
2025-11-16 18:42:21,510 - INFO - HTTP Request: POST http://localhost:11434/chat/completions "HTTP/1.1 404 Not Found"
2025-11-16 18:42:21,528 - INFO - HTTP Request: POST http://localhost:11434/chat/completions "HTTP/1.1 404 Not Found"
2025-11-16 18:42:21,528 - WARNING - Exception for chunk chunk-79d940ad7b2d0f7c397822376ad8369d: RetryError[<Future at 0x7a631f573be0 state=finished raised NotFoundError>]
2025-11-16 18:42:21,533 - INFO - HTTP Request: POST http://localhost:11434/chat/completions "HTTP/1.1 404 Not Found"
2025-11-16 18:42:21,550 - INFO - HTTP Request: POST http://localhost:11434/chat/completions "HTTP/1.1 404 Not Found"
2025-11-16 18:42:21,550 - WARNING - Exception for chunk chunk-d3e477f71c7db7bc308ee9d88f2c6359: RetryError[<Future at 0x7a631f3fdc90 state=finished raised NotFoundError>]
2025-11-16 18:42:21,555 - INFO - HTTP Request: POST http://localhost:11434/chat/completions "HTTP/1.1 404 Not Found"
2025-11-16 18:42:21,642 - INFO - HTTP Request: POST http://localhost:11434/chat/completions "HTTP/1.1 404 Not Found"
2025-11-16 18:42:21,644 - WARNING - Exception for chunk chunk-54494fbcfe3078a8d652e07952a07ff5: RetryError[<Future at 0x7a631f553190 state=finished raised NotFoundError>]
2025-11-16 18:42:21,657 - INFO - HTTP Request: POST http://localhost:11434/chat/completions "HTTP/1.1 404 Not Found"
2025-11-16 18:42:21,673 - INFO - HTTP Request: POST http://localhost:11434/chat/completions "HTTP/1.1 404 Not Found"
2025-11-16 18:42:21,675 - WARNING - Exception for chunk chunk-9d99906d4832111d1d732775aa444ebe: RetryError[<Future at 0x7a631f5c90f0 state=finished raised NotFoundError>]
2025-11-16 18:42:21,688 - INFO - HTTP Request: POST http://localhost:11434/chat/completions "HTTP/1.1 404 Not Found"
2025-11-16 18:42:21,710 - INFO - HTTP Request: POST http://localhost:11434/chat/completions "HTTP/1.1 404 Not Found"
2025-11-16 18:42:21,710 - WARNING - Exception for chunk chunk-2b661505b4cf5ea2f8aa0657ed0961b0: RetryError[<Future at 0x7a631f591b70 state=finished raised NotFoundError>]
2025-11-16 18:42:21,716 - INFO - HTTP Request: POST http://localhost:11434/chat/completions "HTTP/1.1 404 Not Found"
2025-11-16 18:42:21,723 - INFO - HTTP Request: POST http://localhost:11434/chat/completions "HTTP/1.1 404 Not Found"
2025-11-16 18:42:21,723 - WARNING - Exception for chunk chunk-aa725617ed1ec6f2d81d87b1c0bb8695: RetryError[<Future at 0x7a631f448070 state=finished raised NotFoundError>]
2025-11-16 18:42:21,729 - INFO - HTTP Request: POST http://localhost:11434/chat/completions "HTTP/1.1 404 Not Found"
2025-11-16 18:42:21,771 - INFO - HTTP Request: POST http://localhost:11434/chat/completions "HTTP/1.1 404 Not Found"
2025-11-16 18:42:21,772 - WARNING - Exception for chunk chunk-b7e15b58dbaea8ed9c7efcd092ccb852: RetryError[<Future at 0x7a631f448af0 state=finished raised NotFoundError>]
2025-11-16 18:42:21,779 - INFO - HTTP Request: POST http://localhost:11434/chat/completions "HTTP/1.1 404 Not Found"
2025-11-16 18:42:21,845 - INFO - HTTP Request: POST http://localhost:11434/chat/completions "HTTP/1.1 404 Not Found"
2025-11-16 18:42:21,846 - WARNING - Exception for chunk chunk-fca425610b10e04a80bcf070f6836e1c: RetryError[<Future at 0x7a631f465840 state=finished raised NotFoundError>]
2025-11-16 18:42:21,853 - INFO - HTTP Request: POST http://localhost:11434/chat/completions "HTTP/1.1 404 Not Found"
2025-11-16 18:42:21,896 - INFO - HTTP Request: POST http://localhost:11434/chat/completions "HTTP/1.1 404 Not Found"
2025-11-16 18:42:21,899 - WARNING - Exception for chunk chunk-7c63647db591556038ea05fdc7d2c876: RetryError[<Future at 0x7a631f572cb0 state=finished raised NotFoundError>]
2025-11-16 18:42:21,917 - INFO - HTTP Request: POST http://localhost:11434/chat/completions "HTTP/1.1 404 Not Found"
2025-11-16 18:42:21,940 - INFO - HTTP Request: POST http://localhost:11434/chat/completions "HTTP/1.1 404 Not Found"
2025-11-16 18:42:21,941 - WARNING - Exception for chunk chunk-aa79d1ee08200375baa7f1b99dcdd759: RetryError[<Future at 0x7a631f465270 state=finished raised NotFoundError>]
2025-11-16 18:42:21,949 - INFO - HTTP Request: POST http://localhost:11434/chat/completions "HTTP/1.1 404 Not Found"
2025-11-16 18:42:22,052 - INFO - HTTP Request: POST http://localhost:11434/chat/completions "HTTP/1.1 404 Not Found"
2025-11-16 18:42:22,053 - WARNING - Exception for chunk chunk-ea7939c771f777dbb609ca1d8170be3d: RetryError[<Future at 0x7a631f449060 state=finished raised NotFoundError>]
2025-11-16 18:42:22,057 - INFO - HTTP Request: POST http://localhost:11434/chat/completions "HTTP/1.1 404 Not Found"
2025-11-16 18:42:22,106 - INFO - HTTP Request: POST http://localhost:11434/chat/completions "HTTP/1.1 404 Not Found"
2025-11-16 18:42:22,107 - WARNING - Exception for chunk chunk-7ca74e65eafcc96b3770317724369f10: RetryError[<Future at 0x7a631f4651e0 state=finished raised NotFoundError>]
2025-11-16 18:42:22,117 - INFO - HTTP Request: POST http://localhost:11434/chat/completions "HTTP/1.1 404 Not Found"
2025-11-16 18:42:22,137 - INFO - HTTP Request: POST http://localhost:11434/chat/completions "HTTP/1.1 404 Not Found"
2025-11-16 18:42:22,138 - WARNING - Exception for chunk chunk-865c3f96d7b1dfaf52dab65f6e4b8149: RetryError[<Future at 0x7a631f47fa00 state=finished raised NotFoundError>]
2025-11-16 18:42:22,149 - INFO - HTTP Request: POST http://localhost:11434/chat/completions "HTTP/1.1 404 Not Found"
2025-11-16 18:42:22,157 - INFO - HTTP Request: POST http://localhost:11434/chat/completions "HTTP/1.1 404 Not Found"
2025-11-16 18:42:22,157 - WARNING - Exception for chunk chunk-5e9caa356a57e5fa1fb7f060cf90afcc: RetryError[<Future at 0x7a631f499ab0 state=finished raised NotFoundError>]
2025-11-16 18:42:22,163 - INFO - HTTP Request: POST http://localhost:11434/chat/completions "HTTP/1.1 404 Not Found"
2025-11-16 18:42:22,179 - INFO - HTTP Request: POST http://localhost:11434/chat/completions "HTTP/1.1 404 Not Found"
2025-11-16 18:42:22,180 - WARNING - Exception for chunk chunk-95102074bddecacd94cfd78adf7d4a29: RetryError[<Future at 0x7a631f47edd0 state=finished raised NotFoundError>]
2025-11-16 18:42:22,184 - INFO - HTTP Request: POST http://localhost:11434/chat/completions "HTTP/1.1 404 Not Found"
2025-11-16 18:42:22,519 - INFO - HTTP Request: POST http://localhost:11434/chat/completions "HTTP/1.1 404 Not Found"
2025-11-16 18:42:22,521 - WARNING - Exception for chunk chunk-1d39d0f2572c9288e871b1343f75aac3: RetryError[<Future at 0x7a631f49b3a0 state=finished raised NotFoundError>]
2025-11-16 18:42:22,548 - INFO - HTTP Request: POST http://localhost:11434/chat/completions "HTTP/1.1 404 Not Found"
2025-11-16 18:42:22,551 - INFO - HTTP Request: POST http://localhost:11434/chat/completions "HTTP/1.1 404 Not Found"
2025-11-16 18:42:22,552 - WARNING - Exception for chunk chunk-1a21c90970dd642953145fdb1982caad: RetryError[<Future at 0x7a631f49b160 state=finished raised NotFoundError>]
2025-11-16 18:42:22,564 - INFO - HTTP Request: POST http://localhost:11434/chat/completions "HTTP/1.1 404 Not Found"
2025-11-16 18:42:22,565 - INFO - HTTP Request: POST http://localhost:11434/chat/completions "HTTP/1.1 404 Not Found"
2025-11-16 18:42:22,566 - WARNING - Exception for chunk chunk-db685402ef690abf50da144b25a61aa2: RetryError[<Future at 0x7a631f47f4f0 state=finished raised NotFoundError>]
2025-11-16 18:42:22,573 - INFO - HTTP Request: POST http://localhost:11434/chat/completions "HTTP/1.1 404 Not Found"
2025-11-16 18:42:22,669 - INFO - HTTP Request: POST http://localhost:11434/chat/completions "HTTP/1.1 404 Not Found"
2025-11-16 18:42:22,671 - WARNING - Exception for chunk chunk-7f73bfae9648cc6b9624ff520d3c9e0f: RetryError[<Future at 0x7a631f4afa90 state=finished raised NotFoundError>]
2025-11-16 18:42:22,685 - INFO - HTTP Request: POST http://localhost:11434/chat/completions "HTTP/1.1 404 Not Found"
2025-11-16 18:42:22,696 - INFO - HTTP Request: POST http://localhost:11434/chat/completions "HTTP/1.1 404 Not Found"
2025-11-16 18:42:22,697 - WARNING - Exception for chunk chunk-fee0d9ad2be4d6f3f7aca07ce0fa7023: RetryError[<Future at 0x7a631f47f430 state=finished raised NotFoundError>]
2025-11-16 18:42:22,703 - INFO - HTTP Request: POST http://localhost:11434/chat/completions "HTTP/1.1 404 Not Found"
2025-11-16 18:42:22,720 - INFO - HTTP Request: POST http://localhost:11434/chat/completions "HTTP/1.1 404 Not Found"
2025-11-16 18:42:22,721 - WARNING - Exception for chunk chunk-3baccc2e41db2d64a1de36a0339092f6: RetryError[<Future at 0x7a631f4ac7c0 state=finished raised NotFoundError>]
2025-11-16 18:42:22,725 - INFO - HTTP Request: POST http://localhost:11434/chat/completions "HTTP/1.1 404 Not Found"
2025-11-16 18:42:22,735 - INFO - HTTP Request: POST http://localhost:11434/chat/completions "HTTP/1.1 404 Not Found"
2025-11-16 18:42:22,736 - WARNING - Exception for chunk chunk-99a09ce716c9151f9c3d44efb4941b8f: RetryError[<Future at 0x7a631f7793f0 state=finished raised NotFoundError>]
2025-11-16 18:42:22,740 - INFO - HTTP Request: POST http://localhost:11434/chat/completions "HTTP/1.1 404 Not Found"
2025-11-16 18:42:22,789 - INFO - HTTP Request: POST http://localhost:11434/chat/completions "HTTP/1.1 404 Not Found"
2025-11-16 18:42:22,791 - WARNING - Exception for chunk chunk-2407ac3a7b5369f5f63be6c8076d8c12: RetryError[<Future at 0x7a631f61d630 state=finished raised NotFoundError>]
2025-11-16 18:42:22,804 - INFO - HTTP Request: POST http://localhost:11434/chat/completions "HTTP/1.1 404 Not Found"
2025-11-16 18:42:22,860 - INFO - HTTP Request: POST http://localhost:11434/chat/completions "HTTP/1.1 404 Not Found"
2025-11-16 18:42:22,861 - WARNING - Exception for chunk chunk-4b198c9100ab6b88e9266766bcd5c297: RetryError[<Future at 0x7a631f547250 state=finished raised NotFoundError>]
2025-11-16 18:42:22,869 - INFO - HTTP Request: POST http://localhost:11434/chat/completions "HTTP/1.1 404 Not Found"
2025-11-16 18:42:22,927 - INFO - HTTP Request: POST http://localhost:11434/chat/completions "HTTP/1.1 404 Not Found"
2025-11-16 18:42:22,928 - WARNING - Exception for chunk chunk-4905682d59413725fc0055704d779847: RetryError[<Future at 0x7a631f49bac0 state=finished raised NotFoundError>]
2025-11-16 18:42:22,942 - INFO - HTTP Request: POST http://localhost:11434/chat/completions "HTTP/1.1 404 Not Found"
2025-11-16 18:42:22,957 - INFO - HTTP Request: POST http://localhost:11434/chat/completions "HTTP/1.1 404 Not Found"
2025-11-16 18:42:22,959 - WARNING - Exception for chunk chunk-a44f564090b0f3ede5e4292759dc1db9: RetryError[<Future at 0x7a631f6137f0 state=finished raised NotFoundError>]
2025-11-16 18:42:22,966 - INFO - HTTP Request: POST http://localhost:11434/chat/completions "HTTP/1.1 404 Not Found"
2025-11-16 18:42:23,067 - INFO - HTTP Request: POST http://localhost:11434/chat/completions "HTTP/1.1 404 Not Found"
2025-11-16 18:42:23,069 - WARNING - Exception for chunk chunk-2964cf55f7d06820e438dceb3309750d: RetryError[<Future at 0x7a631f6edb70 state=finished raised NotFoundError>]
2025-11-16 18:42:23,080 - INFO - HTTP Request: POST http://localhost:11434/chat/completions "HTTP/1.1 404 Not Found"
2025-11-16 18:42:23,122 - INFO - HTTP Request: POST http://localhost:11434/chat/completions "HTTP/1.1 404 Not Found"
2025-11-16 18:42:23,123 - WARNING - Exception for chunk chunk-ffb7a35562878b7e5f7cb9d3a723391e: RetryError[<Future at 0x7a631f6de290 state=finished raised NotFoundError>]
2025-11-16 18:42:23,127 - INFO - HTTP Request: POST http://localhost:11434/chat/completions "HTTP/1.1 404 Not Found"
2025-11-16 18:42:23,155 - INFO - HTTP Request: POST http://localhost:11434/chat/completions "HTTP/1.1 404 Not Found"
2025-11-16 18:42:23,155 - WARNING - Exception for chunk chunk-91a011c04d74c4ca92f76c64ecc537ca: RetryError[<Future at 0x7a631f49b460 state=finished raised NotFoundError>]
2025-11-16 18:42:23,160 - INFO - HTTP Request: POST http://localhost:11434/chat/completions "HTTP/1.1 404 Not Found"
2025-11-16 18:42:23,167 - INFO - HTTP Request: POST http://localhost:11434/chat/completions "HTTP/1.1 404 Not Found"
2025-11-16 18:42:23,168 - WARNING - Exception for chunk chunk-aea9b919c8d88f7bbd0cf700c1515c64: RetryError[<Future at 0x7a631f47c5b0 state=finished raised NotFoundError>]
2025-11-16 18:42:23,173 - INFO - HTTP Request: POST http://localhost:11434/chat/completions "HTTP/1.1 404 Not Found"
2025-11-16 18:42:23,189 - INFO - HTTP Request: POST http://localhost:11434/chat/completions "HTTP/1.1 404 Not Found"
2025-11-16 18:42:23,190 - WARNING - Exception for chunk chunk-030fe4818e1bfc1df94f446d082b7ae8: RetryError[<Future at 0x7a631f465e10 state=finished raised NotFoundError>]
2025-11-16 18:42:23,196 - INFO - HTTP Request: POST http://localhost:11434/chat/completions "HTTP/1.1 404 Not Found"
2025-11-16 18:42:23,554 - INFO - HTTP Request: POST http://localhost:11434/chat/completions "HTTP/1.1 404 Not Found"
2025-11-16 18:42:23,555 - WARNING - Exception for chunk chunk-1c6aee904fba84a8c305c722b9153a91: RetryError[<Future at 0x7a631f467670 state=finished raised NotFoundError>]
2025-11-16 18:42:23,561 - INFO - HTTP Request: POST http://localhost:11434/chat/completions "HTTP/1.1 404 Not Found"
2025-11-16 18:42:23,584 - INFO - HTTP Request: POST http://localhost:11434/chat/completions "HTTP/1.1 404 Not Found"
2025-11-16 18:42:23,587 - WARNING - Exception for chunk chunk-11c587e7a9b4ac5d51af572560322239: RetryError[<Future at 0x7a631f47faf0 state=finished raised NotFoundError>]
2025-11-16 18:42:23,598 - INFO - HTTP Request: POST http://localhost:11434/chat/completions "HTTP/1.1 404 Not Found"
2025-11-16 18:42:23,598 - INFO - HTTP Request: POST http://localhost:11434/chat/completions "HTTP/1.1 404 Not Found"
2025-11-16 18:42:23,600 - WARNING - Exception for chunk chunk-684a78a8272ea8f3699bcf873b511f1b: RetryError[<Future at 0x7a631f425510 state=finished raised NotFoundError>]
2025-11-16 18:42:23,606 - INFO - HTTP Request: POST http://localhost:11434/chat/completions "HTTP/1.1 404 Not Found"
2025-11-16 18:42:23,690 - INFO - HTTP Request: POST http://localhost:11434/chat/completions "HTTP/1.1 404 Not Found"
2025-11-16 18:42:23,691 - WARNING - Exception for chunk chunk-134e80d4b808ca824957a6b719e7623f: RetryError[<Future at 0x7a631f5535e0 state=finished raised NotFoundError>]
2025-11-16 18:42:23,698 - INFO - HTTP Request: POST http://localhost:11434/chat/completions "HTTP/1.1 404 Not Found"
2025-11-16 18:42:23,707 - INFO - HTTP Request: POST http://localhost:11434/chat/completions "HTTP/1.1 404 Not Found"
2025-11-16 18:42:23,708 - WARNING - Exception for chunk chunk-abe78ad0e9e5e325389a3bb3b3760468: RetryError[<Future at 0x7a631f499d50 state=finished raised NotFoundError>]
2025-11-16 18:42:23,712 - INFO - HTTP Request: POST http://localhost:11434/chat/completions "HTTP/1.1 404 Not Found"
2025-11-16 18:42:23,730 - INFO - HTTP Request: POST http://localhost:11434/chat/completions "HTTP/1.1 404 Not Found"
2025-11-16 18:42:23,730 - WARNING - Exception for chunk chunk-0de30547e5319fa341d4b8ee3cf4be0a: RetryError[<Future at 0x7a631f44baf0 state=finished raised NotFoundError>]
2025-11-16 18:42:23,735 - INFO - HTTP Request: POST http://localhost:11434/chat/completions "HTTP/1.1 404 Not Found"
2025-11-16 18:42:23,744 - INFO - HTTP Request: POST http://localhost:11434/chat/completions "HTTP/1.1 404 Not Found"
2025-11-16 18:42:23,745 - WARNING - Exception for chunk chunk-ee8e72da2b31f3d5611bf181b74ba27d: RetryError[<Future at 0x7a631f5e2680 state=finished raised NotFoundError>]
2025-11-16 18:42:23,750 - INFO - HTTP Request: POST http://localhost:11434/chat/completions "HTTP/1.1 404 Not Found"
2025-11-16 18:42:23,809 - INFO - HTTP Request: POST http://localhost:11434/chat/completions "HTTP/1.1 404 Not Found"
2025-11-16 18:42:23,810 - WARNING - Exception for chunk chunk-1c785e18f544c99b648a1394ac3173db: RetryError[<Future at 0x7a631f3fcfa0 state=finished raised NotFoundError>]
2025-11-16 18:42:23,814 - INFO - HTTP Request: POST http://localhost:11434/chat/completions "HTTP/1.1 404 Not Found"
2025-11-16 18:42:23,875 - INFO - HTTP Request: POST http://localhost:11434/chat/completions "HTTP/1.1 404 Not Found"
2025-11-16 18:42:23,876 - WARNING - Exception for chunk chunk-9da6d9b058cc146092a2169232fed746: RetryError[<Future at 0x7a631f47c4f0 state=finished raised NotFoundError>]
2025-11-16 18:42:23,885 - INFO - HTTP Request: POST http://localhost:11434/chat/completions "HTTP/1.1 404 Not Found"
2025-11-16 18:42:23,948 - INFO - HTTP Request: POST http://localhost:11434/chat/completions "HTTP/1.1 404 Not Found"
2025-11-16 18:42:23,950 - WARNING - Exception for chunk chunk-92e19752d21cddb6ce8fb75466653b25: RetryError[<Future at 0x7a631f4c4280 state=finished raised NotFoundError>]
2025-11-16 18:42:23,957 - INFO - HTTP Request: POST http://localhost:11434/chat/completions "HTTP/1.1 404 Not Found"
2025-11-16 18:42:23,971 - INFO - HTTP Request: POST http://localhost:11434/chat/completions "HTTP/1.1 404 Not Found"
2025-11-16 18:42:23,972 - WARNING - Exception for chunk chunk-cb219686a29723ec2fa9f1c609db733c: RetryError[<Future at 0x7a631f47d900 state=finished raised NotFoundError>]
2025-11-16 18:42:23,977 - INFO - HTTP Request: POST http://localhost:11434/chat/completions "HTTP/1.1 404 Not Found"
2025-11-16 18:42:24,085 - INFO - HTTP Request: POST http://localhost:11434/chat/completions "HTTP/1.1 404 Not Found"
2025-11-16 18:42:24,086 - WARNING - Exception for chunk chunk-b681c2bae62a1dcfddea48178cb06ef2: RetryError[<Future at 0x7a631f5cb2b0 state=finished raised NotFoundError>]
2025-11-16 18:42:24,092 - INFO - HTTP Request: POST http://localhost:11434/chat/completions "HTTP/1.1 404 Not Found"
2025-11-16 18:42:24,131 - INFO - HTTP Request: POST http://localhost:11434/chat/completions "HTTP/1.1 404 Not Found"
2025-11-16 18:42:24,132 - WARNING - Exception for chunk chunk-187bca8fb4e40979e4c59ec6b1d52a56: RetryError[<Future at 0x7a631f551e40 state=finished raised NotFoundError>]
2025-11-16 18:42:24,136 - INFO - HTTP Request: POST http://localhost:11434/chat/completions "HTTP/1.1 404 Not Found"
2025-11-16 18:42:24,164 - INFO - HTTP Request: POST http://localhost:11434/chat/completions "HTTP/1.1 404 Not Found"
2025-11-16 18:42:24,165 - WARNING - Exception for chunk chunk-80bc3089ef9950774ea051ca5904f4d8: RetryError[<Future at 0x7a631f4c4af0 state=finished raised NotFoundError>]
2025-11-16 18:42:24,169 - INFO - HTTP Request: POST http://localhost:11434/chat/completions "HTTP/1.1 404 Not Found"
2025-11-16 18:42:24,177 - INFO - HTTP Request: POST http://localhost:11434/chat/completions "HTTP/1.1 404 Not Found"
2025-11-16 18:42:24,178 - WARNING - Exception for chunk chunk-255080258acf5061833962817f1bc6a1: RetryError[<Future at 0x7a631f4dce80 state=finished raised NotFoundError>]
2025-11-16 18:42:24,182 - INFO - HTTP Request: POST http://localhost:11434/chat/completions "HTTP/1.1 404 Not Found"
2025-11-16 18:42:24,201 - INFO - HTTP Request: POST http://localhost:11434/chat/completions "HTTP/1.1 404 Not Found"
2025-11-16 18:42:24,202 - WARNING - Exception for chunk chunk-0da18a481af97769f22249ba68d064c4: RetryError[<Future at 0x7a631f4dfaf0 state=finished raised NotFoundError>]
2025-11-16 18:42:24,206 - INFO - HTTP Request: POST http://localhost:11434/chat/completions "HTTP/1.1 404 Not Found"
2025-11-16 18:42:24,568 - INFO - HTTP Request: POST http://localhost:11434/chat/completions "HTTP/1.1 404 Not Found"
2025-11-16 18:42:24,573 - WARNING - Exception for chunk chunk-342df4458d12995081117802ce783daa: RetryError[<Future at 0x7a631f30b370 state=finished raised NotFoundError>]
2025-11-16 18:42:24,579 - INFO - HTTP Request: POST http://localhost:11434/chat/completions "HTTP/1.1 404 Not Found"
2025-11-16 18:42:24,604 - INFO - HTTP Request: POST http://localhost:11434/chat/completions "HTTP/1.1 404 Not Found"
2025-11-16 18:42:24,605 - WARNING - Exception for chunk chunk-f4c5696ef3ba958dbc2c3eb683b83d9f: RetryError[<Future at 0x7a631f325240 state=finished raised NotFoundError>]
2025-11-16 18:42:24,613 - INFO - HTTP Request: POST http://localhost:11434/chat/completions "HTTP/1.1 404 Not Found"
2025-11-16 18:42:24,617 - WARNING - Exception for chunk chunk-7a2fbfc080d6361c5d2dfab7a9498b0a: RetryError[<Future at 0x7a631f30aad0 state=finished raised NotFoundError>]
2025-11-16 18:42:24,623 - INFO - HTTP Request: POST http://localhost:11434/chat/completions "HTTP/1.1 404 Not Found"
2025-11-16 18:42:24,630 - INFO - HTTP Request: POST http://localhost:11434/chat/completions "HTTP/1.1 404 Not Found"
2025-11-16 18:42:24,703 - INFO - HTTP Request: POST http://localhost:11434/chat/completions "HTTP/1.1 404 Not Found"
2025-11-16 18:42:24,704 - WARNING - Exception for chunk chunk-c7c5a0d8d3a786916f51511d23343e81: RetryError[<Future at 0x7a631f326cb0 state=finished raised NotFoundError>]
2025-11-16 18:42:24,711 - INFO - HTTP Request: POST http://localhost:11434/chat/completions "HTTP/1.1 404 Not Found"
2025-11-16 18:42:24,719 - INFO - HTTP Request: POST http://localhost:11434/chat/completions "HTTP/1.1 404 Not Found"
2025-11-16 18:42:24,719 - WARNING - Exception for chunk chunk-fd02cd00d5c9de1aa62bf6bcd10f799c: RetryError[<Future at 0x7a631f4dc6a0 state=finished raised NotFoundError>]
2025-11-16 18:42:24,725 - INFO - HTTP Request: POST http://localhost:11434/chat/completions "HTTP/1.1 404 Not Found"
2025-11-16 18:42:24,740 - INFO - HTTP Request: POST http://localhost:11434/chat/completions "HTTP/1.1 404 Not Found"
2025-11-16 18:42:24,741 - WARNING - Exception for chunk chunk-dfd3c0c3f0178d2ba6e8e424c3e846c2: RetryError[<Future at 0x7a631f3266e0 state=finished raised NotFoundError>]
2025-11-16 18:42:24,747 - INFO - HTTP Request: POST http://localhost:11434/chat/completions "HTTP/1.1 404 Not Found"
2025-11-16 18:42:24,754 - INFO - HTTP Request: POST http://localhost:11434/chat/completions "HTTP/1.1 404 Not Found"
2025-11-16 18:42:24,755 - WARNING - Exception for chunk chunk-a727754b2c837ef3b4a6b57dd76881f5: RetryError[<Future at 0x7a631f33b3a0 state=finished raised NotFoundError>]
2025-11-16 18:42:24,759 - INFO - HTTP Request: POST http://localhost:11434/chat/completions "HTTP/1.1 404 Not Found"
2025-11-16 18:42:24,818 - INFO - HTTP Request: POST http://localhost:11434/chat/completions "HTTP/1.1 404 Not Found"
2025-11-16 18:42:24,819 - WARNING - Exception for chunk chunk-e5cc15f6b81cf2f31b76ca5f6f3fbebe: RetryError[<Future at 0x7a631f3390c0 state=finished raised NotFoundError>]
2025-11-16 18:42:24,825 - INFO - HTTP Request: POST http://localhost:11434/chat/completions "HTTP/1.1 404 Not Found"
2025-11-16 18:42:24,889 - INFO - HTTP Request: POST http://localhost:11434/chat/completions "HTTP/1.1 404 Not Found"
2025-11-16 18:42:24,890 - WARNING - Exception for chunk chunk-8bddf5cdda1786e5595f57ae0a5e51aa: RetryError[<Future at 0x7a631f349810 state=finished raised NotFoundError>]
2025-11-16 18:42:24,900 - INFO - HTTP Request: POST http://localhost:11434/chat/completions "HTTP/1.1 404 Not Found"
2025-11-16 18:42:24,962 - INFO - HTTP Request: POST http://localhost:11434/chat/completions "HTTP/1.1 404 Not Found"
2025-11-16 18:42:24,962 - WARNING - Exception for chunk chunk-7091cdf478a20b730e2fe7ae17420723: RetryError[<Future at 0x7a63403c00a0 state=finished raised NotFoundError>]
2025-11-16 18:42:24,967 - INFO - HTTP Request: POST http://localhost:11434/chat/completions "HTTP/1.1 404 Not Found"
2025-11-16 18:42:24,982 - INFO - HTTP Request: POST http://localhost:11434/chat/completions "HTTP/1.1 404 Not Found"
2025-11-16 18:42:24,982 - WARNING - Exception for chunk chunk-50e3db211808c2ac635b80d65067eaa5: RetryError[<Future at 0x7a631f33b940 state=finished raised NotFoundError>]
2025-11-16 18:42:24,989 - INFO - HTTP Request: POST http://localhost:11434/chat/completions "HTTP/1.1 404 Not Found"
2025-11-16 18:42:25,096 - INFO - HTTP Request: POST http://localhost:11434/chat/completions "HTTP/1.1 404 Not Found"
2025-11-16 18:42:25,097 - WARNING - Exception for chunk chunk-ef1def651786ea52fbb4c477c1293cd4: RetryError[<Future at 0x7a631f33a380 state=finished raised NotFoundError>]
2025-11-16 18:42:25,102 - INFO - HTTP Request: POST http://localhost:11434/chat/completions "HTTP/1.1 404 Not Found"
2025-11-16 18:42:25,140 - INFO - HTTP Request: POST http://localhost:11434/chat/completions "HTTP/1.1 404 Not Found"
2025-11-16 18:42:25,141 - WARNING - Exception for chunk chunk-163422b3710e0c4e23a650276af51f53: RetryError[<Future at 0x7a63403c01f0 state=finished raised NotFoundError>]
2025-11-16 18:42:25,146 - INFO - HTTP Request: POST http://localhost:11434/chat/completions "HTTP/1.1 404 Not Found"
2025-11-16 18:42:25,173 - INFO - HTTP Request: POST http://localhost:11434/chat/completions "HTTP/1.1 404 Not Found"
2025-11-16 18:42:25,173 - WARNING - Exception for chunk chunk-1a7c938d547e1c5abe49521000d21b6c: RetryError[<Future at 0x7a631f33bbe0 state=finished raised NotFoundError>]
2025-11-16 18:42:25,177 - INFO - HTTP Request: POST http://localhost:11434/chat/completions "HTTP/1.1 404 Not Found"
2025-11-16 18:42:25,187 - INFO - HTTP Request: POST http://localhost:11434/chat/completions "HTTP/1.1 404 Not Found"
2025-11-16 18:42:25,188 - WARNING - Exception for chunk chunk-161fe922d612f6474ee1740d59352e3e: RetryError[<Future at 0x7a631f3267a0 state=finished raised NotFoundError>]
2025-11-16 18:42:25,195 - INFO - HTTP Request: POST http://localhost:11434/chat/completions "HTTP/1.1 404 Not Found"
2025-11-16 18:42:25,210 - INFO - HTTP Request: POST http://localhost:11434/chat/completions "HTTP/1.1 404 Not Found"
2025-11-16 18:42:25,211 - WARNING - Exception for chunk chunk-59db9655ce966cdc84042971b88977c5: RetryError[<Future at 0x7a631f3086a0 state=finished raised NotFoundError>]
2025-11-16 18:42:25,215 - INFO - HTTP Request: POST http://localhost:11434/chat/completions "HTTP/1.1 404 Not Found"
2025-11-16 18:42:25,585 - INFO - HTTP Request: POST http://localhost:11434/chat/completions "HTTP/1.1 404 Not Found"
2025-11-16 18:42:25,586 - WARNING - Exception for chunk chunk-f1bf751878d8401e892dbc17a79eaa9b: RetryError[<Future at 0x7a631f325ab0 state=finished raised NotFoundError>]
2025-11-16 18:42:25,592 - INFO - HTTP Request: POST http://localhost:11434/chat/completions "HTTP/1.1 404 Not Found"
2025-11-16 18:42:25,628 - INFO - HTTP Request: POST http://localhost:11434/chat/completions "HTTP/1.1 404 Not Found"
2025-11-16 18:42:25,629 - WARNING - Exception for chunk chunk-15cddfa3feb65521c3902461823e9029: RetryError[<Future at 0x7a631f3397e0 state=finished raised NotFoundError>]
2025-11-16 18:42:25,638 - INFO - HTTP Request: POST http://localhost:11434/chat/completions "HTTP/1.1 404 Not Found"
2025-11-16 18:42:25,639 - WARNING - Exception for chunk chunk-7772172f5d9c0480564be23fa3b9f9b7: RetryError[<Future at 0x7a631f4dd540 state=finished raised NotFoundError>]
2025-11-16 18:42:25,639 - INFO - HTTP Request: POST http://localhost:11434/chat/completions "HTTP/1.1 404 Not Found"
2025-11-16 18:42:25,647 - INFO - HTTP Request: POST http://localhost:11434/chat/completions "HTTP/1.1 404 Not Found"
2025-11-16 18:42:25,716 - INFO - HTTP Request: POST http://localhost:11434/chat/completions "HTTP/1.1 404 Not Found"
2025-11-16 18:42:25,716 - WARNING - Exception for chunk chunk-58ca9952995b22c5ca87fb52b3512008: RetryError[<Future at 0x7a63403938e0 state=finished raised NotFoundError>]
2025-11-16 18:42:25,721 - INFO - HTTP Request: POST http://localhost:11434/chat/completions "HTTP/1.1 404 Not Found"
2025-11-16 18:42:25,731 - INFO - HTTP Request: POST http://localhost:11434/chat/completions "HTTP/1.1 404 Not Found"
2025-11-16 18:42:25,732 - WARNING - Exception for chunk chunk-9e185b9d6fbd0b48f493437ea2fa4466: RetryError[<Future at 0x7a631f4df7f0 state=finished raised NotFoundError>]
2025-11-16 18:42:25,736 - INFO - HTTP Request: POST http://localhost:11434/chat/completions "HTTP/1.1 404 Not Found"
2025-11-16 18:42:25,751 - INFO - HTTP Request: POST http://localhost:11434/chat/completions "HTTP/1.1 404 Not Found"
2025-11-16 18:42:25,751 - WARNING - Exception for chunk chunk-82baa3b34fe5f88fec9617d5da5ae2eb: RetryError[<Future at 0x7a631f4c6050 state=finished raised NotFoundError>]
2025-11-16 18:42:25,756 - INFO - HTTP Request: POST http://localhost:11434/chat/completions "HTTP/1.1 404 Not Found"
2025-11-16 18:42:25,763 - INFO - HTTP Request: POST http://localhost:11434/chat/completions "HTTP/1.1 404 Not Found"
2025-11-16 18:42:25,763 - WARNING - Exception for chunk chunk-e8723d61eb02b90972f3726a0102665c: RetryError[<Future at 0x7a6340393730 state=finished raised NotFoundError>]
2025-11-16 18:42:25,768 - INFO - HTTP Request: POST http://localhost:11434/chat/completions "HTTP/1.1 404 Not Found"
2025-11-16 18:42:25,831 - INFO - HTTP Request: POST http://localhost:11434/chat/completions "HTTP/1.1 404 Not Found"
2025-11-16 18:42:25,831 - WARNING - Exception for chunk chunk-bf5ea574e63632be7c78f0c5d6355037: RetryError[<Future at 0x7a631f30b160 state=finished raised NotFoundError>]
2025-11-16 18:42:25,836 - INFO - HTTP Request: POST http://localhost:11434/chat/completions "HTTP/1.1 404 Not Found"
2025-11-16 18:42:25,904 - INFO - HTTP Request: POST http://localhost:11434/chat/completions "HTTP/1.1 404 Not Found"
2025-11-16 18:42:25,904 - WARNING - Exception for chunk chunk-fa68ca2cae27f7047dd8e1a48c4a2e34: RetryError[<Future at 0x7a631f4af820 state=finished raised NotFoundError>]
2025-11-16 18:42:25,909 - INFO - HTTP Request: POST http://localhost:11434/chat/completions "HTTP/1.1 404 Not Found"
2025-11-16 18:42:25,971 - INFO - HTTP Request: POST http://localhost:11434/chat/completions "HTTP/1.1 404 Not Found"
2025-11-16 18:42:25,971 - WARNING - Exception for chunk chunk-36644d3635d8c3f44567d99759969559: RetryError[<Future at 0x7a631f434460 state=finished raised NotFoundError>]
2025-11-16 18:42:25,975 - INFO - HTTP Request: POST http://localhost:11434/chat/completions "HTTP/1.1 404 Not Found"
2025-11-16 18:42:25,994 - INFO - HTTP Request: POST http://localhost:11434/chat/completions "HTTP/1.1 404 Not Found"
2025-11-16 18:42:25,995 - WARNING - Exception for chunk chunk-75faf77780e887c6b0f2b4a06e4be93f: RetryError[<Future at 0x7a631f498f10 state=finished raised NotFoundError>]
2025-11-16 18:42:26,002 - INFO - HTTP Request: POST http://localhost:11434/chat/completions "HTTP/1.1 404 Not Found"
2025-11-16 18:42:26,108 - INFO - HTTP Request: POST http://localhost:11434/chat/completions "HTTP/1.1 404 Not Found"
2025-11-16 18:42:26,109 - WARNING - Exception for chunk chunk-48e70d8f7b24bf5f1383423c767bab4b: RetryError[<Future at 0x7a631f349720 state=finished raised NotFoundError>]
2025-11-16 18:42:26,119 - INFO - HTTP Request: POST http://localhost:11434/chat/completions "HTTP/1.1 404 Not Found"
2025-11-16 18:42:26,150 - INFO - HTTP Request: POST http://localhost:11434/chat/completions "HTTP/1.1 404 Not Found"
2025-11-16 18:42:26,151 - WARNING - Exception for chunk chunk-17c3bf94d4c75a3f65ef79e82b65d1a2: RetryError[<Future at 0x7a631f4c5ff0 state=finished raised NotFoundError>]
2025-11-16 18:42:26,155 - INFO - HTTP Request: POST http://localhost:11434/chat/completions "HTTP/1.1 404 Not Found"
2025-11-16 18:42:26,181 - INFO - HTTP Request: POST http://localhost:11434/chat/completions "HTTP/1.1 404 Not Found"
2025-11-16 18:42:26,182 - WARNING - Exception for chunk chunk-38725f5debb7031683d81116683c508e: RetryError[<Future at 0x7a6340357310 state=finished raised NotFoundError>]
2025-11-16 18:42:26,187 - INFO - HTTP Request: POST http://localhost:11434/chat/completions "HTTP/1.1 404 Not Found"
2025-11-16 18:42:26,199 - INFO - HTTP Request: POST http://localhost:11434/chat/completions "HTTP/1.1 404 Not Found"
2025-11-16 18:42:26,200 - WARNING - Exception for chunk chunk-8364be482686f9e222fd6a96c6d4227c: RetryError[<Future at 0x7a631f362140 state=finished raised NotFoundError>]
2025-11-16 18:42:26,205 - INFO - HTTP Request: POST http://localhost:11434/chat/completions "HTTP/1.1 404 Not Found"
2025-11-16 18:42:26,219 - INFO - HTTP Request: POST http://localhost:11434/chat/completions "HTTP/1.1 404 Not Found"
2025-11-16 18:42:26,220 - WARNING - Exception for chunk chunk-2fa6c330e759bec6e9a5e49bfbdf7912: RetryError[<Future at 0x7a631f34bdc0 state=finished raised NotFoundError>]
2025-11-16 18:42:26,224 - INFO - HTTP Request: POST http://localhost:11434/chat/completions "HTTP/1.1 404 Not Found"
2025-11-16 18:42:26,599 - INFO - HTTP Request: POST http://localhost:11434/chat/completions "HTTP/1.1 404 Not Found"
2025-11-16 18:42:26,600 - WARNING - Exception for chunk chunk-5035c908b1fad8c6d39ca46e853fb9ad: RetryError[<Future at 0x7a631f363a30 state=finished raised NotFoundError>]
2025-11-16 18:42:26,607 - INFO - HTTP Request: POST http://localhost:11434/chat/completions "HTTP/1.1 404 Not Found"
2025-11-16 18:42:26,645 - INFO - HTTP Request: POST http://localhost:11434/chat/completions "HTTP/1.1 404 Not Found"
2025-11-16 18:42:26,646 - WARNING - Exception for chunk chunk-5d9469b10d821503843b6437748eb1a6: RetryError[<Future at 0x7a631f360310 state=finished raised NotFoundError>]
2025-11-16 18:42:26,652 - INFO - HTTP Request: POST http://localhost:11434/chat/completions "HTTP/1.1 404 Not Found"
2025-11-16 18:42:26,652 - INFO - HTTP Request: POST http://localhost:11434/chat/completions "HTTP/1.1 404 Not Found"
2025-11-16 18:42:26,653 - WARNING - Exception for chunk chunk-f22ec4f42a03eb69096d9533786cc89c: RetryError[<Future at 0x7a631f34a0e0 state=finished raised NotFoundError>]
2025-11-16 18:42:26,658 - INFO - HTTP Request: POST http://localhost:11434/chat/completions "HTTP/1.1 404 Not Found"
2025-11-16 18:42:26,725 - INFO - HTTP Request: POST http://localhost:11434/chat/completions "HTTP/1.1 404 Not Found"
2025-11-16 18:42:26,725 - WARNING - Exception for chunk chunk-f9ea9a7ef261aabcecb5d0ec5444a6f3: RetryError[<Future at 0x7a631f383220 state=finished raised NotFoundError>]
2025-11-16 18:42:26,730 - INFO - HTTP Request: POST http://localhost:11434/chat/completions "HTTP/1.1 404 Not Found"
2025-11-16 18:42:26,741 - INFO - HTTP Request: POST http://localhost:11434/chat/completions "HTTP/1.1 404 Not Found"
2025-11-16 18:42:26,742 - WARNING - Exception for chunk chunk-079194a99fd172d02202fc68eedcd374: RetryError[<Future at 0x7a631f349ba0 state=finished raised NotFoundError>]
2025-11-16 18:42:26,746 - INFO - HTTP Request: POST http://localhost:11434/chat/completions "HTTP/1.1 404 Not Found"
2025-11-16 18:42:26,760 - INFO - HTTP Request: POST http://localhost:11434/chat/completions "HTTP/1.1 404 Not Found"
2025-11-16 18:42:26,761 - WARNING - Exception for chunk chunk-eaf624033a2a336c0d18511e3ab463b3: RetryError[<Future at 0x7a631f363400 state=finished raised NotFoundError>]
2025-11-16 18:42:26,765 - INFO - HTTP Request: POST http://localhost:11434/chat/completions "HTTP/1.1 404 Not Found"
2025-11-16 18:42:26,772 - INFO - HTTP Request: POST http://localhost:11434/chat/completions "HTTP/1.1 404 Not Found"
2025-11-16 18:42:26,773 - WARNING - Exception for chunk chunk-d4cfe8e5c670d7339742b829a6580f25: RetryError[<Future at 0x7a631f3601c0 state=finished raised NotFoundError>]
2025-11-16 18:42:26,777 - INFO - HTTP Request: POST http://localhost:11434/chat/completions "HTTP/1.1 404 Not Found"
2025-11-16 18:42:26,840 - INFO - HTTP Request: POST http://localhost:11434/chat/completions "HTTP/1.1 404 Not Found"
2025-11-16 18:42:26,840 - WARNING - Exception for chunk chunk-b2922760d1bd42a5be8479a5e2d16791: RetryError[<Future at 0x7a631f3952a0 state=finished raised NotFoundError>]
2025-11-16 18:42:26,845 - INFO - HTTP Request: POST http://localhost:11434/chat/completions "HTTP/1.1 404 Not Found"
2025-11-16 18:42:26,913 - INFO - HTTP Request: POST http://localhost:11434/chat/completions "HTTP/1.1 404 Not Found"
2025-11-16 18:42:26,913 - WARNING - Exception for chunk chunk-8f98026997c1a1372a0a09484791842a: RetryError[<Future at 0x7a631f382980 state=finished raised NotFoundError>]
2025-11-16 18:42:26,918 - INFO - HTTP Request: POST http://localhost:11434/chat/completions "HTTP/1.1 404 Not Found"
2025-11-16 18:42:26,980 - INFO - HTTP Request: POST http://localhost:11434/chat/completions "HTTP/1.1 404 Not Found"
2025-11-16 18:42:26,981 - WARNING - Exception for chunk chunk-f81f5e37f08d02373a9e3f1eaa5da78f: RetryError[<Future at 0x7a631f395210 state=finished raised NotFoundError>]
2025-11-16 18:42:26,987 - INFO - HTTP Request: POST http://localhost:11434/chat/completions "HTTP/1.1 404 Not Found"
2025-11-16 18:42:27,008 - INFO - HTTP Request: POST http://localhost:11434/chat/completions "HTTP/1.1 404 Not Found"
2025-11-16 18:42:27,009 - WARNING - Exception for chunk chunk-ebbc1411130ee4e3ca27c778897839db: RetryError[<Future at 0x7a631f3b7a30 state=finished raised NotFoundError>]
2025-11-16 18:42:27,015 - INFO - HTTP Request: POST http://localhost:11434/chat/completions "HTTP/1.1 404 Not Found"
2025-11-16 18:42:27,123 - INFO - HTTP Request: POST http://localhost:11434/chat/completions "HTTP/1.1 404 Not Found"
2025-11-16 18:42:27,124 - WARNING - Exception for chunk chunk-f3f9aef841c93b0923c4e93dd877cf9f: RetryError[<Future at 0x7a631f3d1ae0 state=finished raised NotFoundError>]
2025-11-16 18:42:27,130 - INFO - HTTP Request: POST http://localhost:11434/chat/completions "HTTP/1.1 404 Not Found"
2025-11-16 18:42:27,160 - INFO - HTTP Request: POST http://localhost:11434/chat/completions "HTTP/1.1 404 Not Found"
2025-11-16 18:42:27,160 - WARNING - Exception for chunk chunk-131ce9d3538dfd285ddc14e871fd022b: RetryError[<Future at 0x7a631f3b75b0 state=finished raised NotFoundError>]
2025-11-16 18:42:27,164 - INFO - HTTP Request: POST http://localhost:11434/chat/completions "HTTP/1.1 404 Not Found"
2025-11-16 18:42:27,195 - INFO - HTTP Request: POST http://localhost:11434/chat/completions "HTTP/1.1 404 Not Found"
2025-11-16 18:42:27,196 - WARNING - Exception for chunk chunk-c42e9084437c86c116dde8854ffdedad: RetryError[<Future at 0x7a631f3b5b70 state=finished raised NotFoundError>]
2025-11-16 18:42:27,206 - INFO - HTTP Request: POST http://localhost:11434/chat/completions "HTTP/1.1 404 Not Found"
2025-11-16 18:42:27,214 - INFO - HTTP Request: POST http://localhost:11434/chat/completions "HTTP/1.1 404 Not Found"
2025-11-16 18:42:27,215 - WARNING - Exception for chunk chunk-6333e8599758b1507bad13a9810c33d1: RetryError[<Future at 0x7a631f395960 state=finished raised NotFoundError>]
2025-11-16 18:42:27,225 - INFO - HTTP Request: POST http://localhost:11434/chat/completions "HTTP/1.1 404 Not Found"
2025-11-16 18:42:27,234 - INFO - HTTP Request: POST http://localhost:11434/chat/completions "HTTP/1.1 404 Not Found"
2025-11-16 18:42:27,235 - WARNING - Exception for chunk chunk-242026d55efa6fb470690dbddb176f3b: RetryError[<Future at 0x7a631f3b70d0 state=finished raised NotFoundError>]
2025-11-16 18:42:27,245 - INFO - HTTP Request: POST http://localhost:11434/chat/completions "HTTP/1.1 404 Not Found"
2025-11-16 18:42:27,611 - INFO - HTTP Request: POST http://localhost:11434/chat/completions "HTTP/1.1 404 Not Found"
2025-11-16 18:42:27,612 - WARNING - Exception for chunk chunk-3e58326f3ad30f429f8077a00cabd942: RetryError[<Future at 0x7a631f397ac0 state=finished raised NotFoundError>]
2025-11-16 18:42:27,616 - INFO - HTTP Request: POST http://localhost:11434/chat/completions "HTTP/1.1 404 Not Found"
2025-11-16 18:42:27,657 - INFO - HTTP Request: POST http://localhost:11434/chat/completions "HTTP/1.1 404 Not Found"
2025-11-16 18:42:27,658 - WARNING - Exception for chunk chunk-6fd50e4daa0bb6a510650b74262426ce: RetryError[<Future at 0x7a631f4ddb10 state=finished raised NotFoundError>]
2025-11-16 18:42:27,663 - INFO - HTTP Request: POST http://localhost:11434/chat/completions "HTTP/1.1 404 Not Found"
2025-11-16 18:42:27,665 - WARNING - Exception for chunk chunk-31ea0452d23954d560c2b0f729e61b7e: RetryError[<Future at 0x7a6340393a30 state=finished raised NotFoundError>]
2025-11-16 18:42:27,670 - INFO - HTTP Request: POST http://localhost:11434/chat/completions "HTTP/1.1 404 Not Found"
2025-11-16 18:42:27,722 - INFO - HTTP Request: POST http://localhost:11434/chat/completions "HTTP/1.1 404 Not Found"
2025-11-16 18:42:27,738 - INFO - HTTP Request: POST http://localhost:11434/chat/completions "HTTP/1.1 404 Not Found"
2025-11-16 18:42:27,739 - WARNING - Exception for chunk chunk-2cd07050c4c94c0755ea50c53f6a04b3: RetryError[<Future at 0x7a631f3b7190 state=finished raised NotFoundError>]
2025-11-16 18:42:27,751 - INFO - HTTP Request: POST http://localhost:11434/chat/completions "HTTP/1.1 404 Not Found"
2025-11-16 18:42:27,753 - INFO - HTTP Request: POST http://localhost:11434/chat/completions "HTTP/1.1 404 Not Found"
2025-11-16 18:42:27,754 - WARNING - Exception for chunk chunk-04797a972b3432f64051bf6cc4a29b28: RetryError[<Future at 0x7a631f3089a0 state=finished raised NotFoundError>]
2025-11-16 18:42:27,759 - INFO - HTTP Request: POST http://localhost:11434/chat/completions "HTTP/1.1 404 Not Found"
2025-11-16 18:42:27,771 - INFO - HTTP Request: POST http://localhost:11434/chat/completions "HTTP/1.1 404 Not Found"
2025-11-16 18:42:27,772 - WARNING - Exception for chunk chunk-c339eb24dfa76ddf12b0b286323ee9b8: RetryError[<Future at 0x7a631f61f100 state=finished raised NotFoundError>]
2025-11-16 18:42:27,778 - INFO - HTTP Request: POST http://localhost:11434/chat/completions "HTTP/1.1 404 Not Found"
2025-11-16 18:42:27,781 - INFO - HTTP Request: POST http://localhost:11434/chat/completions "HTTP/1.1 404 Not Found"
2025-11-16 18:42:27,782 - WARNING - Exception for chunk chunk-7dbf9dce312b63e3a1abdb656aef84e8: RetryError[<Future at 0x7a631f3b5ab0 state=finished raised NotFoundError>]
2025-11-16 18:42:27,787 - INFO - HTTP Request: POST http://localhost:11434/chat/completions "HTTP/1.1 404 Not Found"
2025-11-16 18:42:27,849 - INFO - HTTP Request: POST http://localhost:11434/chat/completions "HTTP/1.1 404 Not Found"
2025-11-16 18:42:27,850 - WARNING - Exception for chunk chunk-b9bbe1b3576188428470b6e18709e75d: RetryError[<Future at 0x7a631f3609d0 state=finished raised NotFoundError>]
2025-11-16 18:42:27,856 - INFO - HTTP Request: POST http://localhost:11434/chat/completions "HTTP/1.1 404 Not Found"
2025-11-16 18:42:27,923 - INFO - HTTP Request: POST http://localhost:11434/chat/completions "HTTP/1.1 404 Not Found"
2025-11-16 18:42:27,923 - WARNING - Exception for chunk chunk-41e5541b34b1ff98bd0bb07f7e29a34b: RetryError[<Future at 0x7a631f4c5b70 state=finished raised NotFoundError>]
2025-11-16 18:42:27,927 - INFO - HTTP Request: POST http://localhost:11434/chat/completions "HTTP/1.1 404 Not Found"
2025-11-16 18:42:27,994 - INFO - HTTP Request: POST http://localhost:11434/chat/completions "HTTP/1.1 404 Not Found"
2025-11-16 18:42:27,995 - WARNING - Exception for chunk chunk-9ef88c567fc5b9169ea7e27e62cb5a0b: RetryError[<Future at 0x7a631f394460 state=finished raised NotFoundError>]
2025-11-16 18:42:28,004 - INFO - HTTP Request: POST http://localhost:11434/chat/completions "HTTP/1.1 404 Not Found"
2025-11-16 18:42:28,019 - INFO - HTTP Request: POST http://localhost:11434/chat/completions "HTTP/1.1 404 Not Found"
2025-11-16 18:42:28,020 - WARNING - Exception for chunk chunk-b08be29b49dc581a343d354729b5140c: RetryError[<Future at 0x7a631f348550 state=finished raised NotFoundError>]
2025-11-16 18:42:28,023 - INFO - HTTP Request: POST http://localhost:11434/chat/completions "HTTP/1.1 404 Not Found"
2025-11-16 18:42:28,135 - INFO - HTTP Request: POST http://localhost:11434/chat/completions "HTTP/1.1 404 Not Found"
2025-11-16 18:42:28,136 - WARNING - Exception for chunk chunk-bbd4c620c76d928de920b653873ca570: RetryError[<Future at 0x7a631f5cb400 state=finished raised NotFoundError>]
2025-11-16 18:42:28,141 - INFO - HTTP Request: POST http://localhost:11434/chat/completions "HTTP/1.1 404 Not Found"
2025-11-16 18:42:28,168 - INFO - HTTP Request: POST http://localhost:11434/chat/completions "HTTP/1.1 404 Not Found"
2025-11-16 18:42:28,169 - WARNING - Exception for chunk chunk-297493237e26f3adf8e86520952f9235: RetryError[<Future at 0x7a631f34bbe0 state=finished raised NotFoundError>]
2025-11-16 18:42:28,173 - INFO - HTTP Request: POST http://localhost:11434/chat/completions "HTTP/1.1 404 Not Found"
2025-11-16 18:42:28,215 - INFO - HTTP Request: POST http://localhost:11434/chat/completions "HTTP/1.1 404 Not Found"
2025-11-16 18:42:28,216 - WARNING - Exception for chunk chunk-a86911552d9140a22adde577e4c84e56: RetryError[<Future at 0x7a631f33bfd0 state=finished raised NotFoundError>]
2025-11-16 18:42:28,220 - INFO - HTTP Request: POST http://localhost:11434/chat/completions "HTTP/1.1 404 Not Found"
2025-11-16 18:42:28,236 - INFO - HTTP Request: POST http://localhost:11434/chat/completions "HTTP/1.1 404 Not Found"
2025-11-16 18:42:28,237 - WARNING - Exception for chunk chunk-df9a606f3c397b9a7fd49159b201f239: RetryError[<Future at 0x7a631f436470 state=finished raised NotFoundError>]
2025-11-16 18:42:28,243 - INFO - HTTP Request: POST http://localhost:11434/chat/completions "HTTP/1.1 404 Not Found"
2025-11-16 18:42:28,251 - INFO - HTTP Request: POST http://localhost:11434/chat/completions "HTTP/1.1 404 Not Found"
2025-11-16 18:42:28,252 - WARNING - Exception for chunk chunk-39b5cf66297239e0b87cb8977877b2d6: RetryError[<Future at 0x7a631f3d3a00 state=finished raised NotFoundError>]
2025-11-16 18:42:28,256 - INFO - HTTP Request: POST http://localhost:11434/chat/completions "HTTP/1.1 404 Not Found"
2025-11-16 18:42:28,620 - INFO - HTTP Request: POST http://localhost:11434/chat/completions "HTTP/1.1 404 Not Found"
2025-11-16 18:42:28,621 - WARNING - Exception for chunk chunk-e56cf1ea37ada79ca8cfa3c4e60549e6: RetryError[<Future at 0x7a631f3e1ab0 state=finished raised NotFoundError>]
2025-11-16 18:42:28,625 - INFO - HTTP Request: POST http://localhost:11434/chat/completions "HTTP/1.1 404 Not Found"
2025-11-16 18:42:28,675 - INFO - HTTP Request: POST http://localhost:11434/chat/completions "HTTP/1.1 404 Not Found"
2025-11-16 18:42:28,675 - WARNING - Exception for chunk chunk-328c534d4cc9a193eb52e7818065d90a: RetryError[<Future at 0x7a631f3d2da0 state=finished raised NotFoundError>]
2025-11-16 18:42:28,679 - INFO - HTTP Request: POST http://localhost:11434/chat/completions "HTTP/1.1 404 Not Found"
2025-11-16 18:42:28,727 - INFO - HTTP Request: POST http://localhost:11434/chat/completions "HTTP/1.1 404 Not Found"
2025-11-16 18:42:28,727 - WARNING - Exception for chunk chunk-5bd68118c618dba09c6daa38ce4dffb2: RetryError[<Future at 0x7a631f3e33a0 state=finished raised NotFoundError>]
2025-11-16 18:42:28,732 - INFO - HTTP Request: POST http://localhost:11434/chat/completions "HTTP/1.1 404 Not Found"
2025-11-16 18:42:28,756 - INFO - HTTP Request: POST http://localhost:11434/chat/completions "HTTP/1.1 404 Not Found"
2025-11-16 18:42:28,757 - WARNING - Exception for chunk chunk-ad489c368f13b65b5c8fc30625f20f6e: RetryError[<Future at 0x7a631f3d3430 state=finished raised NotFoundError>]
2025-11-16 18:42:28,763 - INFO - HTTP Request: POST http://localhost:11434/chat/completions "HTTP/1.1 404 Not Found"
2025-11-16 18:42:28,764 - INFO - HTTP Request: POST http://localhost:11434/chat/completions "HTTP/1.1 404 Not Found"
2025-11-16 18:42:28,765 - WARNING - Exception for chunk chunk-7728a2d07b674ea1698f583baca0ba2a: RetryError[<Future at 0x7a631f3e29e0 state=finished raised NotFoundError>]
2025-11-16 18:42:28,770 - INFO - HTTP Request: POST http://localhost:11434/chat/completions "HTTP/1.1 404 Not Found"
2025-11-16 18:42:28,782 - INFO - HTTP Request: POST http://localhost:11434/chat/completions "HTTP/1.1 404 Not Found"
2025-11-16 18:42:28,782 - WARNING - Exception for chunk chunk-5f763d2e99b54460943868abe310f85c: RetryError[<Future at 0x7a631f203a90 state=finished raised NotFoundError>]
2025-11-16 18:42:28,786 - INFO - HTTP Request: POST http://localhost:11434/chat/completions "HTTP/1.1 404 Not Found"
2025-11-16 18:42:28,792 - INFO - HTTP Request: POST http://localhost:11434/chat/completions "HTTP/1.1 404 Not Found"
2025-11-16 18:42:28,792 - WARNING - Exception for chunk chunk-5c812bbbff54699f777601a468da8fac: RetryError[<Future at 0x7a631f2005b0 state=finished raised NotFoundError>]
2025-11-16 18:42:28,798 - INFO - HTTP Request: POST http://localhost:11434/chat/completions "HTTP/1.1 404 Not Found"
2025-11-16 18:42:28,865 - INFO - HTTP Request: POST http://localhost:11434/chat/completions "HTTP/1.1 404 Not Found"
2025-11-16 18:42:28,866 - WARNING - Exception for chunk chunk-1e4b934cbb831892a82d4ae3effe41e7: RetryError[<Future at 0x7a631f2160e0 state=finished raised NotFoundError>]
2025-11-16 18:42:28,877 - INFO - HTTP Request: POST http://localhost:11434/chat/completions "HTTP/1.1 404 Not Found"
2025-11-16 18:42:28,934 - INFO - HTTP Request: POST http://localhost:11434/chat/completions "HTTP/1.1 404 Not Found"
2025-11-16 18:42:28,935 - WARNING - Exception for chunk chunk-7a4bf97b998e42afa79647543a93b1b6: RetryError[<Future at 0x7a631f202b30 state=finished raised NotFoundError>]
2025-11-16 18:42:28,943 - INFO - HTTP Request: POST http://localhost:11434/chat/completions "HTTP/1.1 404 Not Found"
2025-11-16 18:42:29,016 - INFO - HTTP Request: POST http://localhost:11434/chat/completions "HTTP/1.1 404 Not Found"
2025-11-16 18:42:29,018 - WARNING - Exception for chunk chunk-e20e8685542fba9bc8ec44043a30b06b: RetryError[<Future at 0x7a631f215450 state=finished raised NotFoundError>]
2025-11-16 18:42:29,037 - INFO - HTTP Request: POST http://localhost:11434/chat/completions "HTTP/1.1 404 Not Found"
2025-11-16 18:42:29,039 - WARNING - Exception for chunk chunk-a2785479d3f8b91d3c5e29da4a815aba: RetryError[<Future at 0x7a631f215c00 state=finished raised NotFoundError>]
2025-11-16 18:42:29,043 - INFO - HTTP Request: POST http://localhost:11434/chat/completions "HTTP/1.1 404 Not Found"
2025-11-16 18:42:29,054 - INFO - HTTP Request: POST http://localhost:11434/chat/completions "HTTP/1.1 404 Not Found"
2025-11-16 18:42:29,146 - INFO - HTTP Request: POST http://localhost:11434/chat/completions "HTTP/1.1 404 Not Found"
2025-11-16 18:42:29,146 - WARNING - Exception for chunk chunk-55e99351fb3671c35e1f63111426d792: RetryError[<Future at 0x7a631f217ac0 state=finished raised NotFoundError>]
2025-11-16 18:42:29,150 - INFO - HTTP Request: POST http://localhost:11434/chat/completions "HTTP/1.1 404 Not Found"
2025-11-16 18:42:29,177 - INFO - HTTP Request: POST http://localhost:11434/chat/completions "HTTP/1.1 404 Not Found"
2025-11-16 18:42:29,178 - WARNING - Exception for chunk chunk-f34c740e31ae8b29d5ca27d98de082a1: RetryError[<Future at 0x7a631f22fdc0 state=finished raised NotFoundError>]
2025-11-16 18:42:29,185 - INFO - HTTP Request: POST http://localhost:11434/chat/completions "HTTP/1.1 404 Not Found"
2025-11-16 18:42:29,228 - INFO - HTTP Request: POST http://localhost:11434/chat/completions "HTTP/1.1 404 Not Found"
2025-11-16 18:42:29,229 - WARNING - Exception for chunk chunk-4d86bbbcda7f058fb329f7c9810d4196: RetryError[<Future at 0x7a631f22e680 state=finished raised NotFoundError>]
2025-11-16 18:42:29,240 - INFO - HTTP Request: POST http://localhost:11434/chat/completions "HTTP/1.1 404 Not Found"
2025-11-16 18:42:29,251 - INFO - HTTP Request: POST http://localhost:11434/chat/completions "HTTP/1.1 404 Not Found"
2025-11-16 18:42:29,253 - WARNING - Exception for chunk chunk-944061460137943dc9062acec42bbfad: RetryError[<Future at 0x7a631f22d780 state=finished raised NotFoundError>]
2025-11-16 18:42:29,273 - INFO - HTTP Request: POST http://localhost:11434/chat/completions "HTTP/1.1 404 Not Found"
2025-11-16 18:42:29,276 - INFO - HTTP Request: POST http://localhost:11434/chat/completions "HTTP/1.1 404 Not Found"
2025-11-16 18:42:29,278 - WARNING - Exception for chunk chunk-6b4261eeff1479f4835bfb4653555e5c: RetryError[<Future at 0x7a631f47ee60 state=finished raised NotFoundError>]
2025-11-16 18:42:29,289 - INFO - HTTP Request: POST http://localhost:11434/chat/completions "HTTP/1.1 404 Not Found"
2025-11-16 18:42:29,630 - INFO - HTTP Request: POST http://localhost:11434/chat/completions "HTTP/1.1 404 Not Found"
2025-11-16 18:42:29,631 - WARNING - Exception for chunk chunk-32ba1031a2685d1403f8c4d47a86a6e4: RetryError[<Future at 0x7a631f2169e0 state=finished raised NotFoundError>]
2025-11-16 18:42:29,638 - INFO - HTTP Request: POST http://localhost:11434/chat/completions "HTTP/1.1 404 Not Found"
2025-11-16 18:42:29,684 - INFO - HTTP Request: POST http://localhost:11434/chat/completions "HTTP/1.1 404 Not Found"
2025-11-16 18:42:29,685 - WARNING - Exception for chunk chunk-c7f4762f87f0813abd0cfac00e113d1b: RetryError[<Future at 0x7a631f214430 state=finished raised NotFoundError>]
2025-11-16 18:42:29,691 - INFO - HTTP Request: POST http://localhost:11434/chat/completions "HTTP/1.1 404 Not Found"
2025-11-16 18:42:29,736 - INFO - HTTP Request: POST http://localhost:11434/chat/completions "HTTP/1.1 404 Not Found"
2025-11-16 18:42:29,737 - WARNING - Exception for chunk chunk-bfa290d4fc1606e069d22a8d782cfeb9: RetryError[<Future at 0x7a631f22f7f0 state=finished raised NotFoundError>]
2025-11-16 18:42:29,743 - INFO - HTTP Request: POST http://localhost:11434/chat/completions "HTTP/1.1 404 Not Found"
2025-11-16 18:42:29,769 - INFO - HTTP Request: POST http://localhost:11434/chat/completions "HTTP/1.1 404 Not Found"
2025-11-16 18:42:29,770 - WARNING - Exception for chunk chunk-888ccf0a86ededb1d021cb865a099fed: RetryError[<Future at 0x7a631f201060 state=finished raised NotFoundError>]
2025-11-16 18:42:29,778 - INFO - HTTP Request: POST http://localhost:11434/chat/completions "HTTP/1.1 404 Not Found"
2025-11-16 18:42:29,778 - INFO - HTTP Request: POST http://localhost:11434/chat/completions "HTTP/1.1 404 Not Found"
2025-11-16 18:42:29,780 - WARNING - Exception for chunk chunk-ea15048488ed0c26a70dcc230fbb695e: RetryError[<Future at 0x7a631f2037f0 state=finished raised NotFoundError>]
2025-11-16 18:42:29,784 - INFO - HTTP Request: POST http://localhost:11434/chat/completions "HTTP/1.1 404 Not Found"
2025-11-16 18:42:29,791 - INFO - HTTP Request: POST http://localhost:11434/chat/completions "HTTP/1.1 404 Not Found"
2025-11-16 18:42:29,792 - WARNING - Exception for chunk chunk-0f7f99285e28871cff484a568cd0db99: RetryError[<Future at 0x7a631f214160 state=finished raised NotFoundError>]
2025-11-16 18:42:29,796 - INFO - HTTP Request: POST http://localhost:11434/chat/completions "HTTP/1.1 404 Not Found"
2025-11-16 18:42:29,802 - INFO - HTTP Request: POST http://localhost:11434/chat/completions "HTTP/1.1 404 Not Found"
2025-11-16 18:42:29,803 - WARNING - Exception for chunk chunk-d0b09fd54155626fcefcffb8098bc19b: RetryError[<Future at 0x7a631f4de650 state=finished raised NotFoundError>]
2025-11-16 18:42:29,808 - INFO - HTTP Request: POST http://localhost:11434/chat/completions "HTTP/1.1 404 Not Found"
2025-11-16 18:42:29,888 - INFO - HTTP Request: POST http://localhost:11434/chat/completions "HTTP/1.1 404 Not Found"
2025-11-16 18:42:29,889 - WARNING - Exception for chunk chunk-1d424e3addcfc144d0e69a6fc2203d15: RetryError[<Future at 0x7a631f217970 state=finished raised NotFoundError>]
2025-11-16 18:42:29,901 - INFO - HTTP Request: POST http://localhost:11434/chat/completions "HTTP/1.1 404 Not Found"
2025-11-16 18:42:29,949 - INFO - HTTP Request: POST http://localhost:11434/chat/completions "HTTP/1.1 404 Not Found"
2025-11-16 18:42:29,950 - WARNING - Exception for chunk chunk-70bcec67a4a983ed2ae596d047bf7f4c: RetryError[<Future at 0x7a631f30bfa0 state=finished raised NotFoundError>]
2025-11-16 18:42:29,956 - INFO - HTTP Request: POST http://localhost:11434/chat/completions "HTTP/1.1 404 Not Found"
2025-11-16 18:42:30,050 - INFO - HTTP Request: POST http://localhost:11434/chat/completions "HTTP/1.1 404 Not Found"
2025-11-16 18:42:30,052 - WARNING - Exception for chunk chunk-6722a4d210929622b27900b4ac0ed030: RetryError[<Future at 0x7a631f3d3e50 state=finished raised NotFoundError>]
2025-11-16 18:42:30,067 - INFO - HTTP Request: POST http://localhost:11434/chat/completions "HTTP/1.1 404 Not Found"
2025-11-16 18:42:30,068 - INFO - HTTP Request: POST http://localhost:11434/chat/completions "HTTP/1.1 404 Not Found"
2025-11-16 18:42:30,069 - WARNING - Exception for chunk chunk-f248f07ff1136ab9a2e55c8ad8c15853: RetryError[<Future at 0x7a631f3d2890 state=finished raised NotFoundError>]
2025-11-16 18:42:30,077 - INFO - HTTP Request: POST http://localhost:11434/chat/completions "HTTP/1.1 404 Not Found"
2025-11-16 18:42:30,159 - INFO - HTTP Request: POST http://localhost:11434/chat/completions "HTTP/1.1 404 Not Found"
2025-11-16 18:42:30,161 - WARNING - Exception for chunk chunk-ae8612821660de8c39e000b7f00a2628: RetryError[<Future at 0x7a631f3e0f40 state=finished raised NotFoundError>]
2025-11-16 18:42:30,175 - INFO - HTTP Request: POST http://localhost:11434/chat/completions "HTTP/1.1 404 Not Found"
2025-11-16 18:42:30,189 - INFO - HTTP Request: POST http://localhost:11434/chat/completions "HTTP/1.1 404 Not Found"
2025-11-16 18:42:30,190 - WARNING - Exception for chunk chunk-efdfbfb03bc20311e73e3836eeeb770a: RetryError[<Future at 0x7a631f397b80 state=finished raised NotFoundError>]
2025-11-16 18:42:30,195 - INFO - HTTP Request: POST http://localhost:11434/chat/completions "HTTP/1.1 404 Not Found"
2025-11-16 18:42:30,245 - INFO - HTTP Request: POST http://localhost:11434/chat/completions "HTTP/1.1 404 Not Found"
2025-11-16 18:42:30,246 - WARNING - Exception for chunk chunk-53ad80aa50091f16afb40deb6a9729ae: RetryError[<Future at 0x7a631f4498d0 state=finished raised NotFoundError>]
2025-11-16 18:42:30,250 - INFO - HTTP Request: POST http://localhost:11434/chat/completions "HTTP/1.1 404 Not Found"
2025-11-16 18:42:30,278 - INFO - HTTP Request: POST http://localhost:11434/chat/completions "HTTP/1.1 404 Not Found"
2025-11-16 18:42:30,279 - WARNING - Exception for chunk chunk-7bf8290d9cd23f31060bfc05f54aff12: RetryError[<Future at 0x7a63403c0fa0 state=finished raised NotFoundError>]
2025-11-16 18:42:30,283 - INFO - HTTP Request: POST http://localhost:11434/chat/completions "HTTP/1.1 404 Not Found"
2025-11-16 18:42:30,293 - INFO - HTTP Request: POST http://localhost:11434/chat/completions "HTTP/1.1 404 Not Found"
2025-11-16 18:42:30,293 - WARNING - Exception for chunk chunk-31f0853164deee9d665b22bde54a85ce: RetryError[<Future at 0x7a631f3e2c50 state=finished raised NotFoundError>]
2025-11-16 18:42:30,297 - INFO - HTTP Request: POST http://localhost:11434/chat/completions "HTTP/1.1 404 Not Found"
2025-11-16 18:42:30,643 - INFO - HTTP Request: POST http://localhost:11434/chat/completions "HTTP/1.1 404 Not Found"
2025-11-16 18:42:30,644 - WARNING - Exception for chunk chunk-5241a6af464ce1f5f4e9207346c705ad: RetryError[<Future at 0x7a631f349db0 state=finished raised NotFoundError>]
2025-11-16 18:42:30,650 - INFO - HTTP Request: POST http://localhost:11434/chat/completions "HTTP/1.1 404 Not Found"
2025-11-16 18:42:30,699 - INFO - HTTP Request: POST http://localhost:11434/chat/completions "HTTP/1.1 404 Not Found"
2025-11-16 18:42:30,700 - WARNING - Exception for chunk chunk-952d9a39d0c364ebc52cff8179a6ab11: RetryError[<Future at 0x7a631f34bbe0 state=finished raised NotFoundError>]
2025-11-16 18:42:30,710 - INFO - HTTP Request: POST http://localhost:11434/chat/completions "HTTP/1.1 404 Not Found"
2025-11-16 18:42:30,750 - INFO - HTTP Request: POST http://localhost:11434/chat/completions "HTTP/1.1 404 Not Found"
2025-11-16 18:42:30,751 - WARNING - Exception for chunk chunk-bb59e9b26a0de95b4c770bd775e018f9: RetryError[<Future at 0x7a631f3b7820 state=finished raised NotFoundError>]
2025-11-16 18:42:30,757 - INFO - HTTP Request: POST http://localhost:11434/chat/completions "HTTP/1.1 404 Not Found"
2025-11-16 18:42:30,785 - INFO - HTTP Request: POST http://localhost:11434/chat/completions "HTTP/1.1 404 Not Found"
2025-11-16 18:42:30,786 - WARNING - Exception for chunk chunk-27d80663b7106dd2e49a5a9195561eb9: RetryError[<Future at 0x7a631f247a90 state=finished raised NotFoundError>]
2025-11-16 18:42:30,790 - INFO - HTTP Request: POST http://localhost:11434/chat/completions "HTTP/1.1 404 Not Found"
2025-11-16 18:42:30,791 - WARNING - Exception for chunk chunk-a21cf5ffa19875e2fa8a530ba9277b28: RetryError[<Future at 0x7a631f2032e0 state=finished raised NotFoundError>]
2025-11-16 18:42:30,796 - INFO - HTTP Request: POST http://localhost:11434/chat/completions "HTTP/1.1 404 Not Found"
2025-11-16 18:42:30,804 - INFO - HTTP Request: POST http://localhost:11434/chat/completions "HTTP/1.1 404 Not Found"
2025-11-16 18:42:30,805 - WARNING - Exception for chunk chunk-cb7e17dce1b71e3dbc2908bfdcca045c: RetryError[<Future at 0x7a631f245870 state=finished raised NotFoundError>]
2025-11-16 18:42:30,805 - INFO - HTTP Request: POST http://localhost:11434/chat/completions "HTTP/1.1 404 Not Found"
2025-11-16 18:42:30,815 - INFO - HTTP Request: POST http://localhost:11434/chat/completions "HTTP/1.1 404 Not Found"
2025-11-16 18:42:30,816 - INFO - HTTP Request: POST http://localhost:11434/chat/completions "HTTP/1.1 404 Not Found"
2025-11-16 18:42:30,817 - WARNING - Exception for chunk chunk-7207371d316089fa8b58c3304911eb70: RetryError[<Future at 0x7a631f3b55a0 state=finished raised NotFoundError>]
2025-11-16 18:42:30,823 - INFO - HTTP Request: POST http://localhost:11434/chat/completions "HTTP/1.1 404 Not Found"
2025-11-16 18:42:30,906 - INFO - HTTP Request: POST http://localhost:11434/chat/completions "HTTP/1.1 404 Not Found"
2025-11-16 18:42:30,907 - WARNING - Exception for chunk chunk-adee8ef618a0efd7eb00d8b35a32eee8: RetryError[<Future at 0x7a631f273730 state=finished raised NotFoundError>]
2025-11-16 18:42:30,913 - INFO - HTTP Request: POST http://localhost:11434/chat/completions "HTTP/1.1 404 Not Found"
2025-11-16 18:42:30,961 - INFO - HTTP Request: POST http://localhost:11434/chat/completions "HTTP/1.1 404 Not Found"
2025-11-16 18:42:30,963 - WARNING - Exception for chunk chunk-e2ab68212553ac9d5687de93dec550f6: RetryError[<Future at 0x7a631f28d9c0 state=finished raised NotFoundError>]
2025-11-16 18:42:30,969 - INFO - HTTP Request: POST http://localhost:11434/chat/completions "HTTP/1.1 404 Not Found"
2025-11-16 18:42:31,076 - INFO - HTTP Request: POST http://localhost:11434/chat/completions "HTTP/1.1 404 Not Found"
2025-11-16 18:42:31,077 - WARNING - Exception for chunk chunk-ee3a0b8f1772792c9f0e42b1881e0d7f: RetryError[<Future at 0x7a631f272410 state=finished raised NotFoundError>]
2025-11-16 18:42:31,085 - INFO - HTTP Request: POST http://localhost:11434/chat/completions "HTTP/1.1 404 Not Found"
2025-11-16 18:42:31,087 - WARNING - Exception for chunk chunk-af18fdd63d495913d273fc8f12017c46: RetryError[<Future at 0x7a631f28d1b0 state=finished raised NotFoundError>]
2025-11-16 18:42:31,095 - INFO - HTTP Request: POST http://localhost:11434/chat/completions "HTTP/1.1 404 Not Found"
2025-11-16 18:42:31,103 - INFO - HTTP Request: POST http://localhost:11434/chat/completions "HTTP/1.1 404 Not Found"
2025-11-16 18:42:31,181 - INFO - HTTP Request: POST http://localhost:11434/chat/completions "HTTP/1.1 404 Not Found"
2025-11-16 18:42:31,182 - WARNING - Exception for chunk chunk-d0c71a615a5ffdf6a277624d01f815a5: RetryError[<Future at 0x7a631f28fe50 state=finished raised NotFoundError>]
2025-11-16 18:42:31,188 - INFO - HTTP Request: POST http://localhost:11434/chat/completions "HTTP/1.1 404 Not Found"
2025-11-16 18:42:31,200 - INFO - HTTP Request: POST http://localhost:11434/chat/completions "HTTP/1.1 404 Not Found"
2025-11-16 18:42:31,200 - WARNING - Exception for chunk chunk-7af41ecc5d91043edcb458de8a46416b: RetryError[<Future at 0x7a631f2730a0 state=finished raised NotFoundError>]
2025-11-16 18:42:31,206 - INFO - HTTP Request: POST http://localhost:11434/chat/completions "HTTP/1.1 404 Not Found"
2025-11-16 18:42:31,256 - INFO - HTTP Request: POST http://localhost:11434/chat/completions "HTTP/1.1 404 Not Found"
2025-11-16 18:42:31,257 - WARNING - Exception for chunk chunk-846256c5555b2def3f41f8ff2b078e7d: RetryError[<Future at 0x7a631f2a2c80 state=finished raised NotFoundError>]
2025-11-16 18:42:31,266 - INFO - HTTP Request: POST http://localhost:11434/chat/completions "HTTP/1.1 404 Not Found"
2025-11-16 18:42:31,288 - INFO - HTTP Request: POST http://localhost:11434/chat/completions "HTTP/1.1 404 Not Found"
2025-11-16 18:42:31,289 - WARNING - Exception for chunk chunk-c204e5e6e5f5485d90bf05c8815a8e21: RetryError[<Future at 0x7a631f2a22f0 state=finished raised NotFoundError>]
2025-11-16 18:42:31,296 - INFO - HTTP Request: POST http://localhost:11434/chat/completions "HTTP/1.1 404 Not Found"
2025-11-16 18:42:31,301 - INFO - HTTP Request: POST http://localhost:11434/chat/completions "HTTP/1.1 404 Not Found"
2025-11-16 18:42:31,302 - WARNING - Exception for chunk chunk-6d839666b9843d7142e129fdb83e2a2a: RetryError[<Future at 0x7a631f2bd0f0 state=finished raised NotFoundError>]
2025-11-16 18:42:31,309 - INFO - HTTP Request: POST http://localhost:11434/chat/completions "HTTP/1.1 404 Not Found"
2025-11-16 18:42:31,659 - INFO - HTTP Request: POST http://localhost:11434/chat/completions "HTTP/1.1 404 Not Found"
2025-11-16 18:42:31,661 - WARNING - Exception for chunk chunk-4db52153c9a6f8519e7a30e3d088abbc: RetryError[<Future at 0x7a636b2aea70 state=finished raised NotFoundError>]
2025-11-16 18:42:31,667 - INFO - HTTP Request: POST http://localhost:11434/chat/completions "HTTP/1.1 404 Not Found"
2025-11-16 18:42:31,716 - INFO - HTTP Request: POST http://localhost:11434/chat/completions "HTTP/1.1 404 Not Found"
2025-11-16 18:42:31,717 - WARNING - Exception for chunk chunk-c0a7f2840dea45481b540113199e9932: RetryError[<Future at 0x7a631f2a2a10 state=finished raised NotFoundError>]
2025-11-16 18:42:31,724 - INFO - HTTP Request: POST http://localhost:11434/chat/completions "HTTP/1.1 404 Not Found"
2025-11-16 18:42:31,764 - INFO - HTTP Request: POST http://localhost:11434/chat/completions "HTTP/1.1 404 Not Found"
2025-11-16 18:42:31,765 - WARNING - Exception for chunk chunk-54aa9b7c1f50d9ce232a9229adfe8605: RetryError[<Future at 0x7a631f2a31f0 state=finished raised NotFoundError>]
2025-11-16 18:42:31,771 - INFO - HTTP Request: POST http://localhost:11434/chat/completions "HTTP/1.1 404 Not Found"
2025-11-16 18:42:31,807 - INFO - HTTP Request: POST http://localhost:11434/chat/completions "HTTP/1.1 404 Not Found"
2025-11-16 18:42:31,814 - WARNING - Exception for chunk chunk-022774ca85fd7ab84fb87b2c0bd4e181: RetryError[<Future at 0x7a631f28ce20 state=finished raised NotFoundError>]
2025-11-16 18:42:31,835 - INFO - HTTP Request: POST http://localhost:11434/chat/completions "HTTP/1.1 404 Not Found"
2025-11-16 18:42:31,836 - WARNING - Exception for chunk chunk-43ec3fb77223deb5a8a861a9a59fc733: RetryError[<Future at 0x7a631f2a0a60 state=finished raised NotFoundError>]
2025-11-16 18:42:31,838 - INFO - HTTP Request: POST http://localhost:11434/chat/completions "HTTP/1.1 404 Not Found"
2025-11-16 18:42:31,842 - WARNING - Exception for chunk chunk-0c46b50d7b4f570e6fd5735ec6ac6346: RetryError[<Future at 0x7a631f28d720 state=finished raised NotFoundError>]
2025-11-16 18:42:31,844 - INFO - HTTP Request: POST http://localhost:11434/chat/completions "HTTP/1.1 404 Not Found"
2025-11-16 18:42:31,846 - WARNING - Exception for chunk chunk-702f25c64c1d26f675e3a299bb989723: RetryError[<Future at 0x7a631f2a0790 state=finished raised NotFoundError>]
2025-11-16 18:42:31,852 - INFO - HTTP Request: POST http://localhost:11434/chat/completions "HTTP/1.1 404 Not Found"
2025-11-16 18:42:31,859 - INFO - HTTP Request: POST http://localhost:11434/chat/completions "HTTP/1.1 404 Not Found"
2025-11-16 18:42:31,898 - INFO - HTTP Request: POST http://localhost:11434/chat/completions "HTTP/1.1 404 Not Found"
2025-11-16 18:42:31,919 - INFO - HTTP Request: POST http://localhost:11434/chat/completions "HTTP/1.1 404 Not Found"
2025-11-16 18:42:31,919 - WARNING - Exception for chunk chunk-b69afd773357ecd0bd5888dff04000f1: RetryError[<Future at 0x7a631f270940 state=finished raised NotFoundError>]
2025-11-16 18:42:31,925 - INFO - HTTP Request: POST http://localhost:11434/chat/completions "HTTP/1.1 404 Not Found"
2025-11-16 18:42:31,948 - INFO - HTTP Request: POST http://localhost:11434/chat/completions "HTTP/1.1 404 Not Found"
2025-11-16 18:42:31,976 - INFO - HTTP Request: POST http://localhost:11434/chat/completions "HTTP/1.1 404 Not Found"
2025-11-16 18:42:31,977 - WARNING - Exception for chunk chunk-7a88a2021bfc82bcd4cc5466dd22d8ad: RetryError[<Future at 0x7a631f3606d0 state=finished raised NotFoundError>]
2025-11-16 18:42:31,983 - INFO - HTTP Request: POST http://localhost:11434/chat/completions "HTTP/1.1 404 Not Found"
2025-11-16 18:42:32,104 - INFO - HTTP Request: POST http://localhost:11434/chat/completions "HTTP/1.1 404 Not Found"
2025-11-16 18:42:32,112 - WARNING - Exception for chunk chunk-3d58fbaea506e7e8db8e59705a397a82: RetryError[<Future at 0x7a631f396a70 state=finished raised NotFoundError>]
2025-11-16 18:42:32,114 - INFO - HTTP Request: POST http://localhost:11434/chat/completions "HTTP/1.1 404 Not Found"
2025-11-16 18:42:32,116 - WARNING - Exception for chunk chunk-db206a1121b2b2389888a438839fba5e: RetryError[<Future at 0x7a631f394a90 state=finished raised NotFoundError>]
2025-11-16 18:42:32,123 - INFO - HTTP Request: POST http://localhost:11434/chat/completions "HTTP/1.1 404 Not Found"
2025-11-16 18:42:32,172 - INFO - HTTP Request: POST http://localhost:11434/chat/completions "HTTP/1.1 404 Not Found"
2025-11-16 18:42:32,193 - INFO - HTTP Request: POST http://localhost:11434/chat/completions "HTTP/1.1 404 Not Found"
2025-11-16 18:42:32,194 - WARNING - Exception for chunk chunk-5507eebcece0489e9aa88e7a6d66aae8: RetryError[<Future at 0x7a631f2725c0 state=finished raised NotFoundError>]
2025-11-16 18:42:32,201 - INFO - HTTP Request: POST http://localhost:11434/chat/completions "HTTP/1.1 404 Not Found"
2025-11-16 18:42:32,212 - INFO - HTTP Request: POST http://localhost:11434/chat/completions "HTTP/1.1 404 Not Found"
2025-11-16 18:42:32,213 - WARNING - Exception for chunk chunk-75a14aac263686162d5f3e9171e236d5: RetryError[<Future at 0x7a631f215960 state=finished raised NotFoundError>]
2025-11-16 18:42:32,226 - INFO - HTTP Request: POST http://localhost:11434/chat/completions "HTTP/1.1 404 Not Found"
2025-11-16 18:42:32,274 - INFO - HTTP Request: POST http://localhost:11434/chat/completions "HTTP/1.1 404 Not Found"
2025-11-16 18:42:32,275 - WARNING - Exception for chunk chunk-b60eea1d72cd5bf28a83ffc21ff115f0: RetryError[<Future at 0x7a631f325d50 state=finished raised NotFoundError>]
2025-11-16 18:42:32,287 - INFO - HTTP Request: POST http://localhost:11434/chat/completions "HTTP/1.1 404 Not Found"
2025-11-16 18:42:32,304 - INFO - HTTP Request: POST http://localhost:11434/chat/completions "HTTP/1.1 404 Not Found"
2025-11-16 18:42:32,305 - WARNING - Exception for chunk chunk-1031668b9d02ce02888de8a65aabc11f: RetryError[<Future at 0x7a631f246da0 state=finished raised NotFoundError>]
2025-11-16 18:42:32,322 - INFO - HTTP Request: POST http://localhost:11434/chat/completions "HTTP/1.1 404 Not Found"
2025-11-16 18:42:32,325 - INFO - HTTP Request: POST http://localhost:11434/chat/completions "HTTP/1.1 404 Not Found"
2025-11-16 18:42:32,326 - WARNING - Exception for chunk chunk-fb82349b24d3e7966e3a2d0c1dbc1bf3: RetryError[<Future at 0x7a631f33b280 state=finished raised NotFoundError>]
2025-11-16 18:42:32,338 - INFO - HTTP Request: POST http://localhost:11434/chat/completions "HTTP/1.1 404 Not Found"
2025-11-16 18:42:32,680 - INFO - HTTP Request: POST http://localhost:11434/chat/completions "HTTP/1.1 404 Not Found"
2025-11-16 18:42:32,682 - WARNING - Exception for chunk chunk-d7d9eca9b4f1a9611d3f0f7f44f6fb75: RetryError[<Future at 0x7a631f22ff70 state=finished raised NotFoundError>]
2025-11-16 18:42:32,692 - INFO - HTTP Request: POST http://localhost:11434/chat/completions "HTTP/1.1 404 Not Found"
2025-11-16 18:42:32,732 - INFO - HTTP Request: POST http://localhost:11434/chat/completions "HTTP/1.1 404 Not Found"
2025-11-16 18:42:32,733 - WARNING - Exception for chunk chunk-aac3c492eea26bcbb060c8e989b98222: RetryError[<Future at 0x7a631f245120 state=finished raised NotFoundError>]
2025-11-16 18:42:32,742 - INFO - HTTP Request: POST http://localhost:11434/chat/completions "HTTP/1.1 404 Not Found"
2025-11-16 18:42:32,777 - INFO - HTTP Request: POST http://localhost:11434/chat/completions "HTTP/1.1 404 Not Found"
2025-11-16 18:42:32,778 - WARNING - Exception for chunk chunk-5544c703e4c84d32b6d005c6cb38c01e: RetryError[<Future at 0x7a631f2bdab0 state=finished raised NotFoundError>]
2025-11-16 18:42:32,786 - INFO - HTTP Request: POST http://localhost:11434/chat/completions "HTTP/1.1 404 Not Found"
2025-11-16 18:42:32,859 - INFO - HTTP Request: POST http://localhost:11434/chat/completions "HTTP/1.1 404 Not Found"
2025-11-16 18:42:32,860 - WARNING - Exception for chunk chunk-400206744acd1a73be07fd87bc4f4ea3: RetryError[<Future at 0x7a631f2bdf30 state=finished raised NotFoundError>]
2025-11-16 18:42:32,867 - INFO - HTTP Request: POST http://localhost:11434/chat/completions "HTTP/1.1 404 Not Found"
2025-11-16 18:42:32,867 - WARNING - Exception for chunk chunk-481ed65523a067ebdccd455e85341015: RetryError[<Future at 0x7a631f3e1c90 state=finished raised NotFoundError>]
2025-11-16 18:42:32,874 - INFO - HTTP Request: POST http://localhost:11434/chat/completions "HTTP/1.1 404 Not Found"
2025-11-16 18:42:32,879 - INFO - HTTP Request: POST http://localhost:11434/chat/completions "HTTP/1.1 404 Not Found"
2025-11-16 18:42:32,905 - INFO - HTTP Request: POST http://localhost:11434/chat/completions "HTTP/1.1 404 Not Found"
2025-11-16 18:42:32,906 - WARNING - Exception for chunk chunk-88deb64d05090c57a224b0735ddcb537: RetryError[<Future at 0x7a631f2cf580 state=finished raised NotFoundError>]
2025-11-16 18:42:32,913 - INFO - HTTP Request: POST http://localhost:11434/chat/completions "HTTP/1.1 404 Not Found"
2025-11-16 18:42:32,930 - INFO - HTTP Request: POST http://localhost:11434/chat/completions "HTTP/1.1 404 Not Found"
2025-11-16 18:42:32,931 - WARNING - Exception for chunk chunk-93de6720d9a6cfb79561adb54f106479: RetryError[<Future at 0x7a631f2cdba0 state=finished raised NotFoundError>]
2025-11-16 18:42:32,936 - INFO - HTTP Request: POST http://localhost:11434/chat/completions "HTTP/1.1 404 Not Found"
2025-11-16 18:42:32,957 - INFO - HTTP Request: POST http://localhost:11434/chat/completions "HTTP/1.1 404 Not Found"
2025-11-16 18:42:32,958 - WARNING - Exception for chunk chunk-f9a86db7d432714d3c4c578454998d85: RetryError[<Future at 0x7a631f2bd420 state=finished raised NotFoundError>]
2025-11-16 18:42:32,967 - INFO - HTTP Request: POST http://localhost:11434/chat/completions "HTTP/1.1 404 Not Found"
2025-11-16 18:42:32,989 - INFO - HTTP Request: POST http://localhost:11434/chat/completions "HTTP/1.1 404 Not Found"
2025-11-16 18:42:32,990 - WARNING - Exception for chunk chunk-b2febccc80bb8b7e51ff7c777da66c00: RetryError[<Future at 0x7a631f2bdcc0 state=finished raised NotFoundError>]
2025-11-16 18:42:32,996 - INFO - HTTP Request: POST http://localhost:11434/chat/completions "HTTP/1.1 404 Not Found"
2025-11-16 18:42:33,127 - INFO - HTTP Request: POST http://localhost:11434/chat/completions "HTTP/1.1 404 Not Found"
2025-11-16 18:42:33,128 - WARNING - Exception for chunk chunk-295731e3cfaadd07ecd1d606d9069734: RetryError[<Future at 0x7a631f2e3310 state=finished raised NotFoundError>]
2025-11-16 18:42:33,132 - INFO - HTTP Request: POST http://localhost:11434/chat/completions "HTTP/1.1 404 Not Found"
2025-11-16 18:42:33,176 - INFO - HTTP Request: POST http://localhost:11434/chat/completions "HTTP/1.1 404 Not Found"
2025-11-16 18:42:33,177 - WARNING - Exception for chunk chunk-65e699d2240154246068a7b14ffb4f4a: RetryError[<Future at 0x7a631f1013c0 state=finished raised NotFoundError>]
2025-11-16 18:42:33,181 - INFO - HTTP Request: POST http://localhost:11434/chat/completions "HTTP/1.1 404 Not Found"
2025-11-16 18:42:33,207 - INFO - HTTP Request: POST http://localhost:11434/chat/completions "HTTP/1.1 404 Not Found"
2025-11-16 18:42:33,208 - WARNING - Exception for chunk chunk-77311fab054cadb5bcb230326d32b6ea: RetryError[<Future at 0x7a631f2e0430 state=finished raised NotFoundError>]
2025-11-16 18:42:33,215 - INFO - HTTP Request: POST http://localhost:11434/chat/completions "HTTP/1.1 404 Not Found"
2025-11-16 18:42:33,231 - INFO - HTTP Request: POST http://localhost:11434/chat/completions "HTTP/1.1 404 Not Found"
2025-11-16 18:42:33,232 - WARNING - Exception for chunk chunk-a814ef2997d61a9ace0904e05bbeaf30: RetryError[<Future at 0x7a631f103bb0 state=finished raised NotFoundError>]
2025-11-16 18:42:33,240 - INFO - HTTP Request: POST http://localhost:11434/chat/completions "HTTP/1.1 404 Not Found"
2025-11-16 18:42:33,292 - INFO - HTTP Request: POST http://localhost:11434/chat/completions "HTTP/1.1 404 Not Found"
2025-11-16 18:42:33,293 - WARNING - Exception for chunk chunk-46b4015e0b43579346def6e76ae34edc: RetryError[<Future at 0x7a631f1030d0 state=finished raised NotFoundError>]
2025-11-16 18:42:33,301 - INFO - HTTP Request: POST http://localhost:11434/chat/completions "HTTP/1.1 404 Not Found"
2025-11-16 18:42:33,328 - INFO - HTTP Request: POST http://localhost:11434/chat/completions "HTTP/1.1 404 Not Found"
2025-11-16 18:42:33,329 - WARNING - Exception for chunk chunk-078e38a76b3e310c7d5d56fa4a027b6e: RetryError[<Future at 0x7a631f2e04f0 state=finished raised NotFoundError>]
2025-11-16 18:42:33,334 - INFO - HTTP Request: POST http://localhost:11434/chat/completions "HTTP/1.1 404 Not Found"
2025-11-16 18:42:33,346 - INFO - HTTP Request: POST http://localhost:11434/chat/completions "HTTP/1.1 404 Not Found"
2025-11-16 18:42:33,346 - WARNING - Exception for chunk chunk-db96d7eab07093000aca3145ff72d9fb: RetryError[<Future at 0x7a631f117250 state=finished raised NotFoundError>]
2025-11-16 18:42:33,351 - INFO - HTTP Request: POST http://localhost:11434/chat/completions "HTTP/1.1 404 Not Found"
2025-11-16 18:42:33,701 - INFO - HTTP Request: POST http://localhost:11434/chat/completions "HTTP/1.1 404 Not Found"
2025-11-16 18:42:33,702 - WARNING - Exception for chunk chunk-5327cd0f03df56cb9c00fcab2a291cc4: RetryError[<Future at 0x7a631f115a50 state=finished raised NotFoundError>]
2025-11-16 18:42:33,711 - INFO - HTTP Request: POST http://localhost:11434/chat/completions "HTTP/1.1 404 Not Found"
2025-11-16 18:42:33,752 - INFO - HTTP Request: POST http://localhost:11434/chat/completions "HTTP/1.1 404 Not Found"
2025-11-16 18:42:33,753 - WARNING - Exception for chunk chunk-ea9083274939ad4bf1c02e892e082d6b: RetryError[<Future at 0x7a631f1037c0 state=finished raised NotFoundError>]
2025-11-16 18:42:33,762 - INFO - HTTP Request: POST http://localhost:11434/chat/completions "HTTP/1.1 404 Not Found"
2025-11-16 18:42:33,795 - INFO - HTTP Request: POST http://localhost:11434/chat/completions "HTTP/1.1 404 Not Found"
2025-11-16 18:42:33,796 - WARNING - Exception for chunk chunk-d30a283a858fb2a01ede44224c5599f0: RetryError[<Future at 0x7a63402ce9b0 state=finished raised NotFoundError>]
2025-11-16 18:42:33,803 - INFO - HTTP Request: POST http://localhost:11434/chat/completions "HTTP/1.1 404 Not Found"
2025-11-16 18:42:33,879 - INFO - HTTP Request: POST http://localhost:11434/chat/completions "HTTP/1.1 404 Not Found"
2025-11-16 18:42:33,879 - WARNING - Exception for chunk chunk-1251e577e5ea7e0ed5b1fc42ec9c41da: RetryError[<Future at 0x7a631f115f00 state=finished raised NotFoundError>]
2025-11-16 18:42:33,886 - INFO - HTTP Request: POST http://localhost:11434/chat/completions "HTTP/1.1 404 Not Found"
2025-11-16 18:42:33,887 - WARNING - Exception for chunk chunk-3eb4905c9a19940c5c5401ba0b9cb412: RetryError[<Future at 0x7a631f1143d0 state=finished raised NotFoundError>]
2025-11-16 18:42:33,901 - INFO - HTTP Request: POST http://localhost:11434/chat/completions "HTTP/1.1 404 Not Found"
2025-11-16 18:42:33,903 - INFO - HTTP Request: POST http://localhost:11434/chat/completions "HTTP/1.1 404 Not Found"
2025-11-16 18:42:33,925 - INFO - HTTP Request: POST http://localhost:11434/chat/completions "HTTP/1.1 404 Not Found"
2025-11-16 18:42:33,928 - WARNING - Exception for chunk chunk-e55708e7c891227be081d3aeccc1a7d5: RetryError[<Future at 0x7a631f117ac0 state=finished raised NotFoundError>]
2025-11-16 18:42:33,935 - INFO - HTTP Request: POST http://localhost:11434/chat/completions "HTTP/1.1 404 Not Found"
2025-11-16 18:42:33,958 - INFO - HTTP Request: POST http://localhost:11434/chat/completions "HTTP/1.1 404 Not Found"
2025-11-16 18:42:33,960 - WARNING - Exception for chunk chunk-8fdb69a4cbd930a815cd3ce7888a46c6: RetryError[<Future at 0x7a631f101c60 state=finished raised NotFoundError>]
2025-11-16 18:42:33,997 - INFO - HTTP Request: POST http://localhost:11434/chat/completions "HTTP/1.1 404 Not Found"
2025-11-16 18:42:34,008 - INFO - HTTP Request: POST http://localhost:11434/chat/completions "HTTP/1.1 404 Not Found"
2025-11-16 18:42:34,018 - WARNING - Exception for chunk chunk-db3ef4de4d9e6978aa0320a0e2599a1b: RetryError[<Future at 0x7a631f117580 state=finished raised NotFoundError>]
2025-11-16 18:42:34,019 - INFO - HTTP Request: POST http://localhost:11434/chat/completions "HTTP/1.1 404 Not Found"
2025-11-16 18:42:34,039 - WARNING - Exception for chunk chunk-cebea37f8ab8658c8edc79dc06b92599: RetryError[<Future at 0x7a631f2e0e50 state=finished raised NotFoundError>]
2025-11-16 18:42:34,054 - INFO - HTTP Request: POST http://localhost:11434/chat/completions "HTTP/1.1 404 Not Found"
2025-11-16 18:42:34,063 - INFO - HTTP Request: POST http://localhost:11434/chat/completions "HTTP/1.1 404 Not Found"
2025-11-16 18:42:34,142 - INFO - HTTP Request: POST http://localhost:11434/chat/completions "HTTP/1.1 404 Not Found"
2025-11-16 18:42:34,148 - WARNING - Exception for chunk chunk-41b508eb4a12646c8a3c8f7e3b059d9b: RetryError[<Future at 0x7a631f2e1180 state=finished raised NotFoundError>]
2025-11-16 18:42:34,158 - INFO - HTTP Request: POST http://localhost:11434/chat/completions "HTTP/1.1 404 Not Found"
2025-11-16 18:42:34,203 - INFO - HTTP Request: POST http://localhost:11434/chat/completions "HTTP/1.1 404 Not Found"
2025-11-16 18:42:34,205 - WARNING - Exception for chunk chunk-71327fff109b1ba26695676f1f00167a: RetryError[<Future at 0x7a631f116710 state=finished raised NotFoundError>]
2025-11-16 18:42:34,241 - INFO - HTTP Request: POST http://localhost:11434/chat/completions "HTTP/1.1 404 Not Found"
2025-11-16 18:42:34,247 - INFO - HTTP Request: POST http://localhost:11434/chat/completions "HTTP/1.1 404 Not Found"
2025-11-16 18:42:34,248 - WARNING - Exception for chunk chunk-eeebc014e96d93a44d9aec9d90720164: RetryError[<Future at 0x7a631f2ccd90 state=finished raised NotFoundError>]
2025-11-16 18:42:34,249 - INFO - HTTP Request: POST http://localhost:11434/chat/completions "HTTP/1.1 404 Not Found"
2025-11-16 18:42:34,251 - WARNING - Exception for chunk chunk-2774067ad0f476741fa9ee2dd7919e2d: RetryError[<Future at 0x7a631f2cdb10 state=finished raised NotFoundError>]
2025-11-16 18:42:34,258 - INFO - HTTP Request: POST http://localhost:11434/chat/completions "HTTP/1.1 404 Not Found"
2025-11-16 18:42:34,306 - INFO - HTTP Request: POST http://localhost:11434/chat/completions "HTTP/1.1 404 Not Found"
2025-11-16 18:42:34,307 - WARNING - Exception for chunk chunk-082001acfede0cf101b0fb11f7370f6d: RetryError[<Future at 0x7a631f102e30 state=finished raised NotFoundError>]
2025-11-16 18:42:34,313 - INFO - HTTP Request: POST http://localhost:11434/chat/completions "HTTP/1.1 404 Not Found"
2025-11-16 18:42:34,343 - INFO - HTTP Request: POST http://localhost:11434/chat/completions "HTTP/1.1 404 Not Found"
2025-11-16 18:42:34,344 - WARNING - Exception for chunk chunk-504ecc5f129677f90ca672b40b702d4c: RetryError[<Future at 0x7a631f216890 state=finished raised NotFoundError>]
2025-11-16 18:42:34,355 - INFO - HTTP Request: POST http://localhost:11434/chat/completions "HTTP/1.1 404 Not Found"
2025-11-16 18:42:34,376 - INFO - HTTP Request: POST http://localhost:11434/chat/completions "HTTP/1.1 404 Not Found"
2025-11-16 18:42:34,377 - WARNING - Exception for chunk chunk-11afdb56504bd4f560bc8e356438307a: RetryError[<Future at 0x7a631f3e2170 state=finished raised NotFoundError>]
2025-11-16 18:42:34,382 - INFO - HTTP Request: POST http://localhost:11434/chat/completions "HTTP/1.1 404 Not Found"
2025-11-16 18:42:34,391 - INFO - HTTP Request: POST http://localhost:11434/chat/completions "HTTP/1.1 404 Not Found"
2025-11-16 18:42:34,717 - INFO - HTTP Request: POST http://localhost:11434/chat/completions "HTTP/1.1 404 Not Found"
2025-11-16 18:42:34,718 - WARNING - Exception for chunk chunk-8d4fe2ce6019a51ea690de6faaf9f1be: RetryError[<Future at 0x7a631f2bc9a0 state=finished raised NotFoundError>]
2025-11-16 18:42:34,727 - INFO - HTTP Request: POST http://localhost:11434/chat/completions "HTTP/1.1 404 Not Found"
2025-11-16 18:42:34,774 - INFO - HTTP Request: POST http://localhost:11434/chat/completions "HTTP/1.1 404 Not Found"
2025-11-16 18:42:34,775 - WARNING - Exception for chunk chunk-70994ff27250a65202a940835d4ae2d5: RetryError[<Future at 0x7a631f22da80 state=finished raised NotFoundError>]
2025-11-16 18:42:34,782 - INFO - HTTP Request: POST http://localhost:11434/chat/completions "HTTP/1.1 404 Not Found"
2025-11-16 18:42:34,811 - INFO - HTTP Request: POST http://localhost:11434/chat/completions "HTTP/1.1 404 Not Found"
2025-11-16 18:42:34,812 - WARNING - Exception for chunk chunk-216aa74923ed2b64537a52e303e241f4: RetryError[<Future at 0x7a631f2a1f90 state=finished raised NotFoundError>]
2025-11-16 18:42:34,818 - INFO - HTTP Request: POST http://localhost:11434/chat/completions "HTTP/1.1 404 Not Found"
2025-11-16 18:42:34,914 - INFO - HTTP Request: POST http://localhost:11434/chat/completions "HTTP/1.1 404 Not Found"
2025-11-16 18:42:34,915 - INFO - HTTP Request: POST http://localhost:11434/chat/completions "HTTP/1.1 404 Not Found"
2025-11-16 18:42:34,917 - WARNING - Exception for chunk chunk-46e28dcdb17b9a92750e398b26d8add5: RetryError[<Future at 0x7a631f2e1660 state=finished raised NotFoundError>]
2025-11-16 18:42:34,918 - WARNING - Exception for chunk chunk-46efeac4ffc553bbf56b79c54fd835c9: RetryError[<Future at 0x7a631f2bc490 state=finished raised NotFoundError>]
2025-11-16 18:42:34,928 - INFO - HTTP Request: POST http://localhost:11434/chat/completions "HTTP/1.1 404 Not Found"
2025-11-16 18:42:34,944 - INFO - HTTP Request: POST http://localhost:11434/chat/completions "HTTP/1.1 404 Not Found"
2025-11-16 18:42:34,946 - WARNING - Exception for chunk chunk-0c7a2d655b1a2f9a649d5856bf679edd: RetryError[<Future at 0x7a631f2cdea0 state=finished raised NotFoundError>]
2025-11-16 18:42:34,956 - INFO - HTTP Request: POST http://localhost:11434/chat/completions "HTTP/1.1 404 Not Found"
2025-11-16 18:42:34,978 - INFO - HTTP Request: POST http://localhost:11434/chat/completions "HTTP/1.1 404 Not Found"
2025-11-16 18:42:35,011 - INFO - HTTP Request: POST http://localhost:11434/chat/completions "HTTP/1.1 404 Not Found"
2025-11-16 18:42:35,012 - WARNING - Exception for chunk chunk-b4ccc74138ccd1917769097699a026b5: RetryError[<Future at 0x7a631f137d90 state=finished raised NotFoundError>]
2025-11-16 18:42:35,022 - INFO - HTTP Request: POST http://localhost:11434/chat/completions "HTTP/1.1 404 Not Found"
2025-11-16 18:42:35,062 - INFO - HTTP Request: POST http://localhost:11434/chat/completions "HTTP/1.1 404 Not Found"
2025-11-16 18:42:35,063 - WARNING - Exception for chunk chunk-d631f53e0616c0a68100d5213dc567d4: RetryError[<Future at 0x7a631f1569e0 state=finished raised NotFoundError>]
2025-11-16 18:42:35,077 - INFO - HTTP Request: POST http://localhost:11434/chat/completions "HTTP/1.1 404 Not Found"
2025-11-16 18:42:35,078 - INFO - HTTP Request: POST http://localhost:11434/chat/completions "HTTP/1.1 404 Not Found"
2025-11-16 18:42:35,080 - WARNING - Exception for chunk chunk-818702dfcf0b4a9738a4728c1b704b73: RetryError[<Future at 0x7a631f1343d0 state=finished raised NotFoundError>]
2025-11-16 18:42:35,088 - INFO - HTTP Request: POST http://localhost:11434/chat/completions "HTTP/1.1 404 Not Found"
2025-11-16 18:42:35,165 - INFO - HTTP Request: POST http://localhost:11434/chat/completions "HTTP/1.1 404 Not Found"
2025-11-16 18:42:35,166 - WARNING - Exception for chunk chunk-dc5182c21c36cdbbe7388a8678d1fe71: RetryError[<Future at 0x7a631f1567d0 state=finished raised NotFoundError>]
2025-11-16 18:42:35,177 - INFO - HTTP Request: POST http://localhost:11434/chat/completions "HTTP/1.1 404 Not Found"
2025-11-16 18:42:35,253 - INFO - HTTP Request: POST http://localhost:11434/chat/completions "HTTP/1.1 404 Not Found"
2025-11-16 18:42:35,254 - WARNING - Exception for chunk chunk-a89c669056e70f1283d5d5463110d31e: RetryError[<Future at 0x7a631f157c40 state=finished raised NotFoundError>]
2025-11-16 18:42:35,267 - INFO - HTTP Request: POST http://localhost:11434/chat/completions "HTTP/1.1 404 Not Found"
2025-11-16 18:42:35,268 - WARNING - Exception for chunk chunk-69810379cd52883e4e99129fa8818046: RetryError[<Future at 0x7a631f2bffa0 state=finished raised NotFoundError>]
2025-11-16 18:42:35,269 - INFO - HTTP Request: POST http://localhost:11434/chat/completions "HTTP/1.1 404 Not Found"
2025-11-16 18:42:35,277 - INFO - HTTP Request: POST http://localhost:11434/chat/completions "HTTP/1.1 404 Not Found"
2025-11-16 18:42:35,318 - INFO - HTTP Request: POST http://localhost:11434/chat/completions "HTTP/1.1 404 Not Found"
2025-11-16 18:42:35,320 - WARNING - Exception for chunk chunk-a993c55beaacb0a127bd84a156b7fd64: RetryError[<Future at 0x7a631f16fca0 state=finished raised NotFoundError>]
2025-11-16 18:42:35,330 - INFO - HTTP Request: POST http://localhost:11434/chat/completions "HTTP/1.1 404 Not Found"
2025-11-16 18:42:35,374 - INFO - HTTP Request: POST http://localhost:11434/chat/completions "HTTP/1.1 404 Not Found"
2025-11-16 18:42:35,376 - WARNING - Exception for chunk chunk-31c907835661d19d9ab7e0eedaaf231c: RetryError[<Future at 0x7a631f449e10 state=finished raised NotFoundError>]
2025-11-16 18:42:35,383 - INFO - HTTP Request: POST http://localhost:11434/chat/completions "HTTP/1.1 404 Not Found"
2025-11-16 18:42:35,388 - INFO - HTTP Request: POST http://localhost:11434/chat/completions "HTTP/1.1 404 Not Found"
2025-11-16 18:42:35,389 - WARNING - Exception for chunk chunk-e9dbe232fcb09fd3518254ea3458b82f: RetryError[<Future at 0x7a631f182110 state=finished raised NotFoundError>]
2025-11-16 18:42:35,399 - INFO - HTTP Request: POST http://localhost:11434/chat/completions "HTTP/1.1 404 Not Found"
2025-11-16 18:42:35,401 - INFO - HTTP Request: POST http://localhost:11434/chat/completions "HTTP/1.1 404 Not Found"
2025-11-16 18:42:35,402 - WARNING - Exception for chunk chunk-220bab607f293db1eee861126f9719f8: RetryError[<Future at 0x7a631f134550 state=finished raised NotFoundError>]
2025-11-16 18:42:35,410 - INFO - HTTP Request: POST http://localhost:11434/chat/completions "HTTP/1.1 404 Not Found"
2025-11-16 18:42:35,732 - INFO - HTTP Request: POST http://localhost:11434/chat/completions "HTTP/1.1 404 Not Found"
2025-11-16 18:42:35,732 - WARNING - Exception for chunk chunk-15a820f7d29c70f2b1495bac61c4315f: RetryError[<Future at 0x7a631f181bd0 state=finished raised NotFoundError>]
2025-11-16 18:42:35,737 - INFO - HTTP Request: POST http://localhost:11434/chat/completions "HTTP/1.1 404 Not Found"
2025-11-16 18:42:35,786 - INFO - HTTP Request: POST http://localhost:11434/chat/completions "HTTP/1.1 404 Not Found"
2025-11-16 18:42:35,787 - WARNING - Exception for chunk chunk-6ccf0afbaa3a176ec38122bf94a89747: RetryError[<Future at 0x7a631f19e9e0 state=finished raised NotFoundError>]
2025-11-16 18:42:35,792 - INFO - HTTP Request: POST http://localhost:11434/chat/completions "HTTP/1.1 404 Not Found"
2025-11-16 18:42:35,822 - INFO - HTTP Request: POST http://localhost:11434/chat/completions "HTTP/1.1 404 Not Found"
2025-11-16 18:42:35,822 - WARNING - Exception for chunk chunk-7c6c1abefec2d81db51bdbc2f1fb142e: RetryError[<Future at 0x7a631f16f1c0 state=finished raised NotFoundError>]
2025-11-16 18:42:35,826 - INFO - HTTP Request: POST http://localhost:11434/chat/completions "HTTP/1.1 404 Not Found"
2025-11-16 18:42:35,939 - INFO - HTTP Request: POST http://localhost:11434/chat/completions "HTTP/1.1 404 Not Found"
2025-11-16 18:42:35,941 - WARNING - Exception for chunk chunk-f065d0116a1aeaab051be4b5b1df9d3c: RetryError[<Future at 0x7a631f181690 state=finished raised NotFoundError>]
2025-11-16 18:42:35,956 - INFO - HTTP Request: POST http://localhost:11434/chat/completions "HTTP/1.1 404 Not Found"
2025-11-16 18:42:35,969 - INFO - HTTP Request: POST http://localhost:11434/chat/completions "HTTP/1.1 404 Not Found"
2025-11-16 18:42:35,970 - WARNING - Exception for chunk chunk-d354eae61a13339aaa56b2da63c11bc7: RetryError[<Future at 0x7a631f1b6380 state=finished raised NotFoundError>]
2025-11-16 18:42:35,981 - INFO - HTTP Request: POST http://localhost:11434/chat/completions "HTTP/1.1 404 Not Found"
2025-11-16 18:42:35,984 - INFO - HTTP Request: POST http://localhost:11434/chat/completions "HTTP/1.1 404 Not Found"
2025-11-16 18:42:35,985 - WARNING - Exception for chunk chunk-ee4fb411c197de0ed2b9d2204c095dc0: RetryError[<Future at 0x7a631f22e260 state=finished raised NotFoundError>]
2025-11-16 18:42:35,990 - INFO - HTTP Request: POST http://localhost:11434/chat/completions "HTTP/1.1 404 Not Found"
2025-11-16 18:42:36,028 - INFO - HTTP Request: POST http://localhost:11434/chat/completions "HTTP/1.1 404 Not Found"
2025-11-16 18:42:36,028 - WARNING - Exception for chunk chunk-71a7dd8ec0498ed0e9c6c4af0305ce47: RetryError[<Future at 0x7a631f19f520 state=finished raised NotFoundError>]
2025-11-16 18:42:36,033 - INFO - HTTP Request: POST http://localhost:11434/chat/completions "HTTP/1.1 404 Not Found"
2025-11-16 18:42:36,084 - INFO - HTTP Request: POST http://localhost:11434/chat/completions "HTTP/1.1 404 Not Found"
2025-11-16 18:42:36,085 - WARNING - Exception for chunk chunk-cc58db177b5ebe07b62823a9a9d1a378: RetryError[<Future at 0x7a631f183460 state=finished raised NotFoundError>]
2025-11-16 18:42:36,094 - INFO - HTTP Request: POST http://localhost:11434/chat/completions "HTTP/1.1 404 Not Found"
2025-11-16 18:42:36,094 - INFO - HTTP Request: POST http://localhost:11434/chat/completions "HTTP/1.1 404 Not Found"
2025-11-16 18:42:36,095 - WARNING - Exception for chunk chunk-64e1b6be71ca091d2be66f81abff4541: RetryError[<Future at 0x7a631f22e0b0 state=finished raised NotFoundError>]
2025-11-16 18:42:36,099 - INFO - HTTP Request: POST http://localhost:11434/chat/completions "HTTP/1.1 404 Not Found"
2025-11-16 18:42:36,187 - INFO - HTTP Request: POST http://localhost:11434/chat/completions "HTTP/1.1 404 Not Found"
2025-11-16 18:42:36,189 - WARNING - Exception for chunk chunk-7500dc5672546ed13ab9add64baceb0d: RetryError[<Future at 0x7a631f181330 state=finished raised NotFoundError>]
2025-11-16 18:42:36,201 - INFO - HTTP Request: POST http://localhost:11434/chat/completions "HTTP/1.1 404 Not Found"
2025-11-16 18:42:36,286 - INFO - HTTP Request: POST http://localhost:11434/chat/completions "HTTP/1.1 404 Not Found"
2025-11-16 18:42:36,288 - WARNING - Exception for chunk chunk-c07b4916512384d2da996baa19d1399a: RetryError[<Future at 0x7a631f19dd80 state=finished raised NotFoundError>]
2025-11-16 18:42:36,290 - INFO - HTTP Request: POST http://localhost:11434/chat/completions "HTTP/1.1 404 Not Found"
2025-11-16 18:42:36,292 - WARNING - Exception for chunk chunk-2cbfaae5af29955c9a51d24ab2ef39ac: RetryError[<Future at 0x7a631f180430 state=finished raised NotFoundError>]
2025-11-16 18:42:36,308 - INFO - HTTP Request: POST http://localhost:11434/chat/completions "HTTP/1.1 404 Not Found"
2025-11-16 18:42:36,341 - INFO - HTTP Request: POST http://localhost:11434/chat/completions "HTTP/1.1 404 Not Found"
2025-11-16 18:42:36,343 - WARNING - Exception for chunk chunk-c69ad9c6ff68e2ab5a808fc6a8cf111e: RetryError[<Future at 0x7a63403ec2e0 state=finished raised NotFoundError>]
2025-11-16 18:42:36,357 - INFO - HTTP Request: POST http://localhost:11434/chat/completions "HTTP/1.1 404 Not Found"
2025-11-16 18:42:36,365 - INFO - HTTP Request: POST http://localhost:11434/chat/completions "HTTP/1.1 404 Not Found"
2025-11-16 18:42:36,391 - INFO - HTTP Request: POST http://localhost:11434/chat/completions "HTTP/1.1 404 Not Found"
2025-11-16 18:42:36,392 - WARNING - Exception for chunk chunk-0fe4139c36baf7631ec326c920073711: RetryError[<Future at 0x7a631f157280 state=finished raised NotFoundError>]
2025-11-16 18:42:36,407 - INFO - HTTP Request: POST http://localhost:11434/chat/completions "HTTP/1.1 404 Not Found"
2025-11-16 18:42:36,409 - INFO - HTTP Request: POST http://localhost:11434/chat/completions "HTTP/1.1 404 Not Found"
2025-11-16 18:42:36,410 - WARNING - Exception for chunk chunk-4216eb7c798ecbbb334f6c0a664d9487: RetryError[<Future at 0x7a631f2e1ed0 state=finished raised NotFoundError>]
2025-11-16 18:42:36,418 - INFO - HTTP Request: POST http://localhost:11434/chat/completions "HTTP/1.1 404 Not Found"
2025-11-16 18:42:36,420 - WARNING - Exception for chunk chunk-4b88a640aef10d36cfe0ed13c51af98d: RetryError[<Future at 0x7a631f1562f0 state=finished raised NotFoundError>]
2025-11-16 18:42:36,428 - INFO - HTTP Request: POST http://localhost:11434/chat/completions "HTTP/1.1 404 Not Found"
2025-11-16 18:42:36,482 - INFO - HTTP Request: POST http://localhost:11434/chat/completions "HTTP/1.1 404 Not Found"
2025-11-16 18:42:36,748 - INFO - HTTP Request: POST http://localhost:11434/chat/completions "HTTP/1.1 404 Not Found"
2025-11-16 18:42:36,750 - WARNING - Exception for chunk chunk-98978beabdd4b47633fb76da70fcf357: RetryError[<Future at 0x7a631f214d90 state=finished raised NotFoundError>]
2025-11-16 18:42:36,764 - INFO - HTTP Request: POST http://localhost:11434/chat/completions "HTTP/1.1 404 Not Found"
2025-11-16 18:42:36,797 - INFO - HTTP Request: POST http://localhost:11434/chat/completions "HTTP/1.1 404 Not Found"
2025-11-16 18:42:36,798 - WARNING - Exception for chunk chunk-8d54c7cb3bc9f3967d7914eb2efa3def: RetryError[<Future at 0x7a631f1352d0 state=finished raised NotFoundError>]
2025-11-16 18:42:36,804 - INFO - HTTP Request: POST http://localhost:11434/chat/completions "HTTP/1.1 404 Not Found"
2025-11-16 18:42:36,832 - INFO - HTTP Request: POST http://localhost:11434/chat/completions "HTTP/1.1 404 Not Found"
2025-11-16 18:42:36,833 - WARNING - Exception for chunk chunk-ba4c302f5f00edc987499b0d60e74478: RetryError[<Future at 0x7a631f273040 state=finished raised NotFoundError>]
2025-11-16 18:42:36,840 - INFO - HTTP Request: POST http://localhost:11434/chat/completions "HTTP/1.1 404 Not Found"
2025-11-16 18:42:36,967 - INFO - HTTP Request: POST http://localhost:11434/chat/completions "HTTP/1.1 404 Not Found"
2025-11-16 18:42:36,969 - WARNING - Exception for chunk chunk-0a311653cee68f8667bcef335c3a0341: RetryError[<Future at 0x7a631f154940 state=finished raised NotFoundError>]
2025-11-16 18:42:36,982 - INFO - HTTP Request: POST http://localhost:11434/chat/completions "HTTP/1.1 404 Not Found"
2025-11-16 18:42:37,001 - INFO - HTTP Request: POST http://localhost:11434/chat/completions "HTTP/1.1 404 Not Found"
2025-11-16 18:42:37,004 - WARNING - Exception for chunk chunk-668eb2f50e57818e01da0a8f90e9a311: RetryError[<Future at 0x7a63403d4df0 state=finished raised NotFoundError>]
2025-11-16 18:42:37,009 - INFO - HTTP Request: POST http://localhost:11434/chat/completions "HTTP/1.1 404 Not Found"
2025-11-16 18:42:37,010 - WARNING - Exception for chunk chunk-b3fc17fa1ab035f81da13e61f929d139: RetryError[<Future at 0x7a631f247520 state=finished raised NotFoundError>]
2025-11-16 18:42:37,021 - INFO - HTTP Request: POST http://localhost:11434/chat/completions "HTTP/1.1 404 Not Found"
2025-11-16 18:42:37,045 - INFO - HTTP Request: POST http://localhost:11434/chat/completions "HTTP/1.1 404 Not Found"
2025-11-16 18:42:37,046 - WARNING - Exception for chunk chunk-3d1dec9b654e12a417baeedfb7c25287: RetryError[<Future at 0x7a63403d4760 state=finished raised NotFoundError>]
2025-11-16 18:42:37,058 - INFO - HTTP Request: POST http://localhost:11434/chat/completions "HTTP/1.1 404 Not Found"
2025-11-16 18:42:37,076 - INFO - HTTP Request: POST http://localhost:11434/chat/completions "HTTP/1.1 404 Not Found"
2025-11-16 18:42:37,100 - INFO - HTTP Request: POST http://localhost:11434/chat/completions "HTTP/1.1 404 Not Found"
2025-11-16 18:42:37,100 - WARNING - Exception for chunk chunk-b3672423811ec5591d4fd714325d483b: RetryError[<Future at 0x7a631f1b6c80 state=finished raised NotFoundError>]
2025-11-16 18:42:37,105 - INFO - HTTP Request: POST http://localhost:11434/chat/completions "HTTP/1.1 404 Not Found"
2025-11-16 18:42:37,106 - WARNING - Exception for chunk chunk-76c63aeadeba6246942c7e32add9faeb: RetryError[<Future at 0x7a631f116140 state=finished raised NotFoundError>]
2025-11-16 18:42:37,111 - INFO - HTTP Request: POST http://localhost:11434/chat/completions "HTTP/1.1 404 Not Found"
2025-11-16 18:42:37,115 - INFO - HTTP Request: POST http://localhost:11434/chat/completions "HTTP/1.1 404 Not Found"
2025-11-16 18:42:37,206 - INFO - HTTP Request: POST http://localhost:11434/chat/completions "HTTP/1.1 404 Not Found"
2025-11-16 18:42:37,206 - WARNING - Exception for chunk chunk-c385440bee0a44e6fdfa725dcf044d18: RetryError[<Future at 0x7a631f135f00 state=finished raised NotFoundError>]
2025-11-16 18:42:37,211 - INFO - HTTP Request: POST http://localhost:11434/chat/completions "HTTP/1.1 404 Not Found"
2025-11-16 18:42:37,315 - INFO - HTTP Request: POST http://localhost:11434/chat/completions "HTTP/1.1 404 Not Found"
2025-11-16 18:42:37,316 - WARNING - Exception for chunk chunk-48708f4654c508924d92e912a643f5fe: RetryError[<Future at 0x7a631f1b7f70 state=finished raised NotFoundError>]
2025-11-16 18:42:37,322 - INFO - HTTP Request: POST http://localhost:11434/chat/completions "HTTP/1.1 404 Not Found"
2025-11-16 18:42:37,361 - INFO - HTTP Request: POST http://localhost:11434/chat/completions "HTTP/1.1 404 Not Found"
2025-11-16 18:42:37,361 - WARNING - Exception for chunk chunk-49ddf43da03557683ca18fe7f3bdd31d: RetryError[<Future at 0x7a63403d7af0 state=finished raised NotFoundError>]
2025-11-16 18:42:37,366 - INFO - HTTP Request: POST http://localhost:11434/chat/completions "HTTP/1.1 404 Not Found"
2025-11-16 18:42:37,370 - INFO - HTTP Request: POST http://localhost:11434/chat/completions "HTTP/1.1 404 Not Found"
2025-11-16 18:42:37,371 - WARNING - Exception for chunk chunk-7fae9d995840617a8e129d1a730702dc: RetryError[<Future at 0x7a631f1de710 state=finished raised NotFoundError>]
2025-11-16 18:42:37,375 - INFO - HTTP Request: POST http://localhost:11434/chat/completions "HTTP/1.1 404 Not Found"
2025-11-16 18:42:37,411 - INFO - HTTP Request: POST http://localhost:11434/chat/completions "HTTP/1.1 404 Not Found"
2025-11-16 18:42:37,412 - WARNING - Exception for chunk chunk-1f461ee9629de8906518e2fa3a4387a6: RetryError[<Future at 0x7a631f1df910 state=finished raised NotFoundError>]
2025-11-16 18:42:37,416 - INFO - HTTP Request: POST http://localhost:11434/chat/completions "HTTP/1.1 404 Not Found"
2025-11-16 18:42:37,432 - INFO - HTTP Request: POST http://localhost:11434/chat/completions "HTTP/1.1 404 Not Found"
2025-11-16 18:42:37,433 - WARNING - Exception for chunk chunk-e21e7ac13e6f98f28bcc5cca4e0fa981: RetryError[<Future at 0x7a631f1de830 state=finished raised NotFoundError>]
2025-11-16 18:42:37,439 - INFO - HTTP Request: POST http://localhost:11434/chat/completions "HTTP/1.1 404 Not Found"
2025-11-16 18:42:37,487 - INFO - HTTP Request: POST http://localhost:11434/chat/completions "HTTP/1.1 404 Not Found"
2025-11-16 18:42:37,488 - WARNING - Exception for chunk chunk-5aefa38efe65e7503ddda09e5bab2156: RetryError[<Future at 0x7a631effa2c0 state=finished raised NotFoundError>]
2025-11-16 18:42:37,492 - INFO - HTTP Request: POST http://localhost:11434/chat/completions "HTTP/1.1 404 Not Found"
2025-11-16 18:42:37,769 - INFO - HTTP Request: POST http://localhost:11434/chat/completions "HTTP/1.1 404 Not Found"
2025-11-16 18:42:37,770 - WARNING - Exception for chunk chunk-5f43992631af4e6a1675f179bf369d51: RetryError[<Future at 0x7a631f1dc940 state=finished raised NotFoundError>]
2025-11-16 18:42:37,774 - INFO - HTTP Request: POST http://localhost:11434/chat/completions "HTTP/1.1 404 Not Found"
2025-11-16 18:42:37,808 - INFO - HTTP Request: POST http://localhost:11434/chat/completions "HTTP/1.1 404 Not Found"
2025-11-16 18:42:37,809 - WARNING - Exception for chunk chunk-04e0a7c6703b236291ec720a6fe56a36: RetryError[<Future at 0x7a631eff9810 state=finished raised NotFoundError>]
2025-11-16 18:42:37,813 - INFO - HTTP Request: POST http://localhost:11434/chat/completions "HTTP/1.1 404 Not Found"
2025-11-16 18:42:37,844 - INFO - HTTP Request: POST http://localhost:11434/chat/completions "HTTP/1.1 404 Not Found"
2025-11-16 18:42:37,844 - WARNING - Exception for chunk chunk-23c8fcbdd40516dd556dc61187689c6c: RetryError[<Future at 0x7a631f00e980 state=finished raised NotFoundError>]
2025-11-16 18:42:37,850 - INFO - HTTP Request: POST http://localhost:11434/chat/completions "HTTP/1.1 404 Not Found"
2025-11-16 18:42:37,993 - INFO - HTTP Request: POST http://localhost:11434/chat/completions "HTTP/1.1 404 Not Found"
2025-11-16 18:42:37,994 - WARNING - Exception for chunk chunk-5324415f191c0fb535502b5f9ae797c3: RetryError[<Future at 0x7a631f136d40 state=finished raised NotFoundError>]
2025-11-16 18:42:38,006 - INFO - HTTP Request: POST http://localhost:11434/chat/completions "HTTP/1.1 404 Not Found"
2025-11-16 18:42:38,030 - INFO - HTTP Request: POST http://localhost:11434/chat/completions "HTTP/1.1 404 Not Found"
2025-11-16 18:42:38,031 - WARNING - Exception for chunk chunk-3f5859c78126eea2256dc2acbbbd964a: RetryError[<Future at 0x7a631f00c5b0 state=finished raised NotFoundError>]
2025-11-16 18:42:38,039 - INFO - HTTP Request: POST http://localhost:11434/chat/completions "HTTP/1.1 404 Not Found"
2025-11-16 18:42:38,065 - INFO - HTTP Request: POST http://localhost:11434/chat/completions "HTTP/1.1 404 Not Found"
2025-11-16 18:42:38,065 - WARNING - Exception for chunk chunk-c9517d4bf4d7bfec16f2aab07a28a15e: RetryError[<Future at 0x7a631f00ff10 state=finished raised NotFoundError>]
2025-11-16 18:42:38,072 - INFO - HTTP Request: POST http://localhost:11434/chat/completions "HTTP/1.1 404 Not Found"
2025-11-16 18:42:38,084 - INFO - HTTP Request: POST http://localhost:11434/chat/completions "HTTP/1.1 404 Not Found"
2025-11-16 18:42:38,085 - WARNING - Exception for chunk chunk-d02524e412125b7c4b03300d2afa0fd7: RetryError[<Future at 0x7a631eff9de0 state=finished raised NotFoundError>]
2025-11-16 18:42:38,092 - INFO - HTTP Request: POST http://localhost:11434/chat/completions "HTTP/1.1 404 Not Found"
2025-11-16 18:42:38,124 - INFO - HTTP Request: POST http://localhost:11434/chat/completions "HTTP/1.1 404 Not Found"
2025-11-16 18:42:38,126 - WARNING - Exception for chunk chunk-98b6befda86eac7690cef8b6880f995f: RetryError[<Future at 0x7a631f027910 state=finished raised NotFoundError>]
2025-11-16 18:42:38,127 - INFO - HTTP Request: POST http://localhost:11434/chat/completions "HTTP/1.1 404 Not Found"
2025-11-16 18:42:38,130 - WARNING - Exception for chunk chunk-3bc96b2767e2c999ea9e414736ed69cc: RetryError[<Future at 0x7a631f425db0 state=finished raised NotFoundError>]
2025-11-16 18:42:38,141 - INFO - HTTP Request: POST http://localhost:11434/chat/completions "HTTP/1.1 404 Not Found"
2025-11-16 18:42:38,187 - INFO - HTTP Request: POST http://localhost:11434/chat/completions "HTTP/1.1 404 Not Found"
2025-11-16 18:42:38,215 - INFO - HTTP Request: POST http://localhost:11434/chat/completions "HTTP/1.1 404 Not Found"
2025-11-16 18:42:38,216 - WARNING - Exception for chunk chunk-326a25fcaaf4db159fb3fdbf252323bd: RetryError[<Future at 0x7a631f0249a0 state=finished raised NotFoundError>]
2025-11-16 18:42:38,220 - INFO - HTTP Request: POST http://localhost:11434/chat/completions "HTTP/1.1 404 Not Found"
2025-11-16 18:42:38,326 - INFO - HTTP Request: POST http://localhost:11434/chat/completions "HTTP/1.1 404 Not Found"
2025-11-16 18:42:38,326 - WARNING - Exception for chunk chunk-2721ae9af32c090970e6f03fb62b4633: RetryError[<Future at 0x7a631f00f9a0 state=finished raised NotFoundError>]
2025-11-16 18:42:38,332 - INFO - HTTP Request: POST http://localhost:11434/chat/completions "HTTP/1.1 404 Not Found"
2025-11-16 18:42:38,370 - INFO - HTTP Request: POST http://localhost:11434/chat/completions "HTTP/1.1 404 Not Found"
2025-11-16 18:42:38,371 - WARNING - Exception for chunk chunk-e55565e7edde847bf7615a0f374d9d53: RetryError[<Future at 0x7a631f026020 state=finished raised NotFoundError>]
2025-11-16 18:42:38,376 - INFO - HTTP Request: POST http://localhost:11434/chat/completions "HTTP/1.1 404 Not Found"
2025-11-16 18:42:38,380 - INFO - HTTP Request: POST http://localhost:11434/chat/completions "HTTP/1.1 404 Not Found"
2025-11-16 18:42:38,382 - WARNING - Exception for chunk chunk-a149c4f5ddc4a67f89558ca30d9c3ce1: RetryError[<Future at 0x7a631f00f8b0 state=finished raised NotFoundError>]
2025-11-16 18:42:38,390 - INFO - HTTP Request: POST http://localhost:11434/chat/completions "HTTP/1.1 404 Not Found"
2025-11-16 18:42:38,421 - INFO - HTTP Request: POST http://localhost:11434/chat/completions "HTTP/1.1 404 Not Found"
2025-11-16 18:42:38,422 - WARNING - Exception for chunk chunk-99a22d954661f95bf12e671c7e4c1807: RetryError[<Future at 0x7a631effa320 state=finished raised NotFoundError>]
2025-11-16 18:42:38,428 - INFO - HTTP Request: POST http://localhost:11434/chat/completions "HTTP/1.1 404 Not Found"
2025-11-16 18:42:38,444 - INFO - HTTP Request: POST http://localhost:11434/chat/completions "HTTP/1.1 404 Not Found"
2025-11-16 18:42:38,445 - WARNING - Exception for chunk chunk-53ee49a50bebd9c6510b84c1cbc4d635: RetryError[<Future at 0x7a631effb2e0 state=finished raised NotFoundError>]
2025-11-16 18:42:38,450 - INFO - HTTP Request: POST http://localhost:11434/chat/completions "HTTP/1.1 404 Not Found"
2025-11-16 18:42:38,496 - INFO - HTTP Request: POST http://localhost:11434/chat/completions "HTTP/1.1 404 Not Found"
2025-11-16 18:42:38,497 - WARNING - Exception for chunk chunk-84a2501a9327776ed9387231e2b9c835: RetryError[<Future at 0x7a631f00df00 state=finished raised NotFoundError>]
2025-11-16 18:42:38,502 - INFO - HTTP Request: POST http://localhost:11434/chat/completions "HTTP/1.1 404 Not Found"
2025-11-16 18:42:38,788 - INFO - HTTP Request: POST http://localhost:11434/chat/completions "HTTP/1.1 404 Not Found"
2025-11-16 18:42:38,789 - WARNING - Exception for chunk chunk-0f57feecd214635ea6bba4daaf7243ed: RetryError[<Future at 0x7a631f1dd2a0 state=finished raised NotFoundError>]
2025-11-16 18:42:38,796 - INFO - HTTP Request: POST http://localhost:11434/chat/completions "HTTP/1.1 404 Not Found"
2025-11-16 18:42:38,817 - INFO - HTTP Request: POST http://localhost:11434/chat/completions "HTTP/1.1 404 Not Found"
2025-11-16 18:42:38,818 - WARNING - Exception for chunk chunk-22f5f39647afaafe166c01c14f118f64: RetryError[<Future at 0x7a631f2e09a0 state=finished raised NotFoundError>]
2025-11-16 18:42:38,826 - INFO - HTTP Request: POST http://localhost:11434/chat/completions "HTTP/1.1 404 Not Found"
2025-11-16 18:42:38,854 - INFO - HTTP Request: POST http://localhost:11434/chat/completions "HTTP/1.1 404 Not Found"
2025-11-16 18:42:38,855 - WARNING - Exception for chunk chunk-2189ae398679a53760e34bf627780466: RetryError[<Future at 0x7a631f16f070 state=finished raised NotFoundError>]
2025-11-16 18:42:38,859 - INFO - HTTP Request: POST http://localhost:11434/chat/completions "HTTP/1.1 404 Not Found"
2025-11-16 18:42:39,018 - INFO - HTTP Request: POST http://localhost:11434/chat/completions "HTTP/1.1 404 Not Found"
2025-11-16 18:42:39,019 - WARNING - Exception for chunk chunk-1478fb2556f6f2030877dcd619ccc501: RetryError[<Future at 0x7a631f1de380 state=finished raised NotFoundError>]
2025-11-16 18:42:39,030 - INFO - HTTP Request: POST http://localhost:11434/chat/completions "HTTP/1.1 404 Not Found"
2025-11-16 18:42:39,049 - INFO - HTTP Request: POST http://localhost:11434/chat/completions "HTTP/1.1 404 Not Found"
2025-11-16 18:42:39,051 - WARNING - Exception for chunk chunk-186abf3b58b1794466255b391e95b8a5: RetryError[<Future at 0x7a631f2cd990 state=finished raised NotFoundError>]
2025-11-16 18:42:39,063 - INFO - HTTP Request: POST http://localhost:11434/chat/completions "HTTP/1.1 404 Not Found"
2025-11-16 18:42:39,082 - INFO - HTTP Request: POST http://localhost:11434/chat/completions "HTTP/1.1 404 Not Found"
2025-11-16 18:42:39,083 - WARNING - Exception for chunk chunk-3a114ac39586de3ef800895041023c93: RetryError[<Future at 0x7a631f2cfaf0 state=finished raised NotFoundError>]
2025-11-16 18:42:39,095 - INFO - HTTP Request: POST http://localhost:11434/chat/completions "HTTP/1.1 404 Not Found"
2025-11-16 18:42:39,105 - INFO - HTTP Request: POST http://localhost:11434/chat/completions "HTTP/1.1 404 Not Found"
2025-11-16 18:42:39,106 - WARNING - Exception for chunk chunk-04092ecb5ba775dfdadae0df870cf565: RetryError[<Future at 0x7a631f026170 state=finished raised NotFoundError>]
2025-11-16 18:42:39,117 - INFO - HTTP Request: POST http://localhost:11434/chat/completions "HTTP/1.1 404 Not Found"
2025-11-16 18:42:39,151 - INFO - HTTP Request: POST http://localhost:11434/chat/completions "HTTP/1.1 404 Not Found"
2025-11-16 18:42:39,152 - WARNING - Exception for chunk chunk-3f8ea249aac741e7335b098278cd24d8: RetryError[<Future at 0x7a631f19ed70 state=finished raised NotFoundError>]
2025-11-16 18:42:39,165 - INFO - HTTP Request: POST http://localhost:11434/chat/completions "HTTP/1.1 404 Not Found"
2025-11-16 18:42:39,195 - INFO - HTTP Request: POST http://localhost:11434/chat/completions "HTTP/1.1 404 Not Found"
2025-11-16 18:42:39,196 - WARNING - Exception for chunk chunk-66bacb0506ddb4685f4eb80cd679f839: RetryError[<Future at 0x7a631f1035b0 state=finished raised NotFoundError>]
2025-11-16 18:42:39,204 - INFO - HTTP Request: POST http://localhost:11434/chat/completions "HTTP/1.1 404 Not Found"
2025-11-16 18:42:39,225 - INFO - HTTP Request: POST http://localhost:11434/chat/completions "HTTP/1.1 404 Not Found"
2025-11-16 18:42:39,226 - WARNING - Exception for chunk chunk-dd64895b9c3cf8ed7c374d903fea02e1: RetryError[<Future at 0x7a631f2cca30 state=finished raised NotFoundError>]
2025-11-16 18:42:39,232 - INFO - HTTP Request: POST http://localhost:11434/chat/completions "HTTP/1.1 404 Not Found"
2025-11-16 18:42:39,342 - INFO - HTTP Request: POST http://localhost:11434/chat/completions "HTTP/1.1 404 Not Found"
2025-11-16 18:42:39,343 - WARNING - Exception for chunk chunk-68207d73b8ca0fd9b51aa03136075312: RetryError[<Future at 0x7a631f2be8c0 state=finished raised NotFoundError>]
2025-11-16 18:42:39,356 - INFO - HTTP Request: POST http://localhost:11434/chat/completions "HTTP/1.1 404 Not Found"
2025-11-16 18:42:39,385 - INFO - HTTP Request: POST http://localhost:11434/chat/completions "HTTP/1.1 404 Not Found"
2025-11-16 18:42:39,387 - WARNING - Exception for chunk chunk-46ba593dfa0cd8a326b9f3acc7d7afa5: RetryError[<Future at 0x7a631f16d9c0 state=finished raised NotFoundError>]
2025-11-16 18:42:39,407 - INFO - HTTP Request: POST http://localhost:11434/chat/completions "HTTP/1.1 404 Not Found"
2025-11-16 18:42:39,410 - INFO - HTTP Request: POST http://localhost:11434/chat/completions "HTTP/1.1 404 Not Found"
2025-11-16 18:42:39,412 - WARNING - Exception for chunk chunk-6a93bf8ef09ca318f37346dc9ebe7ba3: RetryError[<Future at 0x7a631f0272e0 state=finished raised NotFoundError>]
2025-11-16 18:42:39,425 - INFO - HTTP Request: POST http://localhost:11434/chat/completions "HTTP/1.1 404 Not Found"
2025-11-16 18:42:39,437 - INFO - HTTP Request: POST http://localhost:11434/chat/completions "HTTP/1.1 404 Not Found"
2025-11-16 18:42:39,439 - WARNING - Exception for chunk chunk-4b89c4cfd6df882a1f17d0d058533e20: RetryError[<Future at 0x7a631f043490 state=finished raised NotFoundError>]
2025-11-16 18:42:39,451 - INFO - HTTP Request: POST http://localhost:11434/chat/completions "HTTP/1.1 404 Not Found"
2025-11-16 18:42:39,464 - INFO - HTTP Request: POST http://localhost:11434/chat/completions "HTTP/1.1 404 Not Found"
2025-11-16 18:42:39,465 - WARNING - Exception for chunk chunk-f536c6c9a5705009857018397b4019c7: RetryError[<Future at 0x7a631f1b43a0 state=finished raised NotFoundError>]
2025-11-16 18:42:39,473 - INFO - HTTP Request: POST http://localhost:11434/chat/completions "HTTP/1.1 404 Not Found"
2025-11-16 18:42:39,506 - INFO - HTTP Request: POST http://localhost:11434/chat/completions "HTTP/1.1 404 Not Found"
2025-11-16 18:42:39,507 - WARNING - Exception for chunk chunk-709ed1072cb3ef1b32be3721a9c0b315: RetryError[<Future at 0x7a631f2bf2e0 state=finished raised NotFoundError>]
2025-11-16 18:42:39,512 - INFO - HTTP Request: POST http://localhost:11434/chat/completions "HTTP/1.1 404 Not Found"
2025-11-16 18:42:39,802 - INFO - HTTP Request: POST http://localhost:11434/chat/completions "HTTP/1.1 404 Not Found"
2025-11-16 18:42:39,803 - WARNING - Exception for chunk chunk-fe29827b468a055ca26368f686ef0b3c: RetryError[<Future at 0x7a631f042fe0 state=finished raised NotFoundError>]
2025-11-16 18:42:39,810 - INFO - HTTP Request: POST http://localhost:11434/chat/completions "HTTP/1.1 404 Not Found"
2025-11-16 18:42:39,832 - INFO - HTTP Request: POST http://localhost:11434/chat/completions "HTTP/1.1 404 Not Found"
2025-11-16 18:42:39,832 - WARNING - Exception for chunk chunk-bb72589f9e157720d8880cf63ac289d6: RetryError[<Future at 0x7a631f059b40 state=finished raised NotFoundError>]
2025-11-16 18:42:39,838 - INFO - HTTP Request: POST http://localhost:11434/chat/completions "HTTP/1.1 404 Not Found"
2025-11-16 18:42:39,866 - INFO - HTTP Request: POST http://localhost:11434/chat/completions "HTTP/1.1 404 Not Found"
2025-11-16 18:42:39,866 - WARNING - Exception for chunk chunk-311d2977c04971fd8324d834696b6134: RetryError[<Future at 0x7a631f07a530 state=finished raised NotFoundError>]
2025-11-16 18:42:39,874 - INFO - HTTP Request: POST http://localhost:11434/chat/completions "HTTP/1.1 404 Not Found"
2025-11-16 18:42:40,036 - INFO - HTTP Request: POST http://localhost:11434/chat/completions "HTTP/1.1 404 Not Found"
2025-11-16 18:42:40,037 - WARNING - Exception for chunk chunk-9cf1ed4b28df883cbcde4b42544967d3: RetryError[<Future at 0x7a631f058280 state=finished raised NotFoundError>]
2025-11-16 18:42:40,042 - INFO - HTTP Request: POST http://localhost:11434/chat/completions "HTTP/1.1 404 Not Found"
2025-11-16 18:42:40,069 - INFO - HTTP Request: POST http://localhost:11434/chat/completions "HTTP/1.1 404 Not Found"
2025-11-16 18:42:40,071 - WARNING - Exception for chunk chunk-fd18d6e0dfed00aaa51f595039062d22: RetryError[<Future at 0x7a631f07baf0 state=finished raised NotFoundError>]
2025-11-16 18:42:40,076 - INFO - HTTP Request: POST http://localhost:11434/chat/completions "HTTP/1.1 404 Not Found"
2025-11-16 18:42:40,115 - INFO - HTTP Request: POST http://localhost:11434/chat/completions "HTTP/1.1 404 Not Found"
2025-11-16 18:42:40,118 - WARNING - Exception for chunk chunk-5cb0e67da4e23502b25337ea479b06f8: RetryError[<Future at 0x7a631f07be20 state=finished raised NotFoundError>]
2025-11-16 18:42:40,131 - INFO - HTTP Request: POST http://localhost:11434/chat/completions "HTTP/1.1 404 Not Found"
2025-11-16 18:42:40,133 - WARNING - Exception for chunk chunk-8982c7786e7cfcae03a66e540c2d88ee: RetryError[<Future at 0x7a631f0948e0 state=finished raised NotFoundError>]
2025-11-16 18:42:40,144 - INFO - HTTP Request: POST http://localhost:11434/chat/completions "HTTP/1.1 404 Not Found"
2025-11-16 18:42:40,173 - INFO - HTTP Request: POST http://localhost:11434/chat/completions "HTTP/1.1 404 Not Found"
2025-11-16 18:42:40,174 - WARNING - Exception for chunk chunk-0aa56de7eb2a04fa00b59b46e408a55b: RetryError[<Future at 0x7a631f0971c0 state=finished raised NotFoundError>]
2025-11-16 18:42:40,183 - INFO - HTTP Request: POST http://localhost:11434/chat/completions "HTTP/1.1 404 Not Found"
2025-11-16 18:42:40,193 - INFO - HTTP Request: POST http://localhost:11434/chat/completions "HTTP/1.1 404 Not Found"
2025-11-16 18:42:40,209 - INFO - HTTP Request: POST http://localhost:11434/chat/completions "HTTP/1.1 404 Not Found"
2025-11-16 18:42:40,211 - WARNING - Exception for chunk chunk-7df7d528a40f8ec25b71d506ef7dbff9: RetryError[<Future at 0x7a631f0978b0 state=finished raised NotFoundError>]
2025-11-16 18:42:40,216 - INFO - HTTP Request: POST http://localhost:11434/chat/completions "HTTP/1.1 404 Not Found"
2025-11-16 18:42:40,238 - INFO - HTTP Request: POST http://localhost:11434/chat/completions "HTTP/1.1 404 Not Found"
2025-11-16 18:42:40,239 - WARNING - Exception for chunk chunk-8c5a18228c9d3e310d9837acef21921e: RetryError[<Future at 0x7a631f0ab880 state=finished raised NotFoundError>]
2025-11-16 18:42:40,256 - INFO - HTTP Request: POST http://localhost:11434/chat/completions "HTTP/1.1 404 Not Found"
2025-11-16 18:42:40,361 - INFO - HTTP Request: POST http://localhost:11434/chat/completions "HTTP/1.1 404 Not Found"
2025-11-16 18:42:40,362 - WARNING - Exception for chunk chunk-8122dbabe09cd88caec44eb7daed0e99: RetryError[<Future at 0x7a631f0abbb0 state=finished raised NotFoundError>]
2025-11-16 18:42:40,366 - INFO - HTTP Request: POST http://localhost:11434/chat/completions "HTTP/1.1 404 Not Found"
2025-11-16 18:42:40,419 - INFO - HTTP Request: POST http://localhost:11434/chat/completions "HTTP/1.1 404 Not Found"
2025-11-16 18:42:40,422 - WARNING - Exception for chunk chunk-06cbee1a3de270556461d1a40910bd10: RetryError[<Future at 0x7a631f0aa470 state=finished raised NotFoundError>]
2025-11-16 18:42:40,446 - INFO - HTTP Request: POST http://localhost:11434/chat/completions "HTTP/1.1 404 Not Found"
2025-11-16 18:42:40,450 - INFO - HTTP Request: POST http://localhost:11434/chat/completions "HTTP/1.1 404 Not Found"
2025-11-16 18:42:40,452 - WARNING - Exception for chunk chunk-975455fa7dcf4f570f7d2dadfe6c06c5: RetryError[<Future at 0x7a631f0a8fa0 state=finished raised NotFoundError>]
2025-11-16 18:42:40,475 - INFO - HTTP Request: POST http://localhost:11434/chat/completions "HTTP/1.1 404 Not Found"
2025-11-16 18:42:40,489 - INFO - HTTP Request: POST http://localhost:11434/chat/completions "HTTP/1.1 404 Not Found"
2025-11-16 18:42:40,492 - WARNING - Exception for chunk chunk-0d20782d05bb09d8504d005642c9fe53: RetryError[<Future at 0x7a631f0aa3e0 state=finished raised NotFoundError>]
2025-11-16 18:42:40,494 - INFO - HTTP Request: POST http://localhost:11434/chat/completions "HTTP/1.1 404 Not Found"
2025-11-16 18:42:40,499 - WARNING - Exception for chunk chunk-15d1d8ffc48a836859fd9d5190ea164e: RetryError[<Future at 0x7a631f498b20 state=finished raised NotFoundError>]
2025-11-16 18:42:40,523 - INFO - HTTP Request: POST http://localhost:11434/chat/completions "HTTP/1.1 404 Not Found"
2025-11-16 18:42:40,526 - INFO - HTTP Request: POST http://localhost:11434/chat/completions "HTTP/1.1 404 Not Found"
2025-11-16 18:42:40,527 - WARNING - Exception for chunk chunk-0d028ea2ab4e8dc7ca74e2bf3b078a70: RetryError[<Future at 0x7a631f0a8bb0 state=finished raised NotFoundError>]
2025-11-16 18:42:40,542 - INFO - HTTP Request: POST http://localhost:11434/chat/completions "HTTP/1.1 404 Not Found"
2025-11-16 18:42:40,570 - INFO - HTTP Request: POST http://localhost:11434/chat/completions "HTTP/1.1 404 Not Found"
2025-11-16 18:42:40,818 - INFO - HTTP Request: POST http://localhost:11434/chat/completions "HTTP/1.1 404 Not Found"
2025-11-16 18:42:40,820 - WARNING - Exception for chunk chunk-65fb54ef6a29e81330ed5fa581486736: RetryError[<Future at 0x7a631f078f10 state=finished raised NotFoundError>]
2025-11-16 18:42:40,831 - INFO - HTTP Request: POST http://localhost:11434/chat/completions "HTTP/1.1 404 Not Found"
2025-11-16 18:42:40,846 - INFO - HTTP Request: POST http://localhost:11434/chat/completions "HTTP/1.1 404 Not Found"
2025-11-16 18:42:40,848 - WARNING - Exception for chunk chunk-2877232a90ca3785b37253f58c9eddff: RetryError[<Future at 0x7a631f078af0 state=finished raised NotFoundError>]
2025-11-16 18:42:40,856 - INFO - HTTP Request: POST http://localhost:11434/chat/completions "HTTP/1.1 404 Not Found"
2025-11-16 18:42:40,883 - INFO - HTTP Request: POST http://localhost:11434/chat/completions "HTTP/1.1 404 Not Found"
2025-11-16 18:42:40,885 - WARNING - Exception for chunk chunk-73721cf098da11a366a14437a266d8ed: RetryError[<Future at 0x7a631f094c70 state=finished raised NotFoundError>]
2025-11-16 18:42:40,894 - INFO - HTTP Request: POST http://localhost:11434/chat/completions "HTTP/1.1 404 Not Found"
2025-11-16 18:42:41,052 - INFO - HTTP Request: POST http://localhost:11434/chat/completions "HTTP/1.1 404 Not Found"
2025-11-16 18:42:41,054 - WARNING - Exception for chunk chunk-4d948dcab8c0e1fdb9663571a21a9c7b: RetryError[<Future at 0x7a631f058250 state=finished raised NotFoundError>]
2025-11-16 18:42:41,068 - INFO - HTTP Request: POST http://localhost:11434/chat/completions "HTTP/1.1 404 Not Found"
2025-11-16 18:42:41,084 - INFO - HTTP Request: POST http://localhost:11434/chat/completions "HTTP/1.1 404 Not Found"
2025-11-16 18:42:41,085 - WARNING - Exception for chunk chunk-eaeeb24648a6554b7d3fbc4e0218d5c8: RetryError[<Future at 0x7a631effa800 state=finished raised NotFoundError>]
2025-11-16 18:42:41,093 - INFO - HTTP Request: POST http://localhost:11434/chat/completions "HTTP/1.1 404 Not Found"
2025-11-16 18:42:41,155 - INFO - HTTP Request: POST http://localhost:11434/chat/completions "HTTP/1.1 404 Not Found"
2025-11-16 18:42:41,157 - WARNING - Exception for chunk chunk-2fb93b3e769a7ef0b9cc72d01479a2e2: RetryError[<Future at 0x7a631f07ad70 state=finished raised NotFoundError>]
2025-11-16 18:42:41,167 - INFO - HTTP Request: POST http://localhost:11434/chat/completions "HTTP/1.1 404 Not Found"
2025-11-16 18:42:41,188 - INFO - HTTP Request: POST http://localhost:11434/chat/completions "HTTP/1.1 404 Not Found"
2025-11-16 18:42:41,189 - WARNING - Exception for chunk chunk-3e58dd00daed89bfb1eda878490efe63: RetryError[<Future at 0x7a631f041390 state=finished raised NotFoundError>]
2025-11-16 18:42:41,193 - INFO - HTTP Request: POST http://localhost:11434/chat/completions "HTTP/1.1 404 Not Found"
2025-11-16 18:42:41,197 - INFO - HTTP Request: POST http://localhost:11434/chat/completions "HTTP/1.1 404 Not Found"
2025-11-16 18:42:41,198 - WARNING - Exception for chunk chunk-61e862b741415774ff9b8c2a9e060be8: RetryError[<Future at 0x7a631f244160 state=finished raised NotFoundError>]
2025-11-16 18:42:41,202 - INFO - HTTP Request: POST http://localhost:11434/chat/completions "HTTP/1.1 404 Not Found"
2025-11-16 18:42:41,221 - INFO - HTTP Request: POST http://localhost:11434/chat/completions "HTTP/1.1 404 Not Found"
2025-11-16 18:42:41,222 - WARNING - Exception for chunk chunk-2983e67fd0975b9814dfb1e8e6eaad9d: RetryError[<Future at 0x7a631f07bb50 state=finished raised NotFoundError>]
2025-11-16 18:42:41,226 - INFO - HTTP Request: POST http://localhost:11434/chat/completions "HTTP/1.1 404 Not Found"
2025-11-16 18:42:41,266 - INFO - HTTP Request: POST http://localhost:11434/chat/completions "HTTP/1.1 404 Not Found"
2025-11-16 18:42:41,268 - WARNING - Exception for chunk chunk-113ea572c50273a07b9aa5412bef9a2b: RetryError[<Future at 0x7a631f2bf0d0 state=finished raised NotFoundError>]
2025-11-16 18:42:41,280 - INFO - HTTP Request: POST http://localhost:11434/chat/completions "HTTP/1.1 404 Not Found"
2025-11-16 18:42:41,370 - INFO - HTTP Request: POST http://localhost:11434/chat/completions "HTTP/1.1 404 Not Found"
2025-11-16 18:42:41,370 - WARNING - Exception for chunk chunk-b16985806ab2fe4abf93376be4140dfd: RetryError[<Future at 0x7a631f1836d0 state=finished raised NotFoundError>]
2025-11-16 18:42:41,374 - INFO - HTTP Request: POST http://localhost:11434/chat/completions "HTTP/1.1 404 Not Found"
2025-11-16 18:42:41,452 - INFO - HTTP Request: POST http://localhost:11434/chat/completions "HTTP/1.1 404 Not Found"
2025-11-16 18:42:41,453 - WARNING - Exception for chunk chunk-d1b15cf261bb1abd1b3dc0b8ece8b950: RetryError[<Future at 0x7a631f059db0 state=finished raised NotFoundError>]
2025-11-16 18:42:41,457 - INFO - HTTP Request: POST http://localhost:11434/chat/completions "HTTP/1.1 404 Not Found"
2025-11-16 18:42:41,487 - INFO - HTTP Request: POST http://localhost:11434/chat/completions "HTTP/1.1 404 Not Found"
2025-11-16 18:42:41,487 - WARNING - Exception for chunk chunk-0d0a8309c2f86486b3fc238dd8d5e68e: RetryError[<Future at 0x7a631f19ccd0 state=finished raised NotFoundError>]
2025-11-16 18:42:41,492 - INFO - HTTP Request: POST http://localhost:11434/chat/completions "HTTP/1.1 404 Not Found"
2025-11-16 18:42:41,528 - INFO - HTTP Request: POST http://localhost:11434/chat/completions "HTTP/1.1 404 Not Found"
2025-11-16 18:42:41,528 - WARNING - Exception for chunk chunk-85f6fdf81afe164d789819d6e5c0fbd6: RetryError[<Future at 0x7a631f025720 state=finished raised NotFoundError>]
2025-11-16 18:42:41,533 - INFO - HTTP Request: POST http://localhost:11434/chat/completions "HTTP/1.1 404 Not Found"
2025-11-16 18:42:41,548 - INFO - HTTP Request: POST http://localhost:11434/chat/completions "HTTP/1.1 404 Not Found"
2025-11-16 18:42:41,549 - WARNING - Exception for chunk chunk-9ee5346c13f95cce6f831b40d11f34b1: RetryError[<Future at 0x7a631f059270 state=finished raised NotFoundError>]
2025-11-16 18:42:41,553 - INFO - HTTP Request: POST http://localhost:11434/chat/completions "HTTP/1.1 404 Not Found"
2025-11-16 18:42:41,575 - INFO - HTTP Request: POST http://localhost:11434/chat/completions "HTTP/1.1 404 Not Found"
2025-11-16 18:42:41,575 - WARNING - Exception for chunk chunk-af2d84a9276c4048cbb509d662b54ad3: RetryError[<Future at 0x7a631f0c31f0 state=finished raised NotFoundError>]
2025-11-16 18:42:41,580 - INFO - HTTP Request: POST http://localhost:11434/chat/completions "HTTP/1.1 404 Not Found"
2025-11-16 18:42:41,842 - INFO - HTTP Request: POST http://localhost:11434/chat/completions "HTTP/1.1 404 Not Found"
2025-11-16 18:42:41,845 - WARNING - Exception for chunk chunk-9a9e53abb9722a177563a22ff11868b0: RetryError[<Future at 0x7a631f058790 state=finished raised NotFoundError>]
2025-11-16 18:42:41,866 - INFO - HTTP Request: POST http://localhost:11434/chat/completions "HTTP/1.1 404 Not Found"
2025-11-16 18:42:41,870 - INFO - HTTP Request: POST http://localhost:11434/chat/completions "HTTP/1.1 404 Not Found"
2025-11-16 18:42:41,872 - WARNING - Exception for chunk chunk-a26d7ca1b7166819a7d2565cae08f23f: RetryError[<Future at 0x7a631f094af0 state=finished raised NotFoundError>]
2025-11-16 18:42:41,882 - INFO - HTTP Request: POST http://localhost:11434/chat/completions "HTTP/1.1 404 Not Found"
2025-11-16 18:42:41,899 - INFO - HTTP Request: POST http://localhost:11434/chat/completions "HTTP/1.1 404 Not Found"
2025-11-16 18:42:41,900 - WARNING - Exception for chunk chunk-79683339d276dcd7a0c6b0b3159800ea: RetryError[<Future at 0x7a631f1b4d90 state=finished raised NotFoundError>]
2025-11-16 18:42:41,905 - INFO - HTTP Request: POST http://localhost:11434/chat/completions "HTTP/1.1 404 Not Found"
2025-11-16 18:42:42,079 - INFO - HTTP Request: POST http://localhost:11434/chat/completions "HTTP/1.1 404 Not Found"
2025-11-16 18:42:42,081 - WARNING - Exception for chunk chunk-6e687a05b441c30c981729b397de3e51: RetryError[<Future at 0x7a631f0c2890 state=finished raised NotFoundError>]
2025-11-16 18:42:42,095 - INFO - HTTP Request: POST http://localhost:11434/chat/completions "HTTP/1.1 404 Not Found"
2025-11-16 18:42:42,102 - INFO - HTTP Request: POST http://localhost:11434/chat/completions "HTTP/1.1 404 Not Found"
2025-11-16 18:42:42,104 - WARNING - Exception for chunk chunk-653b5ef9afe460ee19e3546ec5b29307: RetryError[<Future at 0x7a631f0cc3d0 state=finished raised NotFoundError>]
2025-11-16 18:42:42,112 - INFO - HTTP Request: POST http://localhost:11434/chat/completions "HTTP/1.1 404 Not Found"
2025-11-16 18:42:42,178 - INFO - HTTP Request: POST http://localhost:11434/chat/completions "HTTP/1.1 404 Not Found"
2025-11-16 18:42:42,179 - WARNING - Exception for chunk chunk-de9ecca99bfd42fe8ca2a1d7d0a8cade: RetryError[<Future at 0x7a631f0cc520 state=finished raised NotFoundError>]
2025-11-16 18:42:42,191 - INFO - HTTP Request: POST http://localhost:11434/chat/completions "HTTP/1.1 404 Not Found"
2025-11-16 18:42:42,203 - INFO - HTTP Request: POST http://localhost:11434/chat/completions "HTTP/1.1 404 Not Found"
2025-11-16 18:42:42,205 - WARNING - Exception for chunk chunk-6284126b0c05a2ae47b4ce61e7ee72ae: RetryError[<Future at 0x7a631f0f2920 state=finished raised NotFoundError>]
2025-11-16 18:42:42,221 - INFO - HTTP Request: POST http://localhost:11434/chat/completions "HTTP/1.1 404 Not Found"
2025-11-16 18:42:42,222 - WARNING - Exception for chunk chunk-cfc4dda75229026bb8e6ccd3e5f1f78c: RetryError[<Future at 0x7a631f0f3970 state=finished raised NotFoundError>]
2025-11-16 18:42:42,233 - INFO - HTTP Request: POST http://localhost:11434/chat/completions "HTTP/1.1 404 Not Found"
2025-11-16 18:42:42,235 - INFO - HTTP Request: POST http://localhost:11434/chat/completions "HTTP/1.1 404 Not Found"
2025-11-16 18:42:42,235 - WARNING - Exception for chunk chunk-5357e689c0c06084542f56eb8b75699c: RetryError[<Future at 0x7a631f026830 state=finished raised NotFoundError>]
2025-11-16 18:42:42,240 - INFO - HTTP Request: POST http://localhost:11434/chat/completions "HTTP/1.1 404 Not Found"
2025-11-16 18:42:42,279 - INFO - HTTP Request: POST http://localhost:11434/chat/completions "HTTP/1.1 404 Not Found"
2025-11-16 18:42:42,287 - INFO - HTTP Request: POST http://localhost:11434/chat/completions "HTTP/1.1 404 Not Found"
2025-11-16 18:42:42,287 - WARNING - Exception for chunk chunk-fd627e80ca788f2c81ea501d1b6bec9c: RetryError[<Future at 0x7a631ef0b190 state=finished raised NotFoundError>]
2025-11-16 18:42:42,294 - INFO - HTTP Request: POST http://localhost:11434/chat/completions "HTTP/1.1 404 Not Found"
2025-11-16 18:42:42,384 - INFO - HTTP Request: POST http://localhost:11434/chat/completions "HTTP/1.1 404 Not Found"
2025-11-16 18:42:42,385 - WARNING - Exception for chunk chunk-8fd552825de9077e439d24923e860249: RetryError[<Future at 0x7a631f0cf7f0 state=finished raised NotFoundError>]
2025-11-16 18:42:42,392 - INFO - HTTP Request: POST http://localhost:11434/chat/completions "HTTP/1.1 404 Not Found"
2025-11-16 18:42:42,465 - INFO - HTTP Request: POST http://localhost:11434/chat/completions "HTTP/1.1 404 Not Found"
2025-11-16 18:42:42,466 - WARNING - Exception for chunk chunk-5f92e1de4d72431c95c0bb3066eaf1c8: RetryError[<Future at 0x7a631ef09ab0 state=finished raised NotFoundError>]
2025-11-16 18:42:42,478 - INFO - HTTP Request: POST http://localhost:11434/chat/completions "HTTP/1.1 404 Not Found"
2025-11-16 18:42:42,502 - INFO - HTTP Request: POST http://localhost:11434/chat/completions "HTTP/1.1 404 Not Found"
2025-11-16 18:42:42,503 - WARNING - Exception for chunk chunk-f0f70a0ab6e11687ec015b3689d0118e: RetryError[<Future at 0x7a631ef1ab60 state=finished raised NotFoundError>]
2025-11-16 18:42:42,515 - INFO - HTTP Request: POST http://localhost:11434/chat/completions "HTTP/1.1 404 Not Found"
2025-11-16 18:42:42,537 - INFO - HTTP Request: POST http://localhost:11434/chat/completions "HTTP/1.1 404 Not Found"
2025-11-16 18:42:42,537 - WARNING - Exception for chunk chunk-dd266f990afcbea7f56e63a0dd1b573c: RetryError[<Future at 0x7a63403eeb30 state=finished raised NotFoundError>]
2025-11-16 18:42:42,541 - INFO - HTTP Request: POST http://localhost:11434/chat/completions "HTTP/1.1 404 Not Found"
2025-11-16 18:42:42,558 - INFO - HTTP Request: POST http://localhost:11434/chat/completions "HTTP/1.1 404 Not Found"
2025-11-16 18:42:42,559 - WARNING - Exception for chunk chunk-670115d3208403af65902191f833c88b: RetryError[<Future at 0x7a631ef0a620 state=finished raised NotFoundError>]
2025-11-16 18:42:42,566 - INFO - HTTP Request: POST http://localhost:11434/chat/completions "HTTP/1.1 404 Not Found"
2025-11-16 18:42:42,589 - INFO - HTTP Request: POST http://localhost:11434/chat/completions "HTTP/1.1 404 Not Found"
2025-11-16 18:42:42,591 - WARNING - Exception for chunk chunk-d60b8c27b8dbf8a3f306ac41f4eebad2: RetryError[<Future at 0x7a631ef08940 state=finished raised NotFoundError>]
2025-11-16 18:42:42,603 - INFO - HTTP Request: POST http://localhost:11434/chat/completions "HTTP/1.1 404 Not Found"
2025-11-16 18:42:42,877 - INFO - HTTP Request: POST http://localhost:11434/chat/completions "HTTP/1.1 404 Not Found"
2025-11-16 18:42:42,879 - WARNING - Exception for chunk chunk-054ac92375e6e7ee8fcebb9fc04fc262: RetryError[<Future at 0x7a631f1030a0 state=finished raised NotFoundError>]
2025-11-16 18:42:42,898 - INFO - HTTP Request: POST http://localhost:11434/chat/completions "HTTP/1.1 404 Not Found"
2025-11-16 18:42:42,900 - INFO - HTTP Request: POST http://localhost:11434/chat/completions "HTTP/1.1 404 Not Found"
2025-11-16 18:42:42,903 - WARNING - Exception for chunk chunk-05f2d49f8ebf8f9b0034bbedce1d322d: RetryError[<Future at 0x7a631f16de70 state=finished raised NotFoundError>]
2025-11-16 18:42:42,923 - INFO - HTTP Request: POST http://localhost:11434/chat/completions "HTTP/1.1 404 Not Found"
2025-11-16 18:42:42,925 - INFO - HTTP Request: POST http://localhost:11434/chat/completions "HTTP/1.1 404 Not Found"
2025-11-16 18:42:42,926 - WARNING - Exception for chunk chunk-ff59cc5a0d05e2f23865f76b9055f4d8: RetryError[<Future at 0x7a631f0f2860 state=finished raised NotFoundError>]
2025-11-16 18:42:42,939 - INFO - HTTP Request: POST http://localhost:11434/chat/completions "HTTP/1.1 404 Not Found"
2025-11-16 18:42:43,106 - INFO - HTTP Request: POST http://localhost:11434/chat/completions "HTTP/1.1 404 Not Found"
2025-11-16 18:42:43,107 - WARNING - Exception for chunk chunk-c7e01e871ac66948d9a8b08746111f7c: RetryError[<Future at 0x7a63403eed70 state=finished raised NotFoundError>]
2025-11-16 18:42:43,128 - INFO - HTTP Request: POST http://localhost:11434/chat/completions "HTTP/1.1 404 Not Found"
2025-11-16 18:42:43,131 - INFO - HTTP Request: POST http://localhost:11434/chat/completions "HTTP/1.1 404 Not Found"
2025-11-16 18:42:43,132 - WARNING - Exception for chunk chunk-104d485863f8616e65055991addea4a6: RetryError[<Future at 0x7a631f0ccf70 state=finished raised NotFoundError>]
2025-11-16 18:42:43,145 - INFO - HTTP Request: POST http://localhost:11434/chat/completions "HTTP/1.1 404 Not Found"
2025-11-16 18:42:43,205 - INFO - HTTP Request: POST http://localhost:11434/chat/completions "HTTP/1.1 404 Not Found"
2025-11-16 18:42:43,207 - WARNING - Exception for chunk chunk-696bbcf1abab6ad344e25af3fa9ebfea: RetryError[<Future at 0x7a631f1dead0 state=finished raised NotFoundError>]
2025-11-16 18:42:43,219 - INFO - HTTP Request: POST http://localhost:11434/chat/completions "HTTP/1.1 404 Not Found"
2025-11-16 18:42:43,239 - INFO - HTTP Request: POST http://localhost:11434/chat/completions "HTTP/1.1 404 Not Found"
2025-11-16 18:42:43,239 - WARNING - Exception for chunk chunk-d33576a86c6215e00dc9f50c3c004680: RetryError[<Future at 0x7a631eff8a90 state=finished raised NotFoundError>]
2025-11-16 18:42:43,249 - INFO - HTTP Request: POST http://localhost:11434/chat/completions "HTTP/1.1 404 Not Found"
2025-11-16 18:42:43,251 - INFO - HTTP Request: POST http://localhost:11434/chat/completions "HTTP/1.1 404 Not Found"
2025-11-16 18:42:43,252 - WARNING - Exception for chunk chunk-f416db7d84fb4a3f2c692e29bd066230: RetryError[<Future at 0x7a631f19eb90 state=finished raised NotFoundError>]
2025-11-16 18:42:43,258 - INFO - HTTP Request: POST http://localhost:11434/chat/completions "HTTP/1.1 404 Not Found"
2025-11-16 18:42:43,284 - INFO - HTTP Request: POST http://localhost:11434/chat/completions "HTTP/1.1 404 Not Found"
2025-11-16 18:42:43,285 - WARNING - Exception for chunk chunk-6c707f7b8a972cd46045263a6995e75f: RetryError[<Future at 0x7a631f024400 state=finished raised NotFoundError>]
2025-11-16 18:42:43,291 - INFO - HTTP Request: POST http://localhost:11434/chat/completions "HTTP/1.1 404 Not Found"
2025-11-16 18:42:43,300 - INFO - HTTP Request: POST http://localhost:11434/chat/completions "HTTP/1.1 404 Not Found"
2025-11-16 18:42:43,301 - WARNING - Exception for chunk chunk-8f225326c6f01bae50314b95a9bc2969: RetryError[<Future at 0x7a631f154490 state=finished raised NotFoundError>]
2025-11-16 18:42:43,308 - INFO - HTTP Request: POST http://localhost:11434/chat/completions "HTTP/1.1 404 Not Found"
2025-11-16 18:42:43,402 - INFO - HTTP Request: POST http://localhost:11434/chat/completions "HTTP/1.1 404 Not Found"
2025-11-16 18:42:43,404 - WARNING - Exception for chunk chunk-c5eec4b22a1c4746a7fc55b86762ab00: RetryError[<Future at 0x7a631f0c0670 state=finished raised NotFoundError>]
2025-11-16 18:42:43,417 - INFO - HTTP Request: POST http://localhost:11434/chat/completions "HTTP/1.1 404 Not Found"
2025-11-16 18:42:43,483 - INFO - HTTP Request: POST http://localhost:11434/chat/completions "HTTP/1.1 404 Not Found"
2025-11-16 18:42:43,484 - WARNING - Exception for chunk chunk-100d463ab87674e6e9da4065fcfcced8: RetryError[<Future at 0x7a631f2bdf30 state=finished raised NotFoundError>]
2025-11-16 18:42:43,488 - INFO - HTTP Request: POST http://localhost:11434/chat/completions "HTTP/1.1 404 Not Found"
2025-11-16 18:42:43,519 - INFO - HTTP Request: POST http://localhost:11434/chat/completions "HTTP/1.1 404 Not Found"
2025-11-16 18:42:43,519 - WARNING - Exception for chunk chunk-55331599e0da6486803c76f732a7fab0: RetryError[<Future at 0x7a631f079720 state=finished raised NotFoundError>]
2025-11-16 18:42:43,523 - INFO - HTTP Request: POST http://localhost:11434/chat/completions "HTTP/1.1 404 Not Found"
2025-11-16 18:42:43,546 - INFO - HTTP Request: POST http://localhost:11434/chat/completions "HTTP/1.1 404 Not Found"
2025-11-16 18:42:43,546 - WARNING - Exception for chunk chunk-68dc4a82d1d1ba422fa2c510d24c8433: RetryError[<Future at 0x7a631f0c2e90 state=finished raised NotFoundError>]
2025-11-16 18:42:43,552 - INFO - HTTP Request: POST http://localhost:11434/chat/completions "HTTP/1.1 404 Not Found"
2025-11-16 18:42:43,573 - INFO - HTTP Request: POST http://localhost:11434/chat/completions "HTTP/1.1 404 Not Found"
2025-11-16 18:42:43,575 - WARNING - Exception for chunk chunk-25f4b03c5102b2827748572be95fa546: RetryError[<Future at 0x7a631ef188b0 state=finished raised NotFoundError>]
2025-11-16 18:42:43,583 - INFO - HTTP Request: POST http://localhost:11434/chat/completions "HTTP/1.1 404 Not Found"
2025-11-16 18:42:43,612 - INFO - HTTP Request: POST http://localhost:11434/chat/completions "HTTP/1.1 404 Not Found"
2025-11-16 18:42:43,614 - WARNING - Exception for chunk chunk-0b542fef940b7b31a48403f7c243cc7a: RetryError[<Future at 0x7a631f0c27a0 state=finished raised NotFoundError>]
2025-11-16 18:42:43,623 - INFO - HTTP Request: POST http://localhost:11434/chat/completions "HTTP/1.1 404 Not Found"
2025-11-16 18:42:43,910 - INFO - HTTP Request: POST http://localhost:11434/chat/completions "HTTP/1.1 404 Not Found"
2025-11-16 18:42:43,912 - WARNING - Exception for chunk chunk-b242522780973a296d2fe06086d091a9: RetryError[<Future at 0x7a631ef25810 state=finished raised NotFoundError>]
2025-11-16 18:42:43,925 - INFO - HTTP Request: POST http://localhost:11434/chat/completions "HTTP/1.1 404 Not Found"
2025-11-16 18:42:43,934 - INFO - HTTP Request: POST http://localhost:11434/chat/completions "HTTP/1.1 404 Not Found"
2025-11-16 18:42:43,936 - WARNING - Exception for chunk chunk-566ec040dba3e11b28390afc474434d5: RetryError[<Future at 0x7a631f1b4a60 state=finished raised NotFoundError>]
2025-11-16 18:42:43,949 - INFO - HTTP Request: POST http://localhost:11434/chat/completions "HTTP/1.1 404 Not Found"
2025-11-16 18:42:43,951 - INFO - HTTP Request: POST http://localhost:11434/chat/completions "HTTP/1.1 404 Not Found"
2025-11-16 18:42:43,951 - WARNING - Exception for chunk chunk-0857e5041c6f9a70738c9123acf4d345: RetryError[<Future at 0x7a631ef25390 state=finished raised NotFoundError>]
2025-11-16 18:42:43,958 - INFO - HTTP Request: POST http://localhost:11434/chat/completions "HTTP/1.1 404 Not Found"
2025-11-16 18:42:44,140 - INFO - HTTP Request: POST http://localhost:11434/chat/completions "HTTP/1.1 404 Not Found"
2025-11-16 18:42:44,142 - WARNING - Exception for chunk chunk-49d8da68cfa6ca44cc5c607228772c7a: RetryError[<Future at 0x7a631ef19720 state=finished raised NotFoundError>]
2025-11-16 18:42:44,160 - INFO - HTTP Request: POST http://localhost:11434/chat/completions "HTTP/1.1 404 Not Found"
2025-11-16 18:42:44,161 - INFO - HTTP Request: POST http://localhost:11434/chat/completions "HTTP/1.1 404 Not Found"
2025-11-16 18:42:44,162 - WARNING - Exception for chunk chunk-edb00019a805040938352bd60ac782d0: RetryError[<Future at 0x7a631ef25930 state=finished raised NotFoundError>]
2025-11-16 18:42:44,169 - INFO - HTTP Request: POST http://localhost:11434/chat/completions "HTTP/1.1 404 Not Found"
2025-11-16 18:42:44,225 - INFO - HTTP Request: POST http://localhost:11434/chat/completions "HTTP/1.1 404 Not Found"
2025-11-16 18:42:44,226 - WARNING - Exception for chunk chunk-449e283dbb19e1a63bc0afd7e2800286: RetryError[<Future at 0x7a631ef537f0 state=finished raised NotFoundError>]
2025-11-16 18:42:44,230 - INFO - HTTP Request: POST http://localhost:11434/chat/completions "HTTP/1.1 404 Not Found"
2025-11-16 18:42:44,253 - INFO - HTTP Request: POST http://localhost:11434/chat/completions "HTTP/1.1 404 Not Found"
2025-11-16 18:42:44,253 - WARNING - Exception for chunk chunk-6b6d553aaca3e0bf6a14a59deff65277: RetryError[<Future at 0x7a631ef71a80 state=finished raised NotFoundError>]
2025-11-16 18:42:44,258 - INFO - HTTP Request: POST http://localhost:11434/chat/completions "HTTP/1.1 404 Not Found"
2025-11-16 18:42:44,263 - INFO - HTTP Request: POST http://localhost:11434/chat/completions "HTTP/1.1 404 Not Found"
2025-11-16 18:42:44,263 - WARNING - Exception for chunk chunk-93d53adf1ffc80ff44919bcb8a6d626e: RetryError[<Future at 0x7a631ef52800 state=finished raised NotFoundError>]
2025-11-16 18:42:44,268 - INFO - HTTP Request: POST http://localhost:11434/chat/completions "HTTP/1.1 404 Not Found"
2025-11-16 18:42:44,298 - INFO - HTTP Request: POST http://localhost:11434/chat/completions "HTTP/1.1 404 Not Found"
2025-11-16 18:42:44,299 - WARNING - Exception for chunk chunk-efec9f8cdc4aaab5aa9f239242cda01e: RetryError[<Future at 0x7a631ef73370 state=finished raised NotFoundError>]
2025-11-16 18:42:44,310 - INFO - HTTP Request: POST http://localhost:11434/chat/completions "HTTP/1.1 404 Not Found"
2025-11-16 18:42:44,319 - INFO - HTTP Request: POST http://localhost:11434/chat/completions "HTTP/1.1 404 Not Found"
2025-11-16 18:42:44,320 - WARNING - Exception for chunk chunk-1225b7f097b22ae9411c4a6876850684: RetryError[<Future at 0x7a631ef72c20 state=finished raised NotFoundError>]
2025-11-16 18:42:44,330 - INFO - HTTP Request: POST http://localhost:11434/chat/completions "HTTP/1.1 404 Not Found"
2025-11-16 18:42:44,429 - INFO - HTTP Request: POST http://localhost:11434/chat/completions "HTTP/1.1 404 Not Found"
2025-11-16 18:42:44,430 - WARNING - Exception for chunk chunk-6614b56566760ad8bfa92cb830da4ade: RetryError[<Future at 0x7a631ef52d40 state=finished raised NotFoundError>]
2025-11-16 18:42:44,444 - INFO - HTTP Request: POST http://localhost:11434/chat/completions "HTTP/1.1 404 Not Found"
2025-11-16 18:42:44,493 - INFO - HTTP Request: POST http://localhost:11434/chat/completions "HTTP/1.1 404 Not Found"
2025-11-16 18:42:44,494 - WARNING - Exception for chunk chunk-786ab1fc1090df0677b6bb9572d9d35c: RetryError[<Future at 0x7a631ef82d40 state=finished raised NotFoundError>]
2025-11-16 18:42:44,498 - INFO - HTTP Request: POST http://localhost:11434/chat/completions "HTTP/1.1 404 Not Found"
2025-11-16 18:42:44,527 - INFO - HTTP Request: POST http://localhost:11434/chat/completions "HTTP/1.1 404 Not Found"
2025-11-16 18:42:44,528 - WARNING - Exception for chunk chunk-aa9629745c11b27543981cee978aac40: RetryError[<Future at 0x7a631ef50e80 state=finished raised NotFoundError>]
2025-11-16 18:42:44,532 - INFO - HTTP Request: POST http://localhost:11434/chat/completions "HTTP/1.1 404 Not Found"
2025-11-16 18:42:44,556 - INFO - HTTP Request: POST http://localhost:11434/chat/completions "HTTP/1.1 404 Not Found"
2025-11-16 18:42:44,557 - WARNING - Exception for chunk chunk-e4183fdd584b69881b2bd791041bc990: RetryError[<Future at 0x7a631efa11b0 state=finished raised NotFoundError>]
2025-11-16 18:42:44,561 - INFO - HTTP Request: POST http://localhost:11434/chat/completions "HTTP/1.1 404 Not Found"
2025-11-16 18:42:44,590 - INFO - HTTP Request: POST http://localhost:11434/chat/completions "HTTP/1.1 404 Not Found"
2025-11-16 18:42:44,591 - WARNING - Exception for chunk chunk-43b99a8d299131339ab244a9f22b8a53: RetryError[<Future at 0x7a631f1815a0 state=finished raised NotFoundError>]
2025-11-16 18:42:44,597 - INFO - HTTP Request: POST http://localhost:11434/chat/completions "HTTP/1.1 404 Not Found"
2025-11-16 18:42:44,633 - INFO - HTTP Request: POST http://localhost:11434/chat/completions "HTTP/1.1 404 Not Found"
2025-11-16 18:42:44,635 - WARNING - Exception for chunk chunk-985c9e487bf633171f73deba5a715ef4: RetryError[<Future at 0x7a631ef82e90 state=finished raised NotFoundError>]
2025-11-16 18:42:44,647 - INFO - HTTP Request: POST http://localhost:11434/chat/completions "HTTP/1.1 404 Not Found"
2025-11-16 18:42:44,936 - INFO - HTTP Request: POST http://localhost:11434/chat/completions "HTTP/1.1 404 Not Found"
2025-11-16 18:42:44,937 - WARNING - Exception for chunk chunk-9b8db0df76313163fe581a445cc17da5: RetryError[<Future at 0x7a631ef81930 state=finished raised NotFoundError>]
2025-11-16 18:42:44,946 - INFO - HTTP Request: POST http://localhost:11434/chat/completions "HTTP/1.1 404 Not Found"
2025-11-16 18:42:44,954 - INFO - HTTP Request: POST http://localhost:11434/chat/completions "HTTP/1.1 404 Not Found"
2025-11-16 18:42:44,955 - WARNING - Exception for chunk chunk-6a809ec85cdb7dc2abba99d99ec32530: RetryError[<Future at 0x7a631ef732e0 state=finished raised NotFoundError>]
2025-11-16 18:42:44,963 - INFO - HTTP Request: POST http://localhost:11434/chat/completions "HTTP/1.1 404 Not Found"
2025-11-16 18:42:44,963 - INFO - HTTP Request: POST http://localhost:11434/chat/completions "HTTP/1.1 404 Not Found"
2025-11-16 18:42:44,964 - WARNING - Exception for chunk chunk-ede387742356088e5da6d03a4f936c77: RetryError[<Future at 0x7a631ef83eb0 state=finished raised NotFoundError>]
2025-11-16 18:42:44,969 - INFO - HTTP Request: POST http://localhost:11434/chat/completions "HTTP/1.1 404 Not Found"
2025-11-16 18:42:45,179 - INFO - HTTP Request: POST http://localhost:11434/chat/completions "HTTP/1.1 404 Not Found"
2025-11-16 18:42:45,181 - WARNING - Exception for chunk chunk-1dfb7fa1c6dcde980d2ac6cb0432b913: RetryError[<Future at 0x7a631ef73340 state=finished raised NotFoundError>]
2025-11-16 18:42:45,182 - INFO - HTTP Request: POST http://localhost:11434/chat/completions "HTTP/1.1 404 Not Found"
2025-11-16 18:42:45,185 - WARNING - Exception for chunk chunk-c5a6964cc48404b2ca60f27ffd85d113: RetryError[<Future at 0x7a631ef83910 state=finished raised NotFoundError>]
2025-11-16 18:42:45,199 - INFO - HTTP Request: POST http://localhost:11434/chat/completions "HTTP/1.1 404 Not Found"
2025-11-16 18:42:45,238 - INFO - HTTP Request: POST http://localhost:11434/chat/completions "HTTP/1.1 404 Not Found"
2025-11-16 18:42:45,239 - WARNING - Exception for chunk chunk-bf54e3d2b9ea6397be4417b249282975: RetryError[<Future at 0x7a631ef70430 state=finished raised NotFoundError>]
2025-11-16 18:42:45,247 - INFO - HTTP Request: POST http://localhost:11434/chat/completions "HTTP/1.1 404 Not Found"
2025-11-16 18:42:45,265 - INFO - HTTP Request: POST http://localhost:11434/chat/completions "HTTP/1.1 404 Not Found"
2025-11-16 18:42:45,266 - WARNING - Exception for chunk chunk-6abd072530f1855ab0faaade14ffcc2e: RetryError[<Future at 0x7a631ef73550 state=finished raised NotFoundError>]
2025-11-16 18:42:45,279 - INFO - HTTP Request: POST http://localhost:11434/chat/completions "HTTP/1.1 404 Not Found"
2025-11-16 18:42:45,280 - INFO - HTTP Request: POST http://localhost:11434/chat/completions "HTTP/1.1 404 Not Found"
2025-11-16 18:42:45,282 - WARNING - Exception for chunk chunk-7aa8ecd67ae842899ea384acdb3d5c6d: RetryError[<Future at 0x7a631f079bd0 state=finished raised NotFoundError>]
2025-11-16 18:42:45,291 - INFO - HTTP Request: POST http://localhost:11434/chat/completions "HTTP/1.1 404 Not Found"
2025-11-16 18:42:45,300 - INFO - HTTP Request: POST http://localhost:11434/chat/completions "HTTP/1.1 404 Not Found"
2025-11-16 18:42:45,318 - INFO - HTTP Request: POST http://localhost:11434/chat/completions "HTTP/1.1 404 Not Found"
2025-11-16 18:42:45,320 - WARNING - Exception for chunk chunk-76a7c5308354d1160f2151ea1942977a: RetryError[<Future at 0x7a631f0f21d0 state=finished raised NotFoundError>]
2025-11-16 18:42:45,330 - INFO - HTTP Request: POST http://localhost:11434/chat/completions "HTTP/1.1 404 Not Found"
2025-11-16 18:42:45,338 - INFO - HTTP Request: POST http://localhost:11434/chat/completions "HTTP/1.1 404 Not Found"
2025-11-16 18:42:45,340 - WARNING - Exception for chunk chunk-4d257eff6fd454c8caeefb8339f4e439: RetryError[<Future at 0x7a631ef812d0 state=finished raised NotFoundError>]
2025-11-16 18:42:45,346 - INFO - HTTP Request: POST http://localhost:11434/chat/completions "HTTP/1.1 404 Not Found"
2025-11-16 18:42:45,457 - INFO - HTTP Request: POST http://localhost:11434/chat/completions "HTTP/1.1 404 Not Found"
2025-11-16 18:42:45,458 - WARNING - Exception for chunk chunk-320c02e509776e72b76f2bda6e4013c2: RetryError[<Future at 0x7a631ef25090 state=finished raised NotFoundError>]
2025-11-16 18:42:45,470 - INFO - HTTP Request: POST http://localhost:11434/chat/completions "HTTP/1.1 404 Not Found"
2025-11-16 18:42:45,508 - INFO - HTTP Request: POST http://localhost:11434/chat/completions "HTTP/1.1 404 Not Found"
2025-11-16 18:42:45,510 - WARNING - Exception for chunk chunk-ea1d62d8cdde6972bdb48f56d81187a1: RetryError[<Future at 0x7a631ef705b0 state=finished raised NotFoundError>]
2025-11-16 18:42:45,522 - INFO - HTTP Request: POST http://localhost:11434/chat/completions "HTTP/1.1 404 Not Found"
2025-11-16 18:42:45,543 - INFO - HTTP Request: POST http://localhost:11434/chat/completions "HTTP/1.1 404 Not Found"
2025-11-16 18:42:45,546 - WARNING - Exception for chunk chunk-015a75a3951ffa163fdc6a654117944c: RetryError[<Future at 0x7a631ef82a70 state=finished raised NotFoundError>]
2025-11-16 18:42:45,557 - INFO - HTTP Request: POST http://localhost:11434/chat/completions "HTTP/1.1 404 Not Found"
2025-11-16 18:42:45,567 - INFO - HTTP Request: POST http://localhost:11434/chat/completions "HTTP/1.1 404 Not Found"
2025-11-16 18:42:45,568 - WARNING - Exception for chunk chunk-e7214c2eefcadd08e305abad5f34b49e: RetryError[<Future at 0x7a631f0c0fd0 state=finished raised NotFoundError>]
2025-11-16 18:42:45,574 - INFO - HTTP Request: POST http://localhost:11434/chat/completions "HTTP/1.1 404 Not Found"
2025-11-16 18:42:45,601 - INFO - HTTP Request: POST http://localhost:11434/chat/completions "HTTP/1.1 404 Not Found"
2025-11-16 18:42:45,602 - WARNING - Exception for chunk chunk-10968912ca262d2f55e501c2f96728dc: RetryError[<Future at 0x7a631ef18b20 state=finished raised NotFoundError>]
2025-11-16 18:42:45,607 - INFO - HTTP Request: POST http://localhost:11434/chat/completions "HTTP/1.1 404 Not Found"
2025-11-16 18:42:45,654 - INFO - HTTP Request: POST http://localhost:11434/chat/completions "HTTP/1.1 404 Not Found"
2025-11-16 18:42:45,655 - WARNING - Exception for chunk chunk-c8f65b2f4817a02f8af0cce862436020: RetryError[<Future at 0x7a631f0c10f0 state=finished raised NotFoundError>]
2025-11-16 18:42:45,663 - INFO - HTTP Request: POST http://localhost:11434/chat/completions "HTTP/1.1 404 Not Found"
2025-11-16 18:42:45,956 - INFO - HTTP Request: POST http://localhost:11434/chat/completions "HTTP/1.1 404 Not Found"
2025-11-16 18:42:45,958 - WARNING - Exception for chunk chunk-ae18068b3b6d6726213e1ef57a5e0663: RetryError[<Future at 0x7a631ef0a6e0 state=finished raised NotFoundError>]
2025-11-16 18:42:45,992 - INFO - HTTP Request: POST http://localhost:11434/chat/completions "HTTP/1.1 404 Not Found"
2025-11-16 18:42:45,994 - WARNING - Exception for chunk chunk-676a04f813de73f562e63f2d0cc34139: RetryError[<Future at 0x7a631ef19720 state=finished raised NotFoundError>]
2025-11-16 18:42:45,997 - INFO - HTTP Request: POST http://localhost:11434/chat/completions "HTTP/1.1 404 Not Found"
2025-11-16 18:42:46,003 - INFO - HTTP Request: POST http://localhost:11434/chat/completions "HTTP/1.1 404 Not Found"
2025-11-16 18:42:46,005 - WARNING - Exception for chunk chunk-51f248a08381e739b317cf8ebb315efb: RetryError[<Future at 0x7a631ef1af80 state=finished raised NotFoundError>]
2025-11-16 18:42:46,014 - INFO - HTTP Request: POST http://localhost:11434/chat/completions "HTTP/1.1 404 Not Found"
2025-11-16 18:42:46,063 - INFO - HTTP Request: POST http://localhost:11434/chat/completions "HTTP/1.1 404 Not Found"
2025-11-16 18:42:46,211 - INFO - HTTP Request: POST http://localhost:11434/chat/completions "HTTP/1.1 404 Not Found"
2025-11-16 18:42:46,212 - WARNING - Exception for chunk chunk-65e9b090436d1daf0d066c527624417f: RetryError[<Future at 0x7a631efa0d60 state=finished raised NotFoundError>]
2025-11-16 18:42:46,224 - INFO - HTTP Request: POST http://localhost:11434/chat/completions "HTTP/1.1 404 Not Found"
2025-11-16 18:42:46,252 - INFO - HTTP Request: POST http://localhost:11434/chat/completions "HTTP/1.1 404 Not Found"
2025-11-16 18:42:46,253 - WARNING - Exception for chunk chunk-21ac6ce299ca9645f35f64342acad65a: RetryError[<Future at 0x7a631ef1b2e0 state=finished raised NotFoundError>]
2025-11-16 18:42:46,257 - INFO - HTTP Request: POST http://localhost:11434/chat/completions "HTTP/1.1 404 Not Found"
2025-11-16 18:42:46,285 - INFO - HTTP Request: POST http://localhost:11434/chat/completions "HTTP/1.1 404 Not Found"
2025-11-16 18:42:46,286 - WARNING - Exception for chunk chunk-47ce8c551900a55f1181f8e887a13e96: RetryError[<Future at 0x7a631f0c2b30 state=finished raised NotFoundError>]
2025-11-16 18:42:46,290 - INFO - HTTP Request: POST http://localhost:11434/chat/completions "HTTP/1.1 404 Not Found"
2025-11-16 18:42:46,296 - INFO - HTTP Request: POST http://localhost:11434/chat/completions "HTTP/1.1 404 Not Found"
2025-11-16 18:42:46,297 - WARNING - Exception for chunk chunk-c1db69248994544ccd6cf1b3634b7d04: RetryError[<Future at 0x7a631efc3a60 state=finished raised NotFoundError>]
2025-11-16 18:42:46,301 - INFO - HTTP Request: POST http://localhost:11434/chat/completions "HTTP/1.1 404 Not Found"
2025-11-16 18:42:46,305 - INFO - HTTP Request: POST http://localhost:11434/chat/completions "HTTP/1.1 404 Not Found"
2025-11-16 18:42:46,306 - WARNING - Exception for chunk chunk-b314c6d13ee524ac45edea8bcf4927b0: RetryError[<Future at 0x7a631efc00d0 state=finished raised NotFoundError>]
2025-11-16 18:42:46,310 - INFO - HTTP Request: POST http://localhost:11434/chat/completions "HTTP/1.1 404 Not Found"
2025-11-16 18:42:46,336 - INFO - HTTP Request: POST http://localhost:11434/chat/completions "HTTP/1.1 404 Not Found"
2025-11-16 18:42:46,337 - WARNING - Exception for chunk chunk-db05bad4b4deba876a4cd36a580aa9f7: RetryError[<Future at 0x7a631efa0a00 state=finished raised NotFoundError>]
2025-11-16 18:42:46,343 - INFO - HTTP Request: POST http://localhost:11434/chat/completions "HTTP/1.1 404 Not Found"
2025-11-16 18:42:46,352 - INFO - HTTP Request: POST http://localhost:11434/chat/completions "HTTP/1.1 404 Not Found"
2025-11-16 18:42:46,353 - WARNING - Exception for chunk chunk-c077a1a990a2044d3f7468e9ecd089a5: RetryError[<Future at 0x7a631efd30d0 state=finished raised NotFoundError>]
2025-11-16 18:42:46,360 - INFO - HTTP Request: POST http://localhost:11434/chat/completions "HTTP/1.1 404 Not Found"
2025-11-16 18:42:46,480 - INFO - HTTP Request: POST http://localhost:11434/chat/completions "HTTP/1.1 404 Not Found"
2025-11-16 18:42:46,482 - WARNING - Exception for chunk chunk-3da8334826ec2159e8e98d9f126359bf: RetryError[<Future at 0x7a631efd1720 state=finished raised NotFoundError>]
2025-11-16 18:42:46,494 - INFO - HTTP Request: POST http://localhost:11434/chat/completions "HTTP/1.1 404 Not Found"
2025-11-16 18:42:46,533 - INFO - HTTP Request: POST http://localhost:11434/chat/completions "HTTP/1.1 404 Not Found"
2025-11-16 18:42:46,534 - WARNING - Exception for chunk chunk-aa905109181f8d0bcf1d17df79358b22: RetryError[<Future at 0x7a631efc0970 state=finished raised NotFoundError>]
2025-11-16 18:42:46,546 - INFO - HTTP Request: POST http://localhost:11434/chat/completions "HTTP/1.1 404 Not Found"
2025-11-16 18:42:46,566 - INFO - HTTP Request: POST http://localhost:11434/chat/completions "HTTP/1.1 404 Not Found"
2025-11-16 18:42:46,568 - WARNING - Exception for chunk chunk-b06da299fad3467ab18879af3cc7aeb8: RetryError[<Future at 0x7a631efc3ac0 state=finished raised NotFoundError>]
2025-11-16 18:42:46,586 - INFO - HTTP Request: POST http://localhost:11434/chat/completions "HTTP/1.1 404 Not Found"
2025-11-16 18:42:46,590 - INFO - HTTP Request: POST http://localhost:11434/chat/completions "HTTP/1.1 404 Not Found"
2025-11-16 18:42:46,591 - WARNING - Exception for chunk chunk-3e1a99364b2675658db14d1d70f03b61: RetryError[<Future at 0x7a631eff3e80 state=finished raised NotFoundError>]
2025-11-16 18:42:46,604 - INFO - HTTP Request: POST http://localhost:11434/chat/completions "HTTP/1.1 404 Not Found"
2025-11-16 18:42:46,616 - INFO - HTTP Request: POST http://localhost:11434/chat/completions "HTTP/1.1 404 Not Found"
2025-11-16 18:42:46,617 - WARNING - Exception for chunk chunk-054ce16a7b1a6f8d3e59018a44557b6f: RetryError[<Future at 0x7a631ee11f60 state=finished raised NotFoundError>]
2025-11-16 18:42:46,625 - INFO - HTTP Request: POST http://localhost:11434/chat/completions "HTTP/1.1 404 Not Found"
2025-11-16 18:42:46,667 - INFO - HTTP Request: POST http://localhost:11434/chat/completions "HTTP/1.1 404 Not Found"
2025-11-16 18:42:46,668 - WARNING - Exception for chunk chunk-b7745cfc3002e36d72e4e621cb7e3ef2: RetryError[<Future at 0x7a631eff00a0 state=finished raised NotFoundError>]
2025-11-16 18:42:46,672 - INFO - HTTP Request: POST http://localhost:11434/chat/completions "HTTP/1.1 404 Not Found"
2025-11-16 18:42:47,008 - INFO - HTTP Request: POST http://localhost:11434/chat/completions "HTTP/1.1 404 Not Found"
2025-11-16 18:42:47,008 - WARNING - Exception for chunk chunk-c7c55acc34e20ff93a2de2196c3b59e5: RetryError[<Future at 0x7a631ee13700 state=finished raised NotFoundError>]
2025-11-16 18:42:47,015 - INFO - HTTP Request: POST http://localhost:11434/chat/completions "HTTP/1.1 404 Not Found"
2025-11-16 18:42:47,019 - INFO - HTTP Request: POST http://localhost:11434/chat/completions "HTTP/1.1 404 Not Found"
2025-11-16 18:42:47,020 - WARNING - Exception for chunk chunk-30d31a2f185b68a8c7fd64cea662623c: RetryError[<Future at 0x7a631ee13af0 state=finished raised NotFoundError>]
2025-11-16 18:42:47,025 - INFO - HTTP Request: POST http://localhost:11434/chat/completions "HTTP/1.1 404 Not Found"
2025-11-16 18:42:47,071 - INFO - HTTP Request: POST http://localhost:11434/chat/completions "HTTP/1.1 404 Not Found"
2025-11-16 18:42:47,072 - WARNING - Exception for chunk chunk-f0d433c4f9bd5cbd45230b5d776fd6ab: RetryError[<Future at 0x7a631ee11a50 state=finished raised NotFoundError>]
2025-11-16 18:42:47,075 - INFO - HTTP Request: POST http://localhost:11434/chat/completions "HTTP/1.1 404 Not Found"
2025-11-16 18:42:47,235 - INFO - HTTP Request: POST http://localhost:11434/chat/completions "HTTP/1.1 404 Not Found"
2025-11-16 18:42:47,236 - WARNING - Exception for chunk chunk-23b6c12ecc25b8e31b2eab3ca0e2e070: RetryError[<Future at 0x7a634021c430 state=finished raised NotFoundError>]
2025-11-16 18:42:47,248 - INFO - HTTP Request: POST http://localhost:11434/chat/completions "HTTP/1.1 404 Not Found"
2025-11-16 18:42:47,270 - INFO - HTTP Request: POST http://localhost:11434/chat/completions "HTTP/1.1 404 Not Found"
2025-11-16 18:42:47,272 - WARNING - Exception for chunk chunk-15d9257b14e1bfe4837a558dcdd7b77e: RetryError[<Future at 0x7a631ee12da0 state=finished raised NotFoundError>]
2025-11-16 18:42:47,283 - INFO - HTTP Request: POST http://localhost:11434/chat/completions "HTTP/1.1 404 Not Found"
2025-11-16 18:42:47,297 - INFO - HTTP Request: POST http://localhost:11434/chat/completions "HTTP/1.1 404 Not Found"
2025-11-16 18:42:47,298 - WARNING - Exception for chunk chunk-d2f350b15fbb5f371c1c96811e7bbd5d: RetryError[<Future at 0x7a631ee116c0 state=finished raised NotFoundError>]
2025-11-16 18:42:47,308 - INFO - HTTP Request: POST http://localhost:11434/chat/completions "HTTP/1.1 404 Not Found"
2025-11-16 18:42:47,310 - INFO - HTTP Request: POST http://localhost:11434/chat/completions "HTTP/1.1 404 Not Found"
2025-11-16 18:42:47,310 - WARNING - Exception for chunk chunk-4579b205b4b15be9aa2ad1c276e15491: RetryError[<Future at 0x7a631eff1030 state=finished raised NotFoundError>]
2025-11-16 18:42:47,315 - INFO - HTTP Request: POST http://localhost:11434/chat/completions "HTTP/1.1 404 Not Found"
2025-11-16 18:42:47,315 - WARNING - Exception for chunk chunk-8af102fa100dd42654168b7bee928305: RetryError[<Future at 0x7a631efd2a40 state=finished raised NotFoundError>]
2025-11-16 18:42:47,320 - INFO - HTTP Request: POST http://localhost:11434/chat/completions "HTTP/1.1 404 Not Found"
2025-11-16 18:42:47,351 - INFO - HTTP Request: POST http://localhost:11434/chat/completions "HTTP/1.1 404 Not Found"
2025-11-16 18:42:47,352 - WARNING - Exception for chunk chunk-a7b791a69912f861dc32264302489ffb: RetryError[<Future at 0x7a631efd11e0 state=finished raised NotFoundError>]
2025-11-16 18:42:47,362 - INFO - HTTP Request: POST http://localhost:11434/chat/completions "HTTP/1.1 404 Not Found"
2025-11-16 18:42:47,369 - INFO - HTTP Request: POST http://localhost:11434/chat/completions "HTTP/1.1 404 Not Found"
2025-11-16 18:42:47,370 - WARNING - Exception for chunk chunk-b7f46688a53c4895691b65dda63a27f0: RetryError[<Future at 0x7a631efc3d00 state=finished raised NotFoundError>]
2025-11-16 18:42:47,379 - INFO - HTTP Request: POST http://localhost:11434/chat/completions "HTTP/1.1 404 Not Found"
2025-11-16 18:42:47,432 - INFO - HTTP Request: POST http://localhost:11434/chat/completions "HTTP/1.1 404 Not Found"
2025-11-16 18:42:47,505 - INFO - HTTP Request: POST http://localhost:11434/chat/completions "HTTP/1.1 404 Not Found"
2025-11-16 18:42:47,507 - WARNING - Exception for chunk chunk-1368d386926def59bbc4f694f00b5625: RetryError[<Future at 0x7a631efc1630 state=finished raised NotFoundError>]
2025-11-16 18:42:47,521 - INFO - HTTP Request: POST http://localhost:11434/chat/completions "HTTP/1.1 404 Not Found"
2025-11-16 18:42:47,556 - INFO - HTTP Request: POST http://localhost:11434/chat/completions "HTTP/1.1 404 Not Found"
2025-11-16 18:42:47,557 - WARNING - Exception for chunk chunk-425ec156a46eab4818b412053fef5a6e: RetryError[<Future at 0x7a631ef518a0 state=finished raised NotFoundError>]
2025-11-16 18:42:47,565 - INFO - HTTP Request: POST http://localhost:11434/chat/completions "HTTP/1.1 404 Not Found"
2025-11-16 18:42:47,598 - INFO - HTTP Request: POST http://localhost:11434/chat/completions "HTTP/1.1 404 Not Found"
2025-11-16 18:42:47,599 - WARNING - Exception for chunk chunk-40ceb83f558457f61db6eca05253c4ec: RetryError[<Future at 0x7a631efc0220 state=finished raised NotFoundError>]
2025-11-16 18:42:47,618 - INFO - HTTP Request: POST http://localhost:11434/chat/completions "HTTP/1.1 404 Not Found"
2025-11-16 18:42:47,621 - INFO - HTTP Request: POST http://localhost:11434/chat/completions "HTTP/1.1 404 Not Found"
2025-11-16 18:42:47,622 - WARNING - Exception for chunk chunk-d0f3ab416965c19283b42131d1590865: RetryError[<Future at 0x7a631efa0bb0 state=finished raised NotFoundError>]
2025-11-16 18:42:47,641 - INFO - HTTP Request: POST http://localhost:11434/chat/completions "HTTP/1.1 404 Not Found"
2025-11-16 18:42:47,644 - INFO - HTTP Request: POST http://localhost:11434/chat/completions "HTTP/1.1 404 Not Found"
2025-11-16 18:42:47,646 - WARNING - Exception for chunk chunk-8c8fc8216a1f86e94ae1354908d6cca9: RetryError[<Future at 0x7a631ef72140 state=finished raised NotFoundError>]
2025-11-16 18:42:47,657 - INFO - HTTP Request: POST http://localhost:11434/chat/completions "HTTP/1.1 404 Not Found"
2025-11-16 18:42:47,685 - INFO - HTTP Request: POST http://localhost:11434/chat/completions "HTTP/1.1 404 Not Found"
2025-11-16 18:42:47,687 - WARNING - Exception for chunk chunk-61393f398096782046e73d29c01f5de7: RetryError[<Future at 0x7a631ee13f40 state=finished raised NotFoundError>]
2025-11-16 18:42:47,702 - INFO - HTTP Request: POST http://localhost:11434/chat/completions "HTTP/1.1 404 Not Found"
2025-11-16 18:42:48,020 - INFO - HTTP Request: POST http://localhost:11434/chat/completions "HTTP/1.1 404 Not Found"
2025-11-16 18:42:48,020 - WARNING - Exception for chunk chunk-e558af7057c06ceb4b435d92cbccef61: RetryError[<Future at 0x7a631f0c11b0 state=finished raised NotFoundError>]
2025-11-16 18:42:48,025 - INFO - HTTP Request: POST http://localhost:11434/chat/completions "HTTP/1.1 404 Not Found"
2025-11-16 18:42:48,029 - INFO - HTTP Request: POST http://localhost:11434/chat/completions "HTTP/1.1 404 Not Found"
2025-11-16 18:42:48,030 - WARNING - Exception for chunk chunk-c67e7585f781a23cf3ca4183cc23763d: RetryError[<Future at 0x7a631ef19de0 state=finished raised NotFoundError>]
2025-11-16 18:42:48,034 - INFO - HTTP Request: POST http://localhost:11434/chat/completions "HTTP/1.1 404 Not Found"
2025-11-16 18:42:48,079 - INFO - HTTP Request: POST http://localhost:11434/chat/completions "HTTP/1.1 404 Not Found"
2025-11-16 18:42:48,081 - WARNING - Exception for chunk chunk-c23b25c28f8292c4c6b2b318fbecd0fd: RetryError[<Future at 0x7a631ef1bc70 state=finished raised NotFoundError>]
2025-11-16 18:42:48,085 - INFO - HTTP Request: POST http://localhost:11434/chat/completions "HTTP/1.1 404 Not Found"
2025-11-16 18:42:48,255 - INFO - HTTP Request: POST http://localhost:11434/chat/completions "HTTP/1.1 404 Not Found"
2025-11-16 18:42:48,256 - WARNING - Exception for chunk chunk-72c45786ec579e70d882b8120830cdf8: RetryError[<Future at 0x7a631f07a7d0 state=finished raised NotFoundError>]
2025-11-16 18:42:48,262 - INFO - HTTP Request: POST http://localhost:11434/chat/completions "HTTP/1.1 404 Not Found"
2025-11-16 18:42:48,297 - INFO - HTTP Request: POST http://localhost:11434/chat/completions "HTTP/1.1 404 Not Found"
2025-11-16 18:42:48,299 - WARNING - Exception for chunk chunk-4e3b5bfd590dc86f3e0f2e1f29f398aa: RetryError[<Future at 0x7a631ef73520 state=finished raised NotFoundError>]
2025-11-16 18:42:48,316 - INFO - HTTP Request: POST http://localhost:11434/chat/completions "HTTP/1.1 404 Not Found"
2025-11-16 18:42:48,318 - INFO - HTTP Request: POST http://localhost:11434/chat/completions "HTTP/1.1 404 Not Found"
2025-11-16 18:42:48,318 - WARNING - Exception for chunk chunk-d6f280c0a25847502c182a44a5c1786a: RetryError[<Future at 0x7a631f1b62c0 state=finished raised NotFoundError>]
2025-11-16 18:42:48,327 - INFO - HTTP Request: POST http://localhost:11434/chat/completions "HTTP/1.1 404 Not Found"
2025-11-16 18:42:48,328 - INFO - HTTP Request: POST http://localhost:11434/chat/completions "HTTP/1.1 404 Not Found"
2025-11-16 18:42:48,329 - WARNING - Exception for chunk chunk-d9c9da9ddc47d31f260893b0445c3012: RetryError[<Future at 0x7a631ef262c0 state=finished raised NotFoundError>]
2025-11-16 18:42:48,334 - INFO - HTTP Request: POST http://localhost:11434/chat/completions "HTTP/1.1 404 Not Found"
2025-11-16 18:42:48,371 - INFO - HTTP Request: POST http://localhost:11434/chat/completions "HTTP/1.1 404 Not Found"
2025-11-16 18:42:48,371 - WARNING - Exception for chunk chunk-5b5447a68296d080bab53b100955a8ca: RetryError[<Future at 0x7a631ee2ea40 state=finished raised NotFoundError>]
2025-11-16 18:42:48,375 - INFO - HTTP Request: POST http://localhost:11434/chat/completions "HTTP/1.1 404 Not Found"
2025-11-16 18:42:48,385 - INFO - HTTP Request: POST http://localhost:11434/chat/completions "HTTP/1.1 404 Not Found"
2025-11-16 18:42:48,386 - WARNING - Exception for chunk chunk-fc994d289a3f434a6b6d70a09325c579: RetryError[<Future at 0x7a631ef26230 state=finished raised NotFoundError>]
2025-11-16 18:42:48,393 - INFO - HTTP Request: POST http://localhost:11434/chat/completions "HTTP/1.1 404 Not Found"
2025-11-16 18:42:48,437 - INFO - HTTP Request: POST http://localhost:11434/chat/completions "HTTP/1.1 404 Not Found"
2025-11-16 18:42:48,438 - WARNING - Exception for chunk chunk-1564b528cd7cfa6f5c3c2cb633a681a7: RetryError[<Future at 0x7a631ee4bb20 state=finished raised NotFoundError>]
2025-11-16 18:42:48,445 - INFO - HTTP Request: POST http://localhost:11434/chat/completions "HTTP/1.1 404 Not Found"
2025-11-16 18:42:48,527 - INFO - HTTP Request: POST http://localhost:11434/chat/completions "HTTP/1.1 404 Not Found"
2025-11-16 18:42:48,528 - WARNING - Exception for chunk chunk-3510780974cf84690a1efc910815971b: RetryError[<Future at 0x7a631ee497e0 state=finished raised NotFoundError>]
2025-11-16 18:42:48,532 - INFO - HTTP Request: POST http://localhost:11434/chat/completions "HTTP/1.1 404 Not Found"
2025-11-16 18:42:48,570 - INFO - HTTP Request: POST http://localhost:11434/chat/completions "HTTP/1.1 404 Not Found"
2025-11-16 18:42:48,571 - WARNING - Exception for chunk chunk-785bca16b65f74f1df71588789c213a3: RetryError[<Future at 0x7a631ee48af0 state=finished raised NotFoundError>]
2025-11-16 18:42:48,576 - INFO - HTTP Request: POST http://localhost:11434/chat/completions "HTTP/1.1 404 Not Found"
2025-11-16 18:42:48,624 - INFO - HTTP Request: POST http://localhost:11434/chat/completions "HTTP/1.1 404 Not Found"
2025-11-16 18:42:48,625 - WARNING - Exception for chunk chunk-3185ff6ec0410791e8eac81155f16d1d: RetryError[<Future at 0x7a631ee2fbb0 state=finished raised NotFoundError>]
2025-11-16 18:42:48,630 - INFO - HTTP Request: POST http://localhost:11434/chat/completions "HTTP/1.1 404 Not Found"
2025-11-16 18:42:48,647 - INFO - HTTP Request: POST http://localhost:11434/chat/completions "HTTP/1.1 404 Not Found"
2025-11-16 18:42:48,647 - WARNING - Exception for chunk chunk-3514e6d569005607112bb710adb7f55f: RetryError[<Future at 0x7a631ee4ad70 state=finished raised NotFoundError>]
2025-11-16 18:42:48,653 - INFO - HTTP Request: POST http://localhost:11434/chat/completions "HTTP/1.1 404 Not Found"
2025-11-16 18:42:48,662 - INFO - HTTP Request: POST http://localhost:11434/chat/completions "HTTP/1.1 404 Not Found"
2025-11-16 18:42:48,663 - WARNING - Exception for chunk chunk-551cb61b9f0d5628bcd27ef9eaad63de: RetryError[<Future at 0x7a631ee63d90 state=finished raised NotFoundError>]
2025-11-16 18:42:48,669 - INFO - HTTP Request: POST http://localhost:11434/chat/completions "HTTP/1.1 404 Not Found"
2025-11-16 18:42:48,706 - INFO - HTTP Request: POST http://localhost:11434/chat/completions "HTTP/1.1 404 Not Found"
2025-11-16 18:42:48,707 - WARNING - Exception for chunk chunk-52c864f892d3935ed2efb8722ee8e9a3: RetryError[<Future at 0x7a631ee63130 state=finished raised NotFoundError>]
2025-11-16 18:42:48,712 - INFO - HTTP Request: POST http://localhost:11434/chat/completions "HTTP/1.1 404 Not Found"
2025-11-16 18:42:49,029 - INFO - HTTP Request: POST http://localhost:11434/chat/completions "HTTP/1.1 404 Not Found"
2025-11-16 18:42:49,029 - WARNING - Exception for chunk chunk-f6e216c932c9160bee08bfc71be78e59: RetryError[<Future at 0x7a631ee7f430 state=finished raised NotFoundError>]
2025-11-16 18:42:49,034 - INFO - HTTP Request: POST http://localhost:11434/chat/completions "HTTP/1.1 404 Not Found"
2025-11-16 18:42:49,039 - INFO - HTTP Request: POST http://localhost:11434/chat/completions "HTTP/1.1 404 Not Found"
2025-11-16 18:42:49,040 - WARNING - Exception for chunk chunk-243c0251f54d769b8ad3a172c1d614a5: RetryError[<Future at 0x7a631ee7eb00 state=finished raised NotFoundError>]
2025-11-16 18:42:49,044 - INFO - HTTP Request: POST http://localhost:11434/chat/completions "HTTP/1.1 404 Not Found"
2025-11-16 18:42:49,093 - INFO - HTTP Request: POST http://localhost:11434/chat/completions "HTTP/1.1 404 Not Found"
2025-11-16 18:42:49,093 - WARNING - Exception for chunk chunk-5a8192c30be22654b01fc61c801d5ad7: RetryError[<Future at 0x7a631ee7e890 state=finished raised NotFoundError>]
2025-11-16 18:42:49,100 - INFO - HTTP Request: POST http://localhost:11434/chat/completions "HTTP/1.1 404 Not Found"
2025-11-16 18:42:49,267 - INFO - HTTP Request: POST http://localhost:11434/chat/completions "HTTP/1.1 404 Not Found"
2025-11-16 18:42:49,267 - WARNING - Exception for chunk chunk-42383c66f35b5a818380ae4b2ebafa8c: RetryError[<Future at 0x7a631ee96e00 state=finished raised NotFoundError>]
2025-11-16 18:42:49,274 - INFO - HTTP Request: POST http://localhost:11434/chat/completions "HTTP/1.1 404 Not Found"
2025-11-16 18:42:49,320 - INFO - HTTP Request: POST http://localhost:11434/chat/completions "HTTP/1.1 404 Not Found"
2025-11-16 18:42:49,321 - WARNING - Exception for chunk chunk-4dbe48a7f67f7a0d2ba3175a86960709: RetryError[<Future at 0x7a631ee97e80 state=finished raised NotFoundError>]
2025-11-16 18:42:49,325 - INFO - HTTP Request: POST http://localhost:11434/chat/completions "HTTP/1.1 404 Not Found"
2025-11-16 18:42:49,334 - INFO - HTTP Request: POST http://localhost:11434/chat/completions "HTTP/1.1 404 Not Found"
2025-11-16 18:42:49,335 - WARNING - Exception for chunk chunk-9196c16f220f8be9028e49bbf5894d72: RetryError[<Future at 0x7a631ee960e0 state=finished raised NotFoundError>]
2025-11-16 18:42:49,348 - INFO - HTTP Request: POST http://localhost:11434/chat/completions "HTTP/1.1 404 Not Found"
2025-11-16 18:42:49,349 - INFO - HTTP Request: POST http://localhost:11434/chat/completions "HTTP/1.1 404 Not Found"
2025-11-16 18:42:49,350 - WARNING - Exception for chunk chunk-1eac568e593c355ed194ed84c26b3c20: RetryError[<Future at 0x7a631ee95b40 state=finished raised NotFoundError>]
2025-11-16 18:42:49,358 - INFO - HTTP Request: POST http://localhost:11434/chat/completions "HTTP/1.1 404 Not Found"
2025-11-16 18:42:49,381 - INFO - HTTP Request: POST http://localhost:11434/chat/completions "HTTP/1.1 404 Not Found"
2025-11-16 18:42:49,382 - WARNING - Exception for chunk chunk-721571a834a7538d922eea34c1e3c85a: RetryError[<Future at 0x7a631ee7d2d0 state=finished raised NotFoundError>]
2025-11-16 18:42:49,387 - INFO - HTTP Request: POST http://localhost:11434/chat/completions "HTTP/1.1 404 Not Found"
2025-11-16 18:42:49,398 - INFO - HTTP Request: POST http://localhost:11434/chat/completions "HTTP/1.1 404 Not Found"
2025-11-16 18:42:49,399 - WARNING - Exception for chunk chunk-affc048291758bb5367275f4e8669e1c: RetryError[<Future at 0x7a631ee94790 state=finished raised NotFoundError>]
2025-11-16 18:42:49,403 - INFO - HTTP Request: POST http://localhost:11434/chat/completions "HTTP/1.1 404 Not Found"
2025-11-16 18:42:49,449 - INFO - HTTP Request: POST http://localhost:11434/chat/completions "HTTP/1.1 404 Not Found"
2025-11-16 18:42:49,450 - WARNING - Exception for chunk chunk-1fce437148bdc6088c3ed7442fdb52bd: RetryError[<Future at 0x7a631ee60d00 state=finished raised NotFoundError>]
2025-11-16 18:42:49,455 - INFO - HTTP Request: POST http://localhost:11434/chat/completions "HTTP/1.1 404 Not Found"
2025-11-16 18:42:49,538 - INFO - HTTP Request: POST http://localhost:11434/chat/completions "HTTP/1.1 404 Not Found"
2025-11-16 18:42:49,539 - WARNING - Exception for chunk chunk-5bb6a89b2b8a7924ccb942552363a533: RetryError[<Future at 0x7a631ee60610 state=finished raised NotFoundError>]
2025-11-16 18:42:49,546 - INFO - HTTP Request: POST http://localhost:11434/chat/completions "HTTP/1.1 404 Not Found"
2025-11-16 18:42:49,580 - INFO - HTTP Request: POST http://localhost:11434/chat/completions "HTTP/1.1 404 Not Found"
2025-11-16 18:42:49,581 - WARNING - Exception for chunk chunk-3499413a61075b73e95fecd204f10c04: RetryError[<Future at 0x7a631ee61ff0 state=finished raised NotFoundError>]
2025-11-16 18:42:49,585 - INFO - HTTP Request: POST http://localhost:11434/chat/completions "HTTP/1.1 404 Not Found"
2025-11-16 18:42:49,635 - INFO - HTTP Request: POST http://localhost:11434/chat/completions "HTTP/1.1 404 Not Found"
2025-11-16 18:42:49,636 - WARNING - Exception for chunk chunk-4a478dad43e0952ba2d0b19ad0d7e95e: RetryError[<Future at 0x7a631ee49d80 state=finished raised NotFoundError>]
2025-11-16 18:42:49,642 - INFO - HTTP Request: POST http://localhost:11434/chat/completions "HTTP/1.1 404 Not Found"
2025-11-16 18:42:49,657 - INFO - HTTP Request: POST http://localhost:11434/chat/completions "HTTP/1.1 404 Not Found"
2025-11-16 18:42:49,658 - WARNING - Exception for chunk chunk-226dba25615b89d3c604b92225be007d: RetryError[<Future at 0x7a631ef51f60 state=finished raised NotFoundError>]
2025-11-16 18:42:49,663 - INFO - HTTP Request: POST http://localhost:11434/chat/completions "HTTP/1.1 404 Not Found"
2025-11-16 18:42:49,673 - INFO - HTTP Request: POST http://localhost:11434/chat/completions "HTTP/1.1 404 Not Found"
2025-11-16 18:42:49,674 - WARNING - Exception for chunk chunk-30b09c0b7a0d4053dba8b5fa09e8f88b: RetryError[<Future at 0x7a631efd0070 state=finished raised NotFoundError>]
2025-11-16 18:42:49,680 - INFO - HTTP Request: POST http://localhost:11434/chat/completions "HTTP/1.1 404 Not Found"
2025-11-16 18:42:49,717 - INFO - HTTP Request: POST http://localhost:11434/chat/completions "HTTP/1.1 404 Not Found"
2025-11-16 18:42:49,717 - WARNING - Exception for chunk chunk-9e30178d2e37bd705ff780a8ef86b5e9: RetryError[<Future at 0x7a631ee60ca0 state=finished raised NotFoundError>]
2025-11-16 18:42:49,721 - INFO - HTTP Request: POST http://localhost:11434/chat/completions "HTTP/1.1 404 Not Found"
2025-11-16 18:42:50,043 - INFO - HTTP Request: POST http://localhost:11434/chat/completions "HTTP/1.1 404 Not Found"
2025-11-16 18:42:50,045 - WARNING - Exception for chunk chunk-5dc1e6c829932d81132ca980466b4e8e: RetryError[<Future at 0x7a631ee2e6b0 state=finished raised NotFoundError>]
2025-11-16 18:42:50,057 - INFO - HTTP Request: POST http://localhost:11434/chat/completions "HTTP/1.1 404 Not Found"
2025-11-16 18:42:50,059 - WARNING - Exception for chunk chunk-74da89c33f4fded6d54fe901415ac783: RetryError[<Future at 0x7a631ee2cd90 state=finished raised NotFoundError>]
2025-11-16 18:42:50,075 - INFO - HTTP Request: POST http://localhost:11434/chat/completions "HTTP/1.1 404 Not Found"
2025-11-16 18:42:50,107 - INFO - HTTP Request: POST http://localhost:11434/chat/completions "HTTP/1.1 404 Not Found"
2025-11-16 18:42:50,107 - WARNING - Exception for chunk chunk-19adc189e3fc8a6782b530a3106cfcc1: RetryError[<Future at 0x7a631ee2db70 state=finished raised NotFoundError>]
2025-11-16 18:42:50,113 - INFO - HTTP Request: POST http://localhost:11434/chat/completions "HTTP/1.1 404 Not Found"
2025-11-16 18:42:50,119 - INFO - HTTP Request: POST http://localhost:11434/chat/completions "HTTP/1.1 404 Not Found"
2025-11-16 18:42:50,284 - INFO - HTTP Request: POST http://localhost:11434/chat/completions "HTTP/1.1 404 Not Found"
2025-11-16 18:42:50,286 - WARNING - Exception for chunk chunk-3762cfa3835652f32fad3d4974381476: RetryError[<Future at 0x7a631efc07f0 state=finished raised NotFoundError>]
2025-11-16 18:42:50,298 - INFO - HTTP Request: POST http://localhost:11434/chat/completions "HTTP/1.1 404 Not Found"
2025-11-16 18:42:50,332 - INFO - HTTP Request: POST http://localhost:11434/chat/completions "HTTP/1.1 404 Not Found"
2025-11-16 18:42:50,333 - WARNING - Exception for chunk chunk-79a08dee4889d385f7f79f1280252df6: RetryError[<Future at 0x7a631f1b5000 state=finished raised NotFoundError>]
2025-11-16 18:42:50,342 - INFO - HTTP Request: POST http://localhost:11434/chat/completions "HTTP/1.1 404 Not Found"
2025-11-16 18:42:50,355 - INFO - HTTP Request: POST http://localhost:11434/chat/completions "HTTP/1.1 404 Not Found"
2025-11-16 18:42:50,356 - WARNING - Exception for chunk chunk-64bc12ace9e08347d0288bf15ffef2c2: RetryError[<Future at 0x7a631ef26b30 state=finished raised NotFoundError>]
2025-11-16 18:42:50,365 - INFO - HTTP Request: POST http://localhost:11434/chat/completions "HTTP/1.1 404 Not Found"
2025-11-16 18:42:50,366 - INFO - HTTP Request: POST http://localhost:11434/chat/completions "HTTP/1.1 404 Not Found"
2025-11-16 18:42:50,366 - WARNING - Exception for chunk chunk-0561f1622a9a10b0a1157478100dc6c0: RetryError[<Future at 0x7a631ee7fb20 state=finished raised NotFoundError>]
2025-11-16 18:42:50,373 - INFO - HTTP Request: POST http://localhost:11434/chat/completions "HTTP/1.1 404 Not Found"
2025-11-16 18:42:50,391 - INFO - HTTP Request: POST http://localhost:11434/chat/completions "HTTP/1.1 404 Not Found"
2025-11-16 18:42:50,392 - WARNING - Exception for chunk chunk-8333fe660c0bc3a5ec072595fb34b72d: RetryError[<Future at 0x7a631ee13700 state=finished raised NotFoundError>]
2025-11-16 18:42:50,396 - INFO - HTTP Request: POST http://localhost:11434/chat/completions "HTTP/1.1 404 Not Found"
2025-11-16 18:42:50,407 - INFO - HTTP Request: POST http://localhost:11434/chat/completions "HTTP/1.1 404 Not Found"
2025-11-16 18:42:50,408 - WARNING - Exception for chunk chunk-c45a9bd1f59dcace31f8715f8a07207a: RetryError[<Future at 0x7a631eeb1fc0 state=finished raised NotFoundError>]
2025-11-16 18:42:50,411 - INFO - HTTP Request: POST http://localhost:11434/chat/completions "HTTP/1.1 404 Not Found"
2025-11-16 18:42:50,461 - INFO - HTTP Request: POST http://localhost:11434/chat/completions "HTTP/1.1 404 Not Found"
2025-11-16 18:42:50,462 - WARNING - Exception for chunk chunk-04b3ad7883fcc7f19caaf5528c3c0ea8: RetryError[<Future at 0x7a631eeb31c0 state=finished raised NotFoundError>]
2025-11-16 18:42:50,469 - INFO - HTTP Request: POST http://localhost:11434/chat/completions "HTTP/1.1 404 Not Found"
2025-11-16 18:42:50,555 - INFO - HTTP Request: POST http://localhost:11434/chat/completions "HTTP/1.1 404 Not Found"
2025-11-16 18:42:50,556 - WARNING - Exception for chunk chunk-5c81f26ea5a5dc0abb9506cd152d9a18: RetryError[<Future at 0x7a631ee2e230 state=finished raised NotFoundError>]
2025-11-16 18:42:50,567 - INFO - HTTP Request: POST http://localhost:11434/chat/completions "HTTP/1.1 404 Not Found"
2025-11-16 18:42:50,595 - INFO - HTTP Request: POST http://localhost:11434/chat/completions "HTTP/1.1 404 Not Found"
2025-11-16 18:42:50,597 - WARNING - Exception for chunk chunk-8e250a198e3749feea980e0f974258ec: RetryError[<Future at 0x7a631ef26470 state=finished raised NotFoundError>]
2025-11-16 18:42:50,609 - INFO - HTTP Request: POST http://localhost:11434/chat/completions "HTTP/1.1 404 Not Found"
2025-11-16 18:42:50,647 - INFO - HTTP Request: POST http://localhost:11434/chat/completions "HTTP/1.1 404 Not Found"
2025-11-16 18:42:50,648 - WARNING - Exception for chunk chunk-e45e8ab75d59396e568d128f6d416ee3: RetryError[<Future at 0x7a631ef26650 state=finished raised NotFoundError>]
2025-11-16 18:42:50,653 - INFO - HTTP Request: POST http://localhost:11434/chat/completions "HTTP/1.1 404 Not Found"
2025-11-16 18:42:50,669 - INFO - HTTP Request: POST http://localhost:11434/chat/completions "HTTP/1.1 404 Not Found"
2025-11-16 18:42:50,670 - WARNING - Exception for chunk chunk-14e67ee696b420c410fe6ac3f27288d5: RetryError[<Future at 0x7a631eec5a80 state=finished raised NotFoundError>]
2025-11-16 18:42:50,676 - INFO - HTTP Request: POST http://localhost:11434/chat/completions "HTTP/1.1 404 Not Found"
2025-11-16 18:42:50,685 - INFO - HTTP Request: POST http://localhost:11434/chat/completions "HTTP/1.1 404 Not Found"
2025-11-16 18:42:50,686 - WARNING - Exception for chunk chunk-d5756785591e48f42df876be9078c0c0: RetryError[<Future at 0x7a631eee6260 state=finished raised NotFoundError>]
2025-11-16 18:42:50,692 - INFO - HTTP Request: POST http://localhost:11434/chat/completions "HTTP/1.1 404 Not Found"
2025-11-16 18:42:50,731 - INFO - HTTP Request: POST http://localhost:11434/chat/completions "HTTP/1.1 404 Not Found"
2025-11-16 18:42:50,734 - WARNING - Exception for chunk chunk-80f2baa334003e7e1cf246770a8a0442: RetryError[<Future at 0x7a631eec7dc0 state=finished raised NotFoundError>]
2025-11-16 18:42:50,750 - INFO - HTTP Request: POST http://localhost:11434/chat/completions "HTTP/1.1 404 Not Found"
2025-11-16 18:42:51,081 - INFO - HTTP Request: POST http://localhost:11434/chat/completions "HTTP/1.1 404 Not Found"
2025-11-16 18:42:51,082 - WARNING - Exception for chunk chunk-04eb1cb6cbcc9f611918ebbcef1fcef8: RetryError[<Future at 0x7a631eee7820 state=finished raised NotFoundError>]
2025-11-16 18:42:51,087 - INFO - HTTP Request: POST http://localhost:11434/chat/completions "HTTP/1.1 404 Not Found"
2025-11-16 18:42:51,117 - INFO - HTTP Request: POST http://localhost:11434/chat/completions "HTTP/1.1 404 Not Found"
2025-11-16 18:42:51,118 - WARNING - Exception for chunk chunk-5a1ad8a649d993c34fc1e6a6d6c8dbef: RetryError[<Future at 0x7a631eee7e50 state=finished raised NotFoundError>]
2025-11-16 18:42:51,126 - INFO - HTTP Request: POST http://localhost:11434/chat/completions "HTTP/1.1 404 Not Found"
2025-11-16 18:42:51,127 - INFO - HTTP Request: POST http://localhost:11434/chat/completions "HTTP/1.1 404 Not Found"
2025-11-16 18:42:51,128 - WARNING - Exception for chunk chunk-a007a330b058b3cad3d477bd5e188a1c: RetryError[<Future at 0x7a631eeb09d0 state=finished raised NotFoundError>]
2025-11-16 18:42:51,133 - INFO - HTTP Request: POST http://localhost:11434/chat/completions "HTTP/1.1 404 Not Found"
2025-11-16 18:42:51,309 - INFO - HTTP Request: POST http://localhost:11434/chat/completions "HTTP/1.1 404 Not Found"
2025-11-16 18:42:51,311 - WARNING - Exception for chunk chunk-360629ce3838f9c34dff400789b5696d: RetryError[<Future at 0x7a631ecffbe0 state=finished raised NotFoundError>]
2025-11-16 18:42:51,324 - INFO - HTTP Request: POST http://localhost:11434/chat/completions "HTTP/1.1 404 Not Found"
2025-11-16 18:42:51,352 - INFO - HTTP Request: POST http://localhost:11434/chat/completions "HTTP/1.1 404 Not Found"
2025-11-16 18:42:51,353 - WARNING - Exception for chunk chunk-fb2c16df68d484dc1d4dc433c2da9933: RetryError[<Future at 0x7a631ecfffa0 state=finished raised NotFoundError>]
2025-11-16 18:42:51,364 - INFO - HTTP Request: POST http://localhost:11434/chat/completions "HTTP/1.1 404 Not Found"
2025-11-16 18:42:51,372 - INFO - HTTP Request: POST http://localhost:11434/chat/completions "HTTP/1.1 404 Not Found"
2025-11-16 18:42:51,373 - WARNING - Exception for chunk chunk-d3901da548af8437f2562a18e3e8e1da: RetryError[<Future at 0x7a631ed13250 state=finished raised NotFoundError>]
2025-11-16 18:42:51,383 - INFO - HTTP Request: POST http://localhost:11434/chat/completions "HTTP/1.1 404 Not Found"
2025-11-16 18:42:51,384 - INFO - HTTP Request: POST http://localhost:11434/chat/completions "HTTP/1.1 404 Not Found"
2025-11-16 18:42:51,384 - WARNING - Exception for chunk chunk-168b1c41ad76b5cd5519b3cf129a617d: RetryError[<Future at 0x7a631f026140 state=finished raised NotFoundError>]
2025-11-16 18:42:51,389 - INFO - HTTP Request: POST http://localhost:11434/chat/completions "HTTP/1.1 404 Not Found"
2025-11-16 18:42:51,400 - INFO - HTTP Request: POST http://localhost:11434/chat/completions "HTTP/1.1 404 Not Found"
2025-11-16 18:42:51,401 - WARNING - Exception for chunk chunk-0163882306d1d2e91e82fef1822bfcde: RetryError[<Future at 0x7a631ed12530 state=finished raised NotFoundError>]
2025-11-16 18:42:51,405 - INFO - HTTP Request: POST http://localhost:11434/chat/completions "HTTP/1.1 404 Not Found"
2025-11-16 18:42:51,415 - INFO - HTTP Request: POST http://localhost:11434/chat/completions "HTTP/1.1 404 Not Found"
2025-11-16 18:42:51,416 - WARNING - Exception for chunk chunk-f986feb477a57f15c713915bedc119a7: RetryError[<Future at 0x7a631ed119c0 state=finished raised NotFoundError>]
2025-11-16 18:42:51,421 - INFO - HTTP Request: POST http://localhost:11434/chat/completions "HTTP/1.1 404 Not Found"
2025-11-16 18:42:51,474 - INFO - HTTP Request: POST http://localhost:11434/chat/completions "HTTP/1.1 404 Not Found"
2025-11-16 18:42:51,475 - WARNING - Exception for chunk chunk-3424d65b9f2a3579cc0e9054da6a1a74: RetryError[<Future at 0x7a631ecfc970 state=finished raised NotFoundError>]
2025-11-16 18:42:51,481 - INFO - HTTP Request: POST http://localhost:11434/chat/completions "HTTP/1.1 404 Not Found"
2025-11-16 18:42:51,579 - INFO - HTTP Request: POST http://localhost:11434/chat/completions "HTTP/1.1 404 Not Found"
2025-11-16 18:42:51,580 - WARNING - Exception for chunk chunk-da2d4142ca42e6fcef49b3ad4fddf2b3: RetryError[<Future at 0x7a631ecfe470 state=finished raised NotFoundError>]
2025-11-16 18:42:51,593 - INFO - HTTP Request: POST http://localhost:11434/chat/completions "HTTP/1.1 404 Not Found"
2025-11-16 18:42:51,615 - INFO - HTTP Request: POST http://localhost:11434/chat/completions "HTTP/1.1 404 Not Found"
2025-11-16 18:42:51,615 - WARNING - Exception for chunk chunk-d1bbfffd25a6a87f12577456d6c09b10: RetryError[<Future at 0x7a631ed11cf0 state=finished raised NotFoundError>]
2025-11-16 18:42:51,621 - INFO - HTTP Request: POST http://localhost:11434/chat/completions "HTTP/1.1 404 Not Found"
2025-11-16 18:42:51,659 - INFO - HTTP Request: POST http://localhost:11434/chat/completions "HTTP/1.1 404 Not Found"
2025-11-16 18:42:51,660 - WARNING - Exception for chunk chunk-36d93f1f84671ad5f3b02a8237fdda92: RetryError[<Future at 0x7a631eee4d00 state=finished raised NotFoundError>]
2025-11-16 18:42:51,667 - INFO - HTTP Request: POST http://localhost:11434/chat/completions "HTTP/1.1 404 Not Found"
2025-11-16 18:42:51,682 - INFO - HTTP Request: POST http://localhost:11434/chat/completions "HTTP/1.1 404 Not Found"
2025-11-16 18:42:51,683 - WARNING - Exception for chunk chunk-600bcf07e15771a193d48209f25f7ba0: RetryError[<Future at 0x7a631eee5a20 state=finished raised NotFoundError>]
2025-11-16 18:42:51,690 - INFO - HTTP Request: POST http://localhost:11434/chat/completions "HTTP/1.1 404 Not Found"
2025-11-16 18:42:51,698 - INFO - HTTP Request: POST http://localhost:11434/chat/completions "HTTP/1.1 404 Not Found"
2025-11-16 18:42:51,699 - WARNING - Exception for chunk chunk-c69cc5a568ca2cf5115c93145bea06c5: RetryError[<Future at 0x7a631ecfd870 state=finished raised NotFoundError>]
2025-11-16 18:42:51,706 - INFO - HTTP Request: POST http://localhost:11434/chat/completions "HTTP/1.1 404 Not Found"
2025-11-16 18:42:51,757 - INFO - HTTP Request: POST http://localhost:11434/chat/completions "HTTP/1.1 404 Not Found"
2025-11-16 18:42:51,758 - WARNING - Exception for chunk chunk-9090b1c36ed85170e03d520e7f44f8bb: RetryError[<Future at 0x7a631eec4a00 state=finished raised NotFoundError>]
2025-11-16 18:42:51,768 - INFO - HTTP Request: POST http://localhost:11434/chat/completions "HTTP/1.1 404 Not Found"
2025-11-16 18:42:52,093 - INFO - HTTP Request: POST http://localhost:11434/chat/completions "HTTP/1.1 404 Not Found"
2025-11-16 18:42:52,094 - WARNING - Exception for chunk chunk-0cd841d0d1bd5a778b51b9786b9eea4a: RetryError[<Future at 0x7a6340205f60 state=finished raised NotFoundError>]
2025-11-16 18:42:52,100 - INFO - HTTP Request: POST http://localhost:11434/chat/completions "HTTP/1.1 404 Not Found"
2025-11-16 18:42:52,133 - INFO - HTTP Request: POST http://localhost:11434/chat/completions "HTTP/1.1 404 Not Found"
2025-11-16 18:42:52,134 - WARNING - Exception for chunk chunk-a3daafa5f0e274fb8162d0b06ada14b5: RetryError[<Future at 0x7a631eee5d80 state=finished raised NotFoundError>]
2025-11-16 18:42:52,140 - INFO - HTTP Request: POST http://localhost:11434/chat/completions "HTTP/1.1 404 Not Found"
2025-11-16 18:42:52,141 - WARNING - Exception for chunk chunk-0eeca61460d7f62ae662911466f21ffc: RetryError[<Future at 0x7a631eeb3f70 state=finished raised NotFoundError>]
2025-11-16 18:42:52,146 - INFO - HTTP Request: POST http://localhost:11434/chat/completions "HTTP/1.1 404 Not Found"
2025-11-16 18:42:52,200 - INFO - HTTP Request: POST http://localhost:11434/chat/completions "HTTP/1.1 404 Not Found"
2025-11-16 18:42:52,335 - INFO - HTTP Request: POST http://localhost:11434/chat/completions "HTTP/1.1 404 Not Found"
2025-11-16 18:42:52,337 - WARNING - Exception for chunk chunk-f0d59a1676078c44d5ef1af26e6f1058: RetryError[<Future at 0x7a631eeb07f0 state=finished raised NotFoundError>]
2025-11-16 18:42:52,349 - INFO - HTTP Request: POST http://localhost:11434/chat/completions "HTTP/1.1 404 Not Found"
2025-11-16 18:42:52,375 - INFO - HTTP Request: POST http://localhost:11434/chat/completions "HTTP/1.1 404 Not Found"
2025-11-16 18:42:52,376 - WARNING - Exception for chunk chunk-f954125d8fb58c867ff25cb0562eaf4c: RetryError[<Future at 0x7a631eee5de0 state=finished raised NotFoundError>]
2025-11-16 18:42:52,397 - INFO - HTTP Request: POST http://localhost:11434/chat/completions "HTTP/1.1 404 Not Found"
2025-11-16 18:42:52,399 - WARNING - Exception for chunk chunk-971120cbca6df395767b89c666bd5bc1: RetryError[<Future at 0x7a631ef190c0 state=finished raised NotFoundError>]
2025-11-16 18:42:52,402 - INFO - HTTP Request: POST http://localhost:11434/chat/completions "HTTP/1.1 404 Not Found"
2025-11-16 18:42:52,403 - INFO - HTTP Request: POST http://localhost:11434/chat/completions "HTTP/1.1 404 Not Found"
2025-11-16 18:42:52,406 - WARNING - Exception for chunk chunk-567f1a3cb2e8fc0a5db9ae9a7a3e273c: RetryError[<Future at 0x7a631ef266e0 state=finished raised NotFoundError>]
2025-11-16 18:42:52,414 - INFO - HTTP Request: POST http://localhost:11434/chat/completions "HTTP/1.1 404 Not Found"
2025-11-16 18:42:52,415 - WARNING - Exception for chunk chunk-bb7ca8dead8f978c0e6dc097e47cfff9: RetryError[<Future at 0x7a631ef19d80 state=finished raised NotFoundError>]
2025-11-16 18:42:52,423 - INFO - HTTP Request: POST http://localhost:11434/chat/completions "HTTP/1.1 404 Not Found"
2025-11-16 18:42:52,430 - INFO - HTTP Request: POST http://localhost:11434/chat/completions "HTTP/1.1 404 Not Found"
2025-11-16 18:42:52,431 - WARNING - Exception for chunk chunk-0ca0fbbcf47347a77cebdd8c0e7a5c53: RetryError[<Future at 0x7a631efc1390 state=finished raised NotFoundError>]
2025-11-16 18:42:52,439 - INFO - HTTP Request: POST http://localhost:11434/chat/completions "HTTP/1.1 404 Not Found"
2025-11-16 18:42:52,446 - INFO - HTTP Request: POST http://localhost:11434/chat/completions "HTTP/1.1 404 Not Found"
2025-11-16 18:42:52,474 - INFO - HTTP Request: POST http://localhost:11434/chat/completions "HTTP/1.1 404 Not Found"
2025-11-16 18:42:52,495 - INFO - HTTP Request: POST http://localhost:11434/chat/completions "HTTP/1.1 404 Not Found"
2025-11-16 18:42:52,498 - WARNING - Exception for chunk chunk-f89e6e2551555b56b3ccdebc66483e99: RetryError[<Future at 0x7a631efc0730 state=finished raised NotFoundError>]
2025-11-16 18:42:52,514 - INFO - HTTP Request: POST http://localhost:11434/chat/completions "HTTP/1.1 404 Not Found"
2025-11-16 18:42:52,602 - INFO - HTTP Request: POST http://localhost:11434/chat/completions "HTTP/1.1 404 Not Found"
2025-11-16 18:42:52,604 - WARNING - Exception for chunk chunk-724f7d384daa1445293be737a6ab3d66: RetryError[<Future at 0x7a631ef1a920 state=finished raised NotFoundError>]
2025-11-16 18:42:52,620 - INFO - HTTP Request: POST http://localhost:11434/chat/completions "HTTP/1.1 404 Not Found"
2025-11-16 18:42:52,630 - INFO - HTTP Request: POST http://localhost:11434/chat/completions "HTTP/1.1 404 Not Found"
2025-11-16 18:42:52,631 - WARNING - Exception for chunk chunk-c7de7fbabc93f521aa6eeb9093ef9829: RetryError[<Future at 0x7a631ed27490 state=finished raised NotFoundError>]
2025-11-16 18:42:52,640 - INFO - HTTP Request: POST http://localhost:11434/chat/completions "HTTP/1.1 404 Not Found"
2025-11-16 18:42:52,674 - INFO - HTTP Request: POST http://localhost:11434/chat/completions "HTTP/1.1 404 Not Found"
2025-11-16 18:42:52,675 - WARNING - Exception for chunk chunk-e5adbffaa46eb273e76e75c9eefc9000: RetryError[<Future at 0x7a631ecfe560 state=finished raised NotFoundError>]
2025-11-16 18:42:52,680 - INFO - HTTP Request: POST http://localhost:11434/chat/completions "HTTP/1.1 404 Not Found"
2025-11-16 18:42:52,697 - INFO - HTTP Request: POST http://localhost:11434/chat/completions "HTTP/1.1 404 Not Found"
2025-11-16 18:42:52,697 - WARNING - Exception for chunk chunk-569373f533bc294859653bab2debf7c7: RetryError[<Future at 0x7a631ee95f90 state=finished raised NotFoundError>]
2025-11-16 18:42:52,704 - INFO - HTTP Request: POST http://localhost:11434/chat/completions "HTTP/1.1 404 Not Found"
2025-11-16 18:42:52,713 - INFO - HTTP Request: POST http://localhost:11434/chat/completions "HTTP/1.1 404 Not Found"
2025-11-16 18:42:52,714 - WARNING - Exception for chunk chunk-194696afac7e39f760896b068f67dad5: RetryError[<Future at 0x7a631ee96dd0 state=finished raised NotFoundError>]
2025-11-16 18:42:52,719 - INFO - HTTP Request: POST http://localhost:11434/chat/completions "HTTP/1.1 404 Not Found"
2025-11-16 18:42:52,773 - INFO - HTTP Request: POST http://localhost:11434/chat/completions "HTTP/1.1 404 Not Found"
2025-11-16 18:42:52,774 - WARNING - Exception for chunk chunk-c0c5177b3effc480e8503f2db776ad14: RetryError[<Future at 0x7a631ef1b730 state=finished raised NotFoundError>]
2025-11-16 18:42:52,780 - INFO - HTTP Request: POST http://localhost:11434/chat/completions "HTTP/1.1 404 Not Found"
2025-11-16 18:42:53,110 - INFO - HTTP Request: POST http://localhost:11434/chat/completions "HTTP/1.1 404 Not Found"
2025-11-16 18:42:53,112 - WARNING - Exception for chunk chunk-1fddff3014735501f2d5dc4559114ff2: RetryError[<Future at 0x7a631ed3c670 state=finished raised NotFoundError>]
2025-11-16 18:42:53,126 - INFO - HTTP Request: POST http://localhost:11434/chat/completions "HTTP/1.1 404 Not Found"
2025-11-16 18:42:53,154 - INFO - HTTP Request: POST http://localhost:11434/chat/completions "HTTP/1.1 404 Not Found"
2025-11-16 18:42:53,155 - WARNING - Exception for chunk chunk-1b728948e997c8b68f57dd1c7a39514a: RetryError[<Future at 0x7a631ed270d0 state=finished raised NotFoundError>]
2025-11-16 18:42:53,164 - INFO - HTTP Request: POST http://localhost:11434/chat/completions "HTTP/1.1 404 Not Found"
2025-11-16 18:42:53,206 - INFO - HTTP Request: POST http://localhost:11434/chat/completions "HTTP/1.1 404 Not Found"
2025-11-16 18:42:53,206 - WARNING - Exception for chunk chunk-494a2e8607355a42db177629a2a68673: RetryError[<Future at 0x7a631ed62bc0 state=finished raised NotFoundError>]
2025-11-16 18:42:53,211 - INFO - HTTP Request: POST http://localhost:11434/chat/completions "HTTP/1.1 404 Not Found"
2025-11-16 18:42:53,357 - INFO - HTTP Request: POST http://localhost:11434/chat/completions "HTTP/1.1 404 Not Found"
2025-11-16 18:42:53,358 - WARNING - Exception for chunk chunk-a1a334b2026527a5bb86f9b752e6e9e4: RetryError[<Future at 0x7a631ed63dc0 state=finished raised NotFoundError>]
2025-11-16 18:42:53,367 - INFO - HTTP Request: POST http://localhost:11434/chat/completions "HTTP/1.1 404 Not Found"
2025-11-16 18:42:53,413 - INFO - HTTP Request: POST http://localhost:11434/chat/completions "HTTP/1.1 404 Not Found"
2025-11-16 18:42:53,414 - WARNING - Exception for chunk chunk-0b9f98e52f13102f17a20a1c23054aa8: RetryError[<Future at 0x7a631ed61cf0 state=finished raised NotFoundError>]
2025-11-16 18:42:53,430 - INFO - HTTP Request: POST http://localhost:11434/chat/completions "HTTP/1.1 404 Not Found"
2025-11-16 18:42:53,441 - INFO - HTTP Request: POST http://localhost:11434/chat/completions "HTTP/1.1 404 Not Found"
2025-11-16 18:42:53,443 - WARNING - Exception for chunk chunk-9a6ea114c425d9f44139d10992cd628e: RetryError[<Future at 0x7a631ed7a740 state=finished raised NotFoundError>]
2025-11-16 18:42:53,461 - INFO - HTTP Request: POST http://localhost:11434/chat/completions "HTTP/1.1 404 Not Found"
2025-11-16 18:42:53,462 - WARNING - Exception for chunk chunk-f2cd1c2aa2a060eebafcfdfcefc312b8: RetryError[<Future at 0x7a631ed7b5b0 state=finished raised NotFoundError>]
2025-11-16 18:42:53,467 - INFO - HTTP Request: POST http://localhost:11434/chat/completions "HTTP/1.1 404 Not Found"
2025-11-16 18:42:53,469 - WARNING - Exception for chunk chunk-9c5aa9284dab91b5c9ac15656674a670: RetryError[<Future at 0x7a631ed7a290 state=finished raised NotFoundError>]
2025-11-16 18:42:53,487 - INFO - HTTP Request: POST http://localhost:11434/chat/completions "HTTP/1.1 404 Not Found"
2025-11-16 18:42:53,490 - INFO - HTTP Request: POST http://localhost:11434/chat/completions "HTTP/1.1 404 Not Found"
2025-11-16 18:42:53,492 - WARNING - Exception for chunk chunk-81c7e4ebe93d3d63169d5dbb5a86c7d6: RetryError[<Future at 0x7a631ed61c30 state=finished raised NotFoundError>]
2025-11-16 18:42:53,503 - INFO - HTTP Request: POST http://localhost:11434/chat/completions "HTTP/1.1 404 Not Found"
2025-11-16 18:42:53,515 - INFO - HTTP Request: POST http://localhost:11434/chat/completions "HTTP/1.1 404 Not Found"
2025-11-16 18:42:53,521 - INFO - HTTP Request: POST http://localhost:11434/chat/completions "HTTP/1.1 404 Not Found"
2025-11-16 18:42:53,523 - WARNING - Exception for chunk chunk-6a8c200141faab74f5c78e13389caf95: RetryError[<Future at 0x7a631ed78790 state=finished raised NotFoundError>]
2025-11-16 18:42:53,531 - INFO - HTTP Request: POST http://localhost:11434/chat/completions "HTTP/1.1 404 Not Found"
2025-11-16 18:42:53,582 - INFO - HTTP Request: POST http://localhost:11434/chat/completions "HTTP/1.1 404 Not Found"
2025-11-16 18:42:53,624 - INFO - HTTP Request: POST http://localhost:11434/chat/completions "HTTP/1.1 404 Not Found"
2025-11-16 18:42:53,625 - WARNING - Exception for chunk chunk-f5a6714a5389d38fc4463bee7906e890: RetryError[<Future at 0x7a631ed7be20 state=finished raised NotFoundError>]
2025-11-16 18:42:53,630 - INFO - HTTP Request: POST http://localhost:11434/chat/completions "HTTP/1.1 404 Not Found"
2025-11-16 18:42:53,645 - INFO - HTTP Request: POST http://localhost:11434/chat/completions "HTTP/1.1 404 Not Found"
2025-11-16 18:42:53,646 - WARNING - Exception for chunk chunk-adec08ff1d5c1d83e5043ff78ceccedd: RetryError[<Future at 0x7a631ed63940 state=finished raised NotFoundError>]
2025-11-16 18:42:53,651 - INFO - HTTP Request: POST http://localhost:11434/chat/completions "HTTP/1.1 404 Not Found"
2025-11-16 18:42:53,684 - INFO - HTTP Request: POST http://localhost:11434/chat/completions "HTTP/1.1 404 Not Found"
2025-11-16 18:42:53,685 - WARNING - Exception for chunk chunk-d6f352fea4f9ca0e915a5d0751e0f7cf: RetryError[<Future at 0x7a631efd37c0 state=finished raised NotFoundError>]
2025-11-16 18:42:53,689 - INFO - HTTP Request: POST http://localhost:11434/chat/completions "HTTP/1.1 404 Not Found"
2025-11-16 18:42:53,709 - INFO - HTTP Request: POST http://localhost:11434/chat/completions "HTTP/1.1 404 Not Found"
2025-11-16 18:42:53,709 - WARNING - Exception for chunk chunk-7ef970b87368f18e55a232be2b4bb421: RetryError[<Future at 0x7a631ed78cd0 state=finished raised NotFoundError>]
2025-11-16 18:42:53,714 - INFO - HTTP Request: POST http://localhost:11434/chat/completions "HTTP/1.1 404 Not Found"
2025-11-16 18:42:53,725 - INFO - HTTP Request: POST http://localhost:11434/chat/completions "HTTP/1.1 404 Not Found"
2025-11-16 18:42:53,726 - WARNING - Exception for chunk chunk-05d2a60f6f955dc3d64a49b367250c6f: RetryError[<Future at 0x7a631ed3cee0 state=finished raised NotFoundError>]
2025-11-16 18:42:53,732 - INFO - HTTP Request: POST http://localhost:11434/chat/completions "HTTP/1.1 404 Not Found"
2025-11-16 18:42:53,784 - INFO - HTTP Request: POST http://localhost:11434/chat/completions "HTTP/1.1 404 Not Found"
2025-11-16 18:42:53,785 - WARNING - Exception for chunk chunk-f6a60ca6461786c0bdeb066ae89f8818: RetryError[<Future at 0x7a631ed3f670 state=finished raised NotFoundError>]
2025-11-16 18:42:53,789 - INFO - HTTP Request: POST http://localhost:11434/chat/completions "HTTP/1.1 404 Not Found"
2025-11-16 18:42:54,131 - INFO - HTTP Request: POST http://localhost:11434/chat/completions "HTTP/1.1 404 Not Found"
2025-11-16 18:42:54,132 - WARNING - Exception for chunk chunk-e0fb4da86513519d890b3acdac2ae0d4: RetryError[<Future at 0x7a631ed7b220 state=finished raised NotFoundError>]
2025-11-16 18:42:54,136 - INFO - HTTP Request: POST http://localhost:11434/chat/completions "HTTP/1.1 404 Not Found"
2025-11-16 18:42:54,168 - INFO - HTTP Request: POST http://localhost:11434/chat/completions "HTTP/1.1 404 Not Found"
2025-11-16 18:42:54,169 - WARNING - Exception for chunk chunk-981902412fa42910dbb65a849b97774d: RetryError[<Future at 0x7a631eff3580 state=finished raised NotFoundError>]
2025-11-16 18:42:54,174 - INFO - HTTP Request: POST http://localhost:11434/chat/completions "HTTP/1.1 404 Not Found"
2025-11-16 18:42:54,215 - INFO - HTTP Request: POST http://localhost:11434/chat/completions "HTTP/1.1 404 Not Found"
2025-11-16 18:42:54,216 - WARNING - Exception for chunk chunk-29c7e53f4910adb172f0db1ea03ea2a0: RetryError[<Future at 0x7a631eff3400 state=finished raised NotFoundError>]
2025-11-16 18:42:54,219 - INFO - HTTP Request: POST http://localhost:11434/chat/completions "HTTP/1.1 404 Not Found"
2025-11-16 18:42:54,374 - INFO - HTTP Request: POST http://localhost:11434/chat/completions "HTTP/1.1 404 Not Found"
2025-11-16 18:42:54,375 - WARNING - Exception for chunk chunk-05e038c9d9a02d327bb5f08e76f0fc89: RetryError[<Future at 0x7a631ed3c580 state=finished raised NotFoundError>]
2025-11-16 18:42:54,382 - INFO - HTTP Request: POST http://localhost:11434/chat/completions "HTTP/1.1 404 Not Found"
2025-11-16 18:42:54,435 - INFO - HTTP Request: POST http://localhost:11434/chat/completions "HTTP/1.1 404 Not Found"
2025-11-16 18:42:54,436 - WARNING - Exception for chunk chunk-f5a9b12a258f5742c2195a54077c5130: RetryError[<Future at 0x7a631eeb2770 state=finished raised NotFoundError>]
2025-11-16 18:42:54,441 - INFO - HTTP Request: POST http://localhost:11434/chat/completions "HTTP/1.1 404 Not Found"
2025-11-16 18:42:54,492 - INFO - HTTP Request: POST http://localhost:11434/chat/completions "HTTP/1.1 404 Not Found"
2025-11-16 18:42:54,493 - WARNING - Exception for chunk chunk-f9e4834974b3f1bd47bfdbed5ec8385d: RetryError[<Future at 0x7a631f1b7310 state=finished raised NotFoundError>]
2025-11-16 18:42:54,499 - INFO - HTTP Request: POST http://localhost:11434/chat/completions "HTTP/1.1 404 Not Found"
2025-11-16 18:42:54,508 - INFO - HTTP Request: POST http://localhost:11434/chat/completions "HTTP/1.1 404 Not Found"
2025-11-16 18:42:54,509 - WARNING - Exception for chunk chunk-4ccaac962041233b01138256c2baa4b5: RetryError[<Future at 0x7a631ed3e560 state=finished raised NotFoundError>]
2025-11-16 18:42:54,513 - INFO - HTTP Request: POST http://localhost:11434/chat/completions "HTTP/1.1 404 Not Found"
2025-11-16 18:42:54,519 - INFO - HTTP Request: POST http://localhost:11434/chat/completions "HTTP/1.1 404 Not Found"
2025-11-16 18:42:54,520 - WARNING - Exception for chunk chunk-02e6ae12d79099e8e68ba49246d8dbac: RetryError[<Future at 0x7a631ee2e200 state=finished raised NotFoundError>]
2025-11-16 18:42:54,524 - INFO - HTTP Request: POST http://localhost:11434/chat/completions "HTTP/1.1 404 Not Found"
2025-11-16 18:42:54,536 - INFO - HTTP Request: POST http://localhost:11434/chat/completions "HTTP/1.1 404 Not Found"
2025-11-16 18:42:54,537 - WARNING - Exception for chunk chunk-0052078d075f8c46187e335c5d8a6e3f: RetryError[<Future at 0x7a631ee13a00 state=finished raised NotFoundError>]
2025-11-16 18:42:54,543 - INFO - HTTP Request: POST http://localhost:11434/chat/completions "HTTP/1.1 404 Not Found"
2025-11-16 18:42:54,586 - INFO - HTTP Request: POST http://localhost:11434/chat/completions "HTTP/1.1 404 Not Found"
2025-11-16 18:42:54,586 - WARNING - Exception for chunk chunk-c237e311bb8816327a7bf3f37acedf82: RetryError[<Future at 0x7a631ecfda50 state=finished raised NotFoundError>]
2025-11-16 18:42:54,591 - INFO - HTTP Request: POST http://localhost:11434/chat/completions "HTTP/1.1 404 Not Found"
2025-11-16 18:42:54,634 - INFO - HTTP Request: POST http://localhost:11434/chat/completions "HTTP/1.1 404 Not Found"
2025-11-16 18:42:54,634 - WARNING - Exception for chunk chunk-1d9bfc613a1a27b77a8c505ba73ed726: RetryError[<Future at 0x7a631ed94cd0 state=finished raised NotFoundError>]
2025-11-16 18:42:54,639 - INFO - HTTP Request: POST http://localhost:11434/chat/completions "HTTP/1.1 404 Not Found"
2025-11-16 18:42:54,655 - INFO - HTTP Request: POST http://localhost:11434/chat/completions "HTTP/1.1 404 Not Found"
2025-11-16 18:42:54,656 - WARNING - Exception for chunk chunk-d9248759c1a7ea079919376767e7f816: RetryError[<Future at 0x7a631ed953c0 state=finished raised NotFoundError>]
2025-11-16 18:42:54,660 - INFO - HTTP Request: POST http://localhost:11434/chat/completions "HTTP/1.1 404 Not Found"
2025-11-16 18:42:54,694 - INFO - HTTP Request: POST http://localhost:11434/chat/completions "HTTP/1.1 404 Not Found"
2025-11-16 18:42:54,695 - WARNING - Exception for chunk chunk-4b02f51c012da78373bd3672f437908f: RetryError[<Future at 0x7a631ed3db40 state=finished raised NotFoundError>]
2025-11-16 18:42:54,699 - INFO - HTTP Request: POST http://localhost:11434/chat/completions "HTTP/1.1 404 Not Found"
2025-11-16 18:42:54,718 - INFO - HTTP Request: POST http://localhost:11434/chat/completions "HTTP/1.1 404 Not Found"
2025-11-16 18:42:54,719 - WARNING - Exception for chunk chunk-18ed49342b63c8cb2036e7d0911e64d6: RetryError[<Future at 0x7a631edaaf80 state=finished raised NotFoundError>]
2025-11-16 18:42:54,724 - INFO - HTTP Request: POST http://localhost:11434/chat/completions "HTTP/1.1 404 Not Found"
2025-11-16 18:42:54,737 - INFO - HTTP Request: POST http://localhost:11434/chat/completions "HTTP/1.1 404 Not Found"
2025-11-16 18:42:54,738 - WARNING - Exception for chunk chunk-07b15d5789cb16ba85da95bd742f8c82: RetryError[<Future at 0x7a631ed965f0 state=finished raised NotFoundError>]
2025-11-16 18:42:54,742 - INFO - HTTP Request: POST http://localhost:11434/chat/completions "HTTP/1.1 404 Not Found"
2025-11-16 18:42:54,794 - INFO - HTTP Request: POST http://localhost:11434/chat/completions "HTTP/1.1 404 Not Found"
2025-11-16 18:42:54,795 - WARNING - Exception for chunk chunk-e49eba83a8b478c73f549fb87649cd00: RetryError[<Future at 0x7a631eda8970 state=finished raised NotFoundError>]
2025-11-16 18:42:54,802 - INFO - HTTP Request: POST http://localhost:11434/chat/completions "HTTP/1.1 404 Not Found"
2025-11-16 18:42:55,150 - INFO - HTTP Request: POST http://localhost:11434/chat/completions "HTTP/1.1 404 Not Found"
2025-11-16 18:42:55,152 - WARNING - Exception for chunk chunk-90c1dc4ecd60b8fa0d47aeef2ffdc40b: RetryError[<Future at 0x7a631eda83a0 state=finished raised NotFoundError>]
2025-11-16 18:42:55,161 - INFO - HTTP Request: POST http://localhost:11434/chat/completions "HTTP/1.1 404 Not Found"
2025-11-16 18:42:55,179 - INFO - HTTP Request: POST http://localhost:11434/chat/completions "HTTP/1.1 404 Not Found"
2025-11-16 18:42:55,180 - WARNING - Exception for chunk chunk-f1c3a90af2f9fac6b4e5c5cc9de05380: RetryError[<Future at 0x7a631edbed10 state=finished raised NotFoundError>]
2025-11-16 18:42:55,184 - INFO - HTTP Request: POST http://localhost:11434/chat/completions "HTTP/1.1 404 Not Found"
2025-11-16 18:42:55,223 - INFO - HTTP Request: POST http://localhost:11434/chat/completions "HTTP/1.1 404 Not Found"
2025-11-16 18:42:55,224 - WARNING - Exception for chunk chunk-6140759d82eed46e2e19dffe06863392: RetryError[<Future at 0x7a631edbff10 state=finished raised NotFoundError>]
2025-11-16 18:42:55,229 - INFO - HTTP Request: POST http://localhost:11434/chat/completions "HTTP/1.1 404 Not Found"
2025-11-16 18:42:55,393 - INFO - HTTP Request: POST http://localhost:11434/chat/completions "HTTP/1.1 404 Not Found"
2025-11-16 18:42:55,395 - WARNING - Exception for chunk chunk-378206a73bcc99e9d888e65b851d8d0e: RetryError[<Future at 0x7a631edbed40 state=finished raised NotFoundError>]
2025-11-16 18:42:55,401 - INFO - HTTP Request: POST http://localhost:11434/chat/completions "HTTP/1.1 404 Not Found"
2025-11-16 18:42:55,446 - INFO - HTTP Request: POST http://localhost:11434/chat/completions "HTTP/1.1 404 Not Found"
2025-11-16 18:42:55,447 - WARNING - Exception for chunk chunk-f228e6a3d556d7275f9bdfd49b1610e0: RetryError[<Future at 0x7a631edd75b0 state=finished raised NotFoundError>]
2025-11-16 18:42:55,454 - INFO - HTTP Request: POST http://localhost:11434/chat/completions "HTTP/1.1 404 Not Found"
2025-11-16 18:42:55,505 - INFO - HTTP Request: POST http://localhost:11434/chat/completions "HTTP/1.1 404 Not Found"
2025-11-16 18:42:55,506 - WARNING - Exception for chunk chunk-05a53658428c8cef4c84224ddd2683d2: RetryError[<Future at 0x7a631edd6d70 state=finished raised NotFoundError>]
2025-11-16 18:42:55,513 - INFO - HTTP Request: POST http://localhost:11434/chat/completions "HTTP/1.1 404 Not Found"
2025-11-16 18:42:55,521 - INFO - HTTP Request: POST http://localhost:11434/chat/completions "HTTP/1.1 404 Not Found"
2025-11-16 18:42:55,522 - WARNING - Exception for chunk chunk-fe266102051d6843de831bd64aafa9db: RetryError[<Future at 0x7a631edbc250 state=finished raised NotFoundError>]
2025-11-16 18:42:55,541 - INFO - HTTP Request: POST http://localhost:11434/chat/completions "HTTP/1.1 404 Not Found"
2025-11-16 18:42:55,543 - WARNING - Exception for chunk chunk-84090e5c97f549e11bbdba87752d8e93: RetryError[<Future at 0x7a631ed60100 state=finished raised NotFoundError>]
2025-11-16 18:42:55,551 - INFO - HTTP Request: POST http://localhost:11434/chat/completions "HTTP/1.1 404 Not Found"
2025-11-16 18:42:55,556 - INFO - HTTP Request: POST http://localhost:11434/chat/completions "HTTP/1.1 404 Not Found"
2025-11-16 18:42:55,558 - WARNING - Exception for chunk chunk-c28cb9c939b2beb284d3d951ebc55446: RetryError[<Future at 0x7a631ede5390 state=finished raised NotFoundError>]
2025-11-16 18:42:55,569 - INFO - HTTP Request: POST http://localhost:11434/chat/completions "HTTP/1.1 404 Not Found"
2025-11-16 18:42:55,599 - INFO - HTTP Request: POST http://localhost:11434/chat/completions "HTTP/1.1 404 Not Found"
2025-11-16 18:42:55,601 - WARNING - Exception for chunk chunk-d2bb3b46968b7230237f8b3f8cab5379: RetryError[<Future at 0x7a631edd72e0 state=finished raised NotFoundError>]
2025-11-16 18:42:55,608 - INFO - HTTP Request: POST http://localhost:11434/chat/completions "HTTP/1.1 404 Not Found"
2025-11-16 18:42:55,617 - INFO - HTTP Request: POST http://localhost:11434/chat/completions "HTTP/1.1 404 Not Found"
2025-11-16 18:42:55,643 - INFO - HTTP Request: POST http://localhost:11434/chat/completions "HTTP/1.1 404 Not Found"
2025-11-16 18:42:55,644 - WARNING - Exception for chunk chunk-1fd0cbb07c5bf7b12d493a4e210d9bfd: RetryError[<Future at 0x7a631f1b5000 state=finished raised NotFoundError>]
2025-11-16 18:42:55,649 - INFO - HTTP Request: POST http://localhost:11434/chat/completions "HTTP/1.1 404 Not Found"
2025-11-16 18:42:55,664 - INFO - HTTP Request: POST http://localhost:11434/chat/completions "HTTP/1.1 404 Not Found"
2025-11-16 18:42:55,665 - WARNING - Exception for chunk chunk-450457dc60cae1d113104db52e1b144a: RetryError[<Future at 0x7a631ede4a00 state=finished raised NotFoundError>]
2025-11-16 18:42:55,669 - INFO - HTTP Request: POST http://localhost:11434/chat/completions "HTTP/1.1 404 Not Found"
2025-11-16 18:42:55,703 - INFO - HTTP Request: POST http://localhost:11434/chat/completions "HTTP/1.1 404 Not Found"
2025-11-16 18:42:55,703 - WARNING - Exception for chunk chunk-0055fe3ea0790e894aebf68642f71049: RetryError[<Future at 0x7a631ede7550 state=finished raised NotFoundError>]
2025-11-16 18:42:55,707 - INFO - HTTP Request: POST http://localhost:11434/chat/completions "HTTP/1.1 404 Not Found"
2025-11-16 18:42:56,041 - INFO - HTTP Request: POST http://localhost:11434/chat/completions "HTTP/1.1 404 Not Found"
2025-11-16 18:42:56,042 - WARNING - Exception for chunk chunk-8bfb59233b850fe5b4ee09a584826e5a: RetryError[<Future at 0x7a631edd4400 state=finished raised NotFoundError>]
2025-11-16 18:42:56,043 - INFO - HTTP Request: POST http://localhost:11434/chat/completions "HTTP/1.1 404 Not Found"
2025-11-16 18:42:56,044 - INFO - HTTP Request: POST http://localhost:11434/chat/completions "HTTP/1.1 404 Not Found"
2025-11-16 18:42:56,047 - WARNING - Exception for chunk chunk-931a2b2f986fcb67c9bc7ecc7cddd453: RetryError[<Future at 0x7a631edd4910 state=finished raised NotFoundError>]
2025-11-16 18:42:56,048 - WARNING - Exception for chunk chunk-5c34a662230355eecf89ab92405b1a4c: RetryError[<Future at 0x7a631edd5510 state=finished raised NotFoundError>]
2025-11-16 18:42:56,049 - INFO - HTTP Request: POST http://localhost:11434/chat/completions "HTTP/1.1 404 Not Found"
2025-11-16 18:42:56,056 - INFO - HTTP Request: POST http://localhost:11434/chat/completions "HTTP/1.1 404 Not Found"
2025-11-16 18:42:56,108 - INFO - HTTP Request: POST http://localhost:11434/chat/completions "HTTP/1.1 404 Not Found"
2025-11-16 18:42:56,165 - INFO - HTTP Request: POST http://localhost:11434/chat/completions "HTTP/1.1 404 Not Found"
2025-11-16 18:42:56,166 - WARNING - Exception for chunk chunk-839b463a3c9bc7dd70ada913561c3552: RetryError[<Future at 0x7a631ede4850 state=finished raised NotFoundError>]
2025-11-16 18:42:56,170 - INFO - HTTP Request: POST http://localhost:11434/chat/completions "HTTP/1.1 404 Not Found"
2025-11-16 18:42:56,188 - INFO - HTTP Request: POST http://localhost:11434/chat/completions "HTTP/1.1 404 Not Found"
2025-11-16 18:42:56,189 - WARNING - Exception for chunk chunk-c5d200d195c31d19242c46fb5f9189a7: RetryError[<Future at 0x7a631ee95e40 state=finished raised NotFoundError>]
2025-11-16 18:42:56,194 - INFO - HTTP Request: POST http://localhost:11434/chat/completions "HTTP/1.1 404 Not Found"
2025-11-16 18:42:56,233 - INFO - HTTP Request: POST http://localhost:11434/chat/completions "HTTP/1.1 404 Not Found"
2025-11-16 18:42:56,234 - WARNING - Exception for chunk chunk-6a854ffb949f8d424b14f177bf7ec92b: RetryError[<Future at 0x7a631ede4a90 state=finished raised NotFoundError>]
2025-11-16 18:42:56,240 - INFO - HTTP Request: POST http://localhost:11434/chat/completions "HTTP/1.1 404 Not Found"
2025-11-16 18:42:56,405 - INFO - HTTP Request: POST http://localhost:11434/chat/completions "HTTP/1.1 404 Not Found"
2025-11-16 18:42:56,406 - WARNING - Exception for chunk chunk-4dea5e9bc587b881f7a55c3f0e4d6ee1: RetryError[<Future at 0x7a631ee96b90 state=finished raised NotFoundError>]
2025-11-16 18:42:56,412 - INFO - HTTP Request: POST http://localhost:11434/chat/completions "HTTP/1.1 404 Not Found"
2025-11-16 18:42:56,458 - INFO - HTTP Request: POST http://localhost:11434/chat/completions "HTTP/1.1 404 Not Found"
2025-11-16 18:42:56,459 - WARNING - Exception for chunk chunk-82d4f7af8980ccdbc7d888127ef1b699: RetryError[<Future at 0x7a631ee972b0 state=finished raised NotFoundError>]
2025-11-16 18:42:56,464 - INFO - HTTP Request: POST http://localhost:11434/chat/completions "HTTP/1.1 404 Not Found"
2025-11-16 18:42:56,523 - INFO - HTTP Request: POST http://localhost:11434/chat/completions "HTTP/1.1 404 Not Found"
2025-11-16 18:42:56,525 - WARNING - Exception for chunk chunk-3a3a583defe4820c767a58075ec63213: RetryError[<Future at 0x7a631ee94d30 state=finished raised NotFoundError>]
2025-11-16 18:42:56,538 - INFO - HTTP Request: POST http://localhost:11434/chat/completions "HTTP/1.1 404 Not Found"
2025-11-16 18:42:56,563 - INFO - HTTP Request: POST http://localhost:11434/chat/completions "HTTP/1.1 404 Not Found"
2025-11-16 18:42:56,565 - WARNING - Exception for chunk chunk-3abcfb135171e3a337f05646626678a8: RetryError[<Future at 0x7a631ef51150 state=finished raised NotFoundError>]
2025-11-16 18:42:56,578 - INFO - HTTP Request: POST http://localhost:11434/chat/completions "HTTP/1.1 404 Not Found"
2025-11-16 18:42:56,579 - INFO - HTTP Request: POST http://localhost:11434/chat/completions "HTTP/1.1 404 Not Found"
2025-11-16 18:42:56,579 - WARNING - Exception for chunk chunk-96b293abc2702b18c48af0a26686578e: RetryError[<Future at 0x7a631ef52830 state=finished raised NotFoundError>]
2025-11-16 18:42:56,584 - INFO - HTTP Request: POST http://localhost:11434/chat/completions "HTTP/1.1 404 Not Found"
2025-11-16 18:42:56,614 - INFO - HTTP Request: POST http://localhost:11434/chat/completions "HTTP/1.1 404 Not Found"
2025-11-16 18:42:56,615 - WARNING - Exception for chunk chunk-dc9e8e2703702429ca4e19595f57c49b: RetryError[<Future at 0x7a631ee96c50 state=finished raised NotFoundError>]
2025-11-16 18:42:56,624 - INFO - HTTP Request: POST http://localhost:11434/chat/completions "HTTP/1.1 404 Not Found"
2025-11-16 18:42:56,625 - INFO - HTTP Request: POST http://localhost:11434/chat/completions "HTTP/1.1 404 Not Found"
2025-11-16 18:42:56,627 - WARNING - Exception for chunk chunk-5b728c6df98c7d619fd94e2b86060519: RetryError[<Future at 0x7a631ede5660 state=finished raised NotFoundError>]
2025-11-16 18:42:56,633 - INFO - HTTP Request: POST http://localhost:11434/chat/completions "HTTP/1.1 404 Not Found"
2025-11-16 18:42:56,654 - INFO - HTTP Request: POST http://localhost:11434/chat/completions "HTTP/1.1 404 Not Found"
2025-11-16 18:42:56,655 - WARNING - Exception for chunk chunk-8cd20a7dd14ede684cbf6a3efc6d4bee: RetryError[<Future at 0x7a631ef70b50 state=finished raised NotFoundError>]
2025-11-16 18:42:56,661 - INFO - HTTP Request: POST http://localhost:11434/chat/completions "HTTP/1.1 404 Not Found"
2025-11-16 18:42:56,674 - INFO - HTTP Request: POST http://localhost:11434/chat/completions "HTTP/1.1 404 Not Found"
2025-11-16 18:42:56,675 - WARNING - Exception for chunk chunk-da94c9171003f1e4ebc49b1393fa1a11: RetryError[<Future at 0x7a631efa0dc0 state=finished raised NotFoundError>]
2025-11-16 18:42:56,681 - INFO - HTTP Request: POST http://localhost:11434/chat/completions "HTTP/1.1 404 Not Found"
2025-11-16 18:42:56,714 - INFO - HTTP Request: POST http://localhost:11434/chat/completions "HTTP/1.1 404 Not Found"
2025-11-16 18:42:56,716 - WARNING - Exception for chunk chunk-e8bd10ba23fdd8370b380379cbf107f5: RetryError[<Future at 0x7a631ef72c80 state=finished raised NotFoundError>]
2025-11-16 18:42:56,729 - INFO - HTTP Request: POST http://localhost:11434/chat/completions "HTTP/1.1 404 Not Found"
2025-11-16 18:42:57,069 - INFO - HTTP Request: POST http://localhost:11434/chat/completions "HTTP/1.1 404 Not Found"
2025-11-16 18:42:57,071 - WARNING - Exception for chunk chunk-24acb680c3ca01db8e40c7fc3a0db87a: RetryError[<Future at 0x7a631efa36a0 state=finished raised NotFoundError>]
2025-11-16 18:42:57,073 - INFO - HTTP Request: POST http://localhost:11434/chat/completions "HTTP/1.1 404 Not Found"
2025-11-16 18:42:57,076 - WARNING - Exception for chunk chunk-94cabd916ed34ae8dfa4e9cabbfc1248: RetryError[<Future at 0x7a631ef533d0 state=finished raised NotFoundError>]
2025-11-16 18:42:57,094 - INFO - HTTP Request: POST http://localhost:11434/chat/completions "HTTP/1.1 404 Not Found"
2025-11-16 18:42:57,113 - INFO - HTTP Request: POST http://localhost:11434/chat/completions "HTTP/1.1 404 Not Found"
2025-11-16 18:42:57,113 - WARNING - Exception for chunk chunk-ac509d43f9a60fa07989625ba881c4cb: RetryError[<Future at 0x7a631efa1690 state=finished raised NotFoundError>]
2025-11-16 18:42:57,119 - INFO - HTTP Request: POST http://localhost:11434/chat/completions "HTTP/1.1 404 Not Found"
2025-11-16 18:42:57,135 - INFO - HTTP Request: POST http://localhost:11434/chat/completions "HTTP/1.1 404 Not Found"
2025-11-16 18:42:57,174 - INFO - HTTP Request: POST http://localhost:11434/chat/completions "HTTP/1.1 404 Not Found"
2025-11-16 18:42:57,175 - WARNING - Exception for chunk chunk-ade50c380cc5e9f88b28ef4dfb0224f8: RetryError[<Future at 0x7a631ef82ad0 state=finished raised NotFoundError>]
2025-11-16 18:42:57,180 - INFO - HTTP Request: POST http://localhost:11434/chat/completions "HTTP/1.1 404 Not Found"
2025-11-16 18:42:57,199 - INFO - HTTP Request: POST http://localhost:11434/chat/completions "HTTP/1.1 404 Not Found"
2025-11-16 18:42:57,200 - WARNING - Exception for chunk chunk-f580cdbd5c39eb7d4a4efd9766091929: RetryError[<Future at 0x7a631ef81c60 state=finished raised NotFoundError>]
2025-11-16 18:42:57,205 - INFO - HTTP Request: POST http://localhost:11434/chat/completions "HTTP/1.1 404 Not Found"
2025-11-16 18:42:57,244 - INFO - HTTP Request: POST http://localhost:11434/chat/completions "HTTP/1.1 404 Not Found"
2025-11-16 18:42:57,244 - WARNING - Exception for chunk chunk-b78bb1b991e4f50d0b568f9ed24ee065: RetryError[<Future at 0x7a631ef82110 state=finished raised NotFoundError>]
2025-11-16 18:42:57,250 - INFO - HTTP Request: POST http://localhost:11434/chat/completions "HTTP/1.1 404 Not Found"
2025-11-16 18:42:57,416 - INFO - HTTP Request: POST http://localhost:11434/chat/completions "HTTP/1.1 404 Not Found"
2025-11-16 18:42:57,417 - WARNING - Exception for chunk chunk-a0924d88df17dc471c7723a093f310c1: RetryError[<Future at 0x7a631ef265f0 state=finished raised NotFoundError>]
2025-11-16 18:42:57,422 - INFO - HTTP Request: POST http://localhost:11434/chat/completions "HTTP/1.1 404 Not Found"
2025-11-16 18:42:57,469 - INFO - HTTP Request: POST http://localhost:11434/chat/completions "HTTP/1.1 404 Not Found"
2025-11-16 18:42:57,470 - WARNING - Exception for chunk chunk-44d6cf57ad188b2213a0b9e7a50436be: RetryError[<Future at 0x7a631efa2fe0 state=finished raised NotFoundError>]
2025-11-16 18:42:57,474 - INFO - HTTP Request: POST http://localhost:11434/chat/completions "HTTP/1.1 404 Not Found"
2025-11-16 18:42:57,543 - INFO - HTTP Request: POST http://localhost:11434/chat/completions "HTTP/1.1 404 Not Found"
2025-11-16 18:42:57,544 - WARNING - Exception for chunk chunk-5e811c782ee441996b54f6cd9aa2faf9: RetryError[<Future at 0x7a631ef80c40 state=finished raised NotFoundError>]
2025-11-16 18:42:57,550 - INFO - HTTP Request: POST http://localhost:11434/chat/completions "HTTP/1.1 404 Not Found"
2025-11-16 18:42:57,583 - INFO - HTTP Request: POST http://localhost:11434/chat/completions "HTTP/1.1 404 Not Found"
2025-11-16 18:42:57,583 - WARNING - Exception for chunk chunk-3b8b26c6fa0f451eacf69e3e416478d2: RetryError[<Future at 0x7a631f0f0a90 state=finished raised NotFoundError>]
2025-11-16 18:42:57,592 - INFO - HTTP Request: POST http://localhost:11434/chat/completions "HTTP/1.1 404 Not Found"
2025-11-16 18:42:57,592 - INFO - HTTP Request: POST http://localhost:11434/chat/completions "HTTP/1.1 404 Not Found"
2025-11-16 18:42:57,594 - WARNING - Exception for chunk chunk-a930e3aa3ea507679f4075c120b71018: RetryError[<Future at 0x7a631ef803a0 state=finished raised NotFoundError>]
2025-11-16 18:42:57,598 - INFO - HTTP Request: POST http://localhost:11434/chat/completions "HTTP/1.1 404 Not Found"
2025-11-16 18:42:57,629 - INFO - HTTP Request: POST http://localhost:11434/chat/completions "HTTP/1.1 404 Not Found"
2025-11-16 18:42:57,630 - WARNING - Exception for chunk chunk-455efc5af4fb2b47d1a5ca3f1afcabf2: RetryError[<Future at 0x7a631f0f39d0 state=finished raised NotFoundError>]
2025-11-16 18:42:57,640 - INFO - HTTP Request: POST http://localhost:11434/chat/completions "HTTP/1.1 404 Not Found"
2025-11-16 18:42:57,641 - WARNING - Exception for chunk chunk-14b7227d3746d42ec17a7d60f751a0f2: RetryError[<Future at 0x7a631f0f3cd0 state=finished raised NotFoundError>]
2025-11-16 18:42:57,642 - INFO - HTTP Request: POST http://localhost:11434/chat/completions "HTTP/1.1 404 Not Found"
2025-11-16 18:42:57,649 - INFO - HTTP Request: POST http://localhost:11434/chat/completions "HTTP/1.1 404 Not Found"
2025-11-16 18:42:57,668 - INFO - HTTP Request: POST http://localhost:11434/chat/completions "HTTP/1.1 404 Not Found"
2025-11-16 18:42:57,668 - WARNING - Exception for chunk chunk-eb5672c6ea323a9ff66680083ef05ca3: RetryError[<Future at 0x7a631f0ce560 state=finished raised NotFoundError>]
2025-11-16 18:42:57,672 - INFO - HTTP Request: POST http://localhost:11434/chat/completions "HTTP/1.1 404 Not Found"
2025-11-16 18:42:57,688 - INFO - HTTP Request: POST http://localhost:11434/chat/completions "HTTP/1.1 404 Not Found"
2025-11-16 18:42:57,690 - WARNING - Exception for chunk chunk-953f7e4723e8cefe708aea045ece5e2c: RetryError[<Future at 0x7a631f0cc340 state=finished raised NotFoundError>]
2025-11-16 18:42:57,697 - INFO - HTTP Request: POST http://localhost:11434/chat/completions "HTTP/1.1 404 Not Found"
2025-11-16 18:42:57,734 - INFO - HTTP Request: POST http://localhost:11434/chat/completions "HTTP/1.1 404 Not Found"
2025-11-16 18:42:57,735 - WARNING - Exception for chunk chunk-8355cc6bb126c4a59ff56c291c4fbf7a: RetryError[<Future at 0x7a631f0cd960 state=finished raised NotFoundError>]
2025-11-16 18:42:57,739 - INFO - HTTP Request: POST http://localhost:11434/chat/completions "HTTP/1.1 404 Not Found"
2025-11-16 18:42:58,104 - INFO - HTTP Request: POST http://localhost:11434/chat/completions "HTTP/1.1 404 Not Found"
2025-11-16 18:42:58,106 - WARNING - Exception for chunk chunk-c935a4cd07a9e54a47510786da995a77: RetryError[<Future at 0x7a631f0cd7e0 state=finished raised NotFoundError>]
2025-11-16 18:42:58,119 - INFO - HTTP Request: POST http://localhost:11434/chat/completions "HTTP/1.1 404 Not Found"
2025-11-16 18:42:58,129 - INFO - HTTP Request: POST http://localhost:11434/chat/completions "HTTP/1.1 404 Not Found"
2025-11-16 18:42:58,131 - WARNING - Exception for chunk chunk-34be3d4fc2c9f9774b30efaa839a72f1: RetryError[<Future at 0x7a631f0f1750 state=finished raised NotFoundError>]
2025-11-16 18:42:58,152 - INFO - HTTP Request: POST http://localhost:11434/chat/completions "HTTP/1.1 404 Not Found"
2025-11-16 18:42:58,154 - WARNING - Exception for chunk chunk-948897117c17e7e0bb4aae47f9388cb4: RetryError[<Future at 0x7a631f0f1cf0 state=finished raised NotFoundError>]
2025-11-16 18:42:58,158 - INFO - HTTP Request: POST http://localhost:11434/chat/completions "HTTP/1.1 404 Not Found"
2025-11-16 18:42:58,168 - INFO - HTTP Request: POST http://localhost:11434/chat/completions "HTTP/1.1 404 Not Found"
2025-11-16 18:42:58,187 - INFO - HTTP Request: POST http://localhost:11434/chat/completions "HTTP/1.1 404 Not Found"
2025-11-16 18:42:58,188 - WARNING - Exception for chunk chunk-d1f859a1dc5d71837f021121a2700b5b: RetryError[<Future at 0x7a631f0cf760 state=finished raised NotFoundError>]
2025-11-16 18:42:58,196 - INFO - HTTP Request: POST http://localhost:11434/chat/completions "HTTP/1.1 404 Not Found"
2025-11-16 18:42:58,210 - INFO - HTTP Request: POST http://localhost:11434/chat/completions "HTTP/1.1 404 Not Found"
2025-11-16 18:42:58,211 - WARNING - Exception for chunk chunk-348ad602a1d73f84bc1139e09f7fe4a0: RetryError[<Future at 0x7a631ef26500 state=finished raised NotFoundError>]
2025-11-16 18:42:58,217 - INFO - HTTP Request: POST http://localhost:11434/chat/completions "HTTP/1.1 404 Not Found"
2025-11-16 18:42:58,254 - INFO - HTTP Request: POST http://localhost:11434/chat/completions "HTTP/1.1 404 Not Found"
2025-11-16 18:42:58,255 - WARNING - Exception for chunk chunk-eca166434be090612814689d1ff9cbc3: RetryError[<Future at 0x7a631ee97f40 state=finished raised NotFoundError>]
2025-11-16 18:42:58,260 - INFO - HTTP Request: POST http://localhost:11434/chat/completions "HTTP/1.1 404 Not Found"
2025-11-16 18:42:58,434 - INFO - HTTP Request: POST http://localhost:11434/chat/completions "HTTP/1.1 404 Not Found"
2025-11-16 18:42:58,435 - WARNING - Exception for chunk chunk-f81737dd818c0d83512b3d1a168c5ccd: RetryError[<Future at 0x7a631ef51d50 state=finished raised NotFoundError>]
2025-11-16 18:42:58,447 - INFO - HTTP Request: POST http://localhost:11434/chat/completions "HTTP/1.1 404 Not Found"
2025-11-16 18:42:58,481 - INFO - HTTP Request: POST http://localhost:11434/chat/completions "HTTP/1.1 404 Not Found"
2025-11-16 18:42:58,483 - WARNING - Exception for chunk chunk-f7e77b19a40e448290ebd46ffe9ed38d: RetryError[<Future at 0x7a631ede6950 state=finished raised NotFoundError>]
2025-11-16 18:42:58,492 - INFO - HTTP Request: POST http://localhost:11434/chat/completions "HTTP/1.1 404 Not Found"
2025-11-16 18:42:58,557 - INFO - HTTP Request: POST http://localhost:11434/chat/completions "HTTP/1.1 404 Not Found"
2025-11-16 18:42:58,558 - WARNING - Exception for chunk chunk-b60c61c234414d3d76c1f6ebc8c79acc: RetryError[<Future at 0x7a631efa0490 state=finished raised NotFoundError>]
2025-11-16 18:42:58,564 - INFO - HTTP Request: POST http://localhost:11434/chat/completions "HTTP/1.1 404 Not Found"
2025-11-16 18:42:58,599 - INFO - HTTP Request: POST http://localhost:11434/chat/completions "HTTP/1.1 404 Not Found"
2025-11-16 18:42:58,605 - WARNING - Exception for chunk chunk-c84a4ddd67082adc949475e31a27ec8d: RetryError[<Future at 0x7a631f0ce9b0 state=finished raised NotFoundError>]
2025-11-16 18:42:58,606 - INFO - HTTP Request: POST http://localhost:11434/chat/completions "HTTP/1.1 404 Not Found"
2025-11-16 18:42:58,609 - WARNING - Exception for chunk chunk-321bbedd34455d5ab6cd6868b3851baf: RetryError[<Future at 0x7a631f0cca60 state=finished raised NotFoundError>]
2025-11-16 18:42:58,616 - INFO - HTTP Request: POST http://localhost:11434/chat/completions "HTTP/1.1 404 Not Found"
2025-11-16 18:42:58,649 - INFO - HTTP Request: POST http://localhost:11434/chat/completions "HTTP/1.1 404 Not Found"
2025-11-16 18:42:58,650 - WARNING - Exception for chunk chunk-4c54a4941aa1622204b5611594ebc883: RetryError[<Future at 0x7a631edd4640 state=finished raised NotFoundError>]
2025-11-16 18:42:58,657 - INFO - HTTP Request: POST http://localhost:11434/chat/completions "HTTP/1.1 404 Not Found"
2025-11-16 18:42:58,658 - WARNING - Exception for chunk chunk-3c4685b51a3771660b90b0b80d3f9fc4: RetryError[<Future at 0x7a631ee960b0 state=finished raised NotFoundError>]
2025-11-16 18:42:58,665 - INFO - HTTP Request: POST http://localhost:11434/chat/completions "HTTP/1.1 404 Not Found"
2025-11-16 18:42:58,671 - INFO - HTTP Request: POST http://localhost:11434/chat/completions "HTTP/1.1 404 Not Found"
2025-11-16 18:42:58,678 - INFO - HTTP Request: POST http://localhost:11434/chat/completions "HTTP/1.1 404 Not Found"
2025-11-16 18:42:58,679 - WARNING - Exception for chunk chunk-2b25fd2fb59cb3ca7618e0887472f8c2: RetryError[<Future at 0x7a631ef0a230 state=finished raised NotFoundError>]
2025-11-16 18:42:58,684 - INFO - HTTP Request: POST http://localhost:11434/chat/completions "HTTP/1.1 404 Not Found"
2025-11-16 18:42:58,702 - INFO - HTTP Request: POST http://localhost:11434/chat/completions "HTTP/1.1 404 Not Found"
2025-11-16 18:42:58,703 - WARNING - Exception for chunk chunk-0a9a8af08b3a0d36c6955df91aa62af4: RetryError[<Future at 0x7a631ef0b820 state=finished raised NotFoundError>]
2025-11-16 18:42:58,710 - INFO - HTTP Request: POST http://localhost:11434/chat/completions "HTTP/1.1 404 Not Found"
2025-11-16 18:42:58,719 - INFO - HTTP Request: POST http://localhost:11434/chat/completions "HTTP/1.1 404 Not Found"
2025-11-16 18:42:58,743 - INFO - HTTP Request: POST http://localhost:11434/chat/completions "HTTP/1.1 404 Not Found"
2025-11-16 18:42:58,743 - WARNING - Exception for chunk chunk-0cbfc0a559ff2e22ee8c4c66d39d30ae: RetryError[<Future at 0x7a631f07afe0 state=finished raised NotFoundError>]
2025-11-16 18:42:58,749 - INFO - HTTP Request: POST http://localhost:11434/chat/completions "HTTP/1.1 404 Not Found"
2025-11-16 18:42:59,125 - INFO - HTTP Request: POST http://localhost:11434/chat/completions "HTTP/1.1 404 Not Found"
2025-11-16 18:42:59,125 - WARNING - Exception for chunk chunk-8ee3b992c9c1c261a1f2127882535406: RetryError[<Future at 0x7a631f0582e0 state=finished raised NotFoundError>]
2025-11-16 18:42:59,130 - INFO - HTTP Request: POST http://localhost:11434/chat/completions "HTTP/1.1 404 Not Found"
2025-11-16 18:42:59,163 - INFO - HTTP Request: POST http://localhost:11434/chat/completions "HTTP/1.1 404 Not Found"
2025-11-16 18:42:59,164 - WARNING - Exception for chunk chunk-4c4c19bb58358e6f21a3d31e05bde150: RetryError[<Future at 0x7a631f079930 state=finished raised NotFoundError>]
2025-11-16 18:42:59,170 - INFO - HTTP Request: POST http://localhost:11434/chat/completions "HTTP/1.1 404 Not Found"
2025-11-16 18:42:59,173 - INFO - HTTP Request: POST http://localhost:11434/chat/completions "HTTP/1.1 404 Not Found"
2025-11-16 18:42:59,174 - WARNING - Exception for chunk chunk-52ed8c417db5393a77c604e22b45c50d: RetryError[<Future at 0x7a631f05a410 state=finished raised NotFoundError>]
2025-11-16 18:42:59,178 - INFO - HTTP Request: POST http://localhost:11434/chat/completions "HTTP/1.1 404 Not Found"
2025-11-16 18:42:59,202 - INFO - HTTP Request: POST http://localhost:11434/chat/completions "HTTP/1.1 404 Not Found"
2025-11-16 18:42:59,202 - WARNING - Exception for chunk chunk-93cd82b109d5004492c57dade0e6baa4: RetryError[<Future at 0x7a631f059960 state=finished raised NotFoundError>]
2025-11-16 18:42:59,206 - INFO - HTTP Request: POST http://localhost:11434/chat/completions "HTTP/1.1 404 Not Found"
2025-11-16 18:42:59,221 - INFO - HTTP Request: POST http://localhost:11434/chat/completions "HTTP/1.1 404 Not Found"
2025-11-16 18:42:59,222 - WARNING - Exception for chunk chunk-690465ddd80e043f71224e0b7126fa9f: RetryError[<Future at 0x7a631f07b4f0 state=finished raised NotFoundError>]
2025-11-16 18:42:59,226 - INFO - HTTP Request: POST http://localhost:11434/chat/completions "HTTP/1.1 404 Not Found"
2025-11-16 18:42:59,264 - INFO - HTTP Request: POST http://localhost:11434/chat/completions "HTTP/1.1 404 Not Found"
2025-11-16 18:42:59,264 - WARNING - Exception for chunk chunk-d68c16cb7ae3bb40e7e843112ca27319: RetryError[<Future at 0x7a631f0c3670 state=finished raised NotFoundError>]
2025-11-16 18:42:59,269 - INFO - HTTP Request: POST http://localhost:11434/chat/completions "HTTP/1.1 404 Not Found"
2025-11-16 18:42:59,452 - INFO - HTTP Request: POST http://localhost:11434/chat/completions "HTTP/1.1 404 Not Found"
2025-11-16 18:42:59,453 - WARNING - Exception for chunk chunk-8ba95a7c62c7009f03f44a0f97e6e1b7: RetryError[<Future at 0x7a631f07ab90 state=finished raised NotFoundError>]
2025-11-16 18:42:59,457 - INFO - HTTP Request: POST http://localhost:11434/chat/completions "HTTP/1.1 404 Not Found"
2025-11-16 18:42:59,498 - INFO - HTTP Request: POST http://localhost:11434/chat/completions "HTTP/1.1 404 Not Found"
2025-11-16 18:42:59,498 - WARNING - Exception for chunk chunk-19bd808da1faf9885721d7192140e077: RetryError[<Future at 0x7a631f095870 state=finished raised NotFoundError>]
2025-11-16 18:42:59,503 - INFO - HTTP Request: POST http://localhost:11434/chat/completions "HTTP/1.1 404 Not Found"
2025-11-16 18:42:59,577 - INFO - HTTP Request: POST http://localhost:11434/chat/completions "HTTP/1.1 404 Not Found"
2025-11-16 18:42:59,579 - WARNING - Exception for chunk chunk-826d9b234879ab4fc0e01764241564a2: RetryError[<Future at 0x7a631f097070 state=finished raised NotFoundError>]
2025-11-16 18:42:59,591 - INFO - HTTP Request: POST http://localhost:11434/chat/completions "HTTP/1.1 404 Not Found"
2025-11-16 18:42:59,622 - INFO - HTTP Request: POST http://localhost:11434/chat/completions "HTTP/1.1 404 Not Found"
2025-11-16 18:42:59,623 - WARNING - Exception for chunk chunk-1ecc0a59005c6b6b1092c63b429e2a74: RetryError[<Future at 0x7a631f096b60 state=finished raised NotFoundError>]
2025-11-16 18:42:59,630 - INFO - HTTP Request: POST http://localhost:11434/chat/completions "HTTP/1.1 404 Not Found"
2025-11-16 18:42:59,672 - INFO - HTTP Request: POST http://localhost:11434/chat/completions "HTTP/1.1 404 Not Found"
2025-11-16 18:42:59,673 - WARNING - Exception for chunk chunk-85d11864b665d73fd5bd0877901f7dfb: RetryError[<Future at 0x7a631f0c2890 state=finished raised NotFoundError>]
2025-11-16 18:42:59,678 - INFO - HTTP Request: POST http://localhost:11434/chat/completions "HTTP/1.1 404 Not Found"
2025-11-16 18:42:59,680 - WARNING - Exception for chunk chunk-5569c5bf7ba78b884c8b00c3c39873fd: RetryError[<Future at 0x7a631f0c0df0 state=finished raised NotFoundError>]
2025-11-16 18:42:59,691 - INFO - HTTP Request: POST http://localhost:11434/chat/completions "HTTP/1.1 404 Not Found"
2025-11-16 18:42:59,692 - INFO - HTTP Request: POST http://localhost:11434/chat/completions "HTTP/1.1 404 Not Found"
2025-11-16 18:42:59,693 - WARNING - Exception for chunk chunk-365d34356523e02911a13b3a3551d076: RetryError[<Future at 0x7a631f094340 state=finished raised NotFoundError>]
2025-11-16 18:42:59,700 - INFO - HTTP Request: POST http://localhost:11434/chat/completions "HTTP/1.1 404 Not Found"
2025-11-16 18:42:59,716 - INFO - HTTP Request: POST http://localhost:11434/chat/completions "HTTP/1.1 404 Not Found"
2025-11-16 18:42:59,717 - WARNING - Exception for chunk chunk-37ce411b1cddf0c655f2e40888711fc7: RetryError[<Future at 0x7a631f0abaf0 state=finished raised NotFoundError>]
2025-11-16 18:42:59,728 - INFO - HTTP Request: POST http://localhost:11434/chat/completions "HTTP/1.1 404 Not Found"
2025-11-16 18:42:59,730 - INFO - HTTP Request: POST http://localhost:11434/chat/completions "HTTP/1.1 404 Not Found"
2025-11-16 18:42:59,730 - WARNING - Exception for chunk chunk-59c5690887a5dd4f670e689baf005e0b: RetryError[<Future at 0x7a631f0aab90 state=finished raised NotFoundError>]
2025-11-16 18:42:59,737 - INFO - HTTP Request: POST http://localhost:11434/chat/completions "HTTP/1.1 404 Not Found"
2025-11-16 18:42:59,754 - INFO - HTTP Request: POST http://localhost:11434/chat/completions "HTTP/1.1 404 Not Found"
2025-11-16 18:42:59,755 - WARNING - Exception for chunk chunk-8daf99cf723cad41ec04a7e4734c4678: RetryError[<Future at 0x7a631f1df9a0 state=finished raised NotFoundError>]
2025-11-16 18:42:59,762 - INFO - HTTP Request: POST http://localhost:11434/chat/completions "HTTP/1.1 404 Not Found"
2025-11-16 18:42:59,791 - INFO - HTTP Request: POST http://localhost:11434/chat/completions "HTTP/1.1 404 Not Found"
2025-11-16 18:43:00,142 - INFO - HTTP Request: POST http://localhost:11434/chat/completions "HTTP/1.1 404 Not Found"
2025-11-16 18:43:00,143 - WARNING - Exception for chunk chunk-c8f446550f712a7ab495a9afb0cf8999: RetryError[<Future at 0x7a631f1deb90 state=finished raised NotFoundError>]
2025-11-16 18:43:00,158 - INFO - HTTP Request: POST http://localhost:11434/chat/completions "HTTP/1.1 404 Not Found"
2025-11-16 18:43:00,177 - INFO - HTTP Request: POST http://localhost:11434/chat/completions "HTTP/1.1 404 Not Found"
2025-11-16 18:43:00,178 - WARNING - Exception for chunk chunk-2b355dcb8bee212a480efbe3b8f950c2: RetryError[<Future at 0x7a631f1dd9f0 state=finished raised NotFoundError>]
2025-11-16 18:43:00,184 - INFO - HTTP Request: POST http://localhost:11434/chat/completions "HTTP/1.1 404 Not Found"
2025-11-16 18:43:00,190 - WARNING - Exception for chunk chunk-b9f565b8d00ce3925cf956c04ea41516: RetryError[<Future at 0x7a631f0aa950 state=finished raised NotFoundError>]
2025-11-16 18:43:00,192 - INFO - HTTP Request: POST http://localhost:11434/chat/completions "HTTP/1.1 404 Not Found"
2025-11-16 18:43:00,200 - INFO - HTTP Request: POST http://localhost:11434/chat/completions "HTTP/1.1 404 Not Found"
2025-11-16 18:43:00,212 - INFO - HTTP Request: POST http://localhost:11434/chat/completions "HTTP/1.1 404 Not Found"
2025-11-16 18:43:00,213 - WARNING - Exception for chunk chunk-59ba9d989fa16c2adebd555da1c7a9c7: RetryError[<Future at 0x7a631f0a8700 state=finished raised NotFoundError>]
2025-11-16 18:43:00,218 - INFO - HTTP Request: POST http://localhost:11434/chat/completions "HTTP/1.1 404 Not Found"
2025-11-16 18:43:00,231 - INFO - HTTP Request: POST http://localhost:11434/chat/completions "HTTP/1.1 404 Not Found"
2025-11-16 18:43:00,232 - WARNING - Exception for chunk chunk-2fa1d65aae653a62c57994486daf0623: RetryError[<Future at 0x7a631f1ddf60 state=finished raised NotFoundError>]
2025-11-16 18:43:00,236 - INFO - HTTP Request: POST http://localhost:11434/chat/completions "HTTP/1.1 404 Not Found"
2025-11-16 18:43:00,275 - INFO - HTTP Request: POST http://localhost:11434/chat/completions "HTTP/1.1 404 Not Found"
2025-11-16 18:43:00,276 - WARNING - Exception for chunk chunk-128dcb2e05e485d822c05ac42ebed43e: RetryError[<Future at 0x7a631f096800 state=finished raised NotFoundError>]
2025-11-16 18:43:00,281 - INFO - HTTP Request: POST http://localhost:11434/chat/completions "HTTP/1.1 404 Not Found"
2025-11-16 18:43:00,468 - INFO - HTTP Request: POST http://localhost:11434/chat/completions "HTTP/1.1 404 Not Found"
2025-11-16 18:43:00,470 - WARNING - Exception for chunk chunk-6c7561ef0c772f6c5e7c87d1d6c8fa0c: RetryError[<Future at 0x7a631ef833d0 state=finished raised NotFoundError>]
2025-11-16 18:43:00,486 - INFO - HTTP Request: POST http://localhost:11434/chat/completions "HTTP/1.1 404 Not Found"
2025-11-16 18:43:00,509 - INFO - HTTP Request: POST http://localhost:11434/chat/completions "HTTP/1.1 404 Not Found"
2025-11-16 18:43:00,511 - WARNING - Exception for chunk chunk-f3fda10b0935a8051d54aa7ffdf1fe25: RetryError[<Future at 0x7a631f096380 state=finished raised NotFoundError>]
2025-11-16 18:43:00,518 - INFO - HTTP Request: POST http://localhost:11434/chat/completions "HTTP/1.1 404 Not Found"
2025-11-16 18:43:00,604 - INFO - HTTP Request: POST http://localhost:11434/chat/completions "HTTP/1.1 404 Not Found"
2025-11-16 18:43:00,605 - WARNING - Exception for chunk chunk-beafafce0ef779ff80920aa3a52fc5c1: RetryError[<Future at 0x7a631ef27490 state=finished raised NotFoundError>]
2025-11-16 18:43:00,618 - INFO - HTTP Request: POST http://localhost:11434/chat/completions "HTTP/1.1 404 Not Found"
2025-11-16 18:43:00,640 - INFO - HTTP Request: POST http://localhost:11434/chat/completions "HTTP/1.1 404 Not Found"
2025-11-16 18:43:00,642 - WARNING - Exception for chunk chunk-ac0ed2e1b5fd2c3896a0aba6085361a4: RetryError[<Future at 0x7a631f0f1270 state=finished raised NotFoundError>]
2025-11-16 18:43:00,699 - INFO - HTTP Request: POST http://localhost:11434/chat/completions "HTTP/1.1 404 Not Found"
2025-11-16 18:43:00,700 - WARNING - Exception for chunk chunk-0ece53628197519e7cf764f859bbe7dd: RetryError[<Future at 0x7a631f0c2830 state=finished raised NotFoundError>]
2025-11-16 18:43:00,708 - INFO - HTTP Request: POST http://localhost:11434/chat/completions "HTTP/1.1 404 Not Found"
2025-11-16 18:43:00,709 - WARNING - Exception for chunk chunk-3be01a753faadf40fcb0c2c9fe81e523: RetryError[<Future at 0x7a631f0591e0 state=finished raised NotFoundError>]
2025-11-16 18:43:00,735 - INFO - HTTP Request: POST http://localhost:11434/chat/completions "HTTP/1.1 404 Not Found"
2025-11-16 18:43:00,736 - WARNING - Exception for chunk chunk-0426f97d1246c78ae5df55ddf66b5ce6: RetryError[<Future at 0x7a631f05bf70 state=finished raised NotFoundError>]
2025-11-16 18:43:00,745 - INFO - HTTP Request: POST http://localhost:11434/chat/completions "HTTP/1.1 404 Not Found"
2025-11-16 18:43:00,746 - WARNING - Exception for chunk chunk-69b2dd21dc1df2928934eab550155380: RetryError[<Future at 0x7a631f058cd0 state=finished raised NotFoundError>]
2025-11-16 18:43:00,770 - INFO - HTTP Request: POST http://localhost:11434/chat/completions "HTTP/1.1 404 Not Found"
2025-11-16 18:43:00,771 - WARNING - Exception for chunk chunk-ed9068e4bab1e1fdf7f34d7466c86426: RetryError[<Future at 0x7a631f07b5e0 state=finished raised NotFoundError>]
2025-11-16 18:43:00,798 - INFO - HTTP Request: POST http://localhost:11434/chat/completions "HTTP/1.1 404 Not Found"
2025-11-16 18:43:00,800 - WARNING - Exception for chunk chunk-4169ada52420abc798768619cc90ec2d: RetryError[<Future at 0x7a631f0796f0 state=finished raised NotFoundError>]
2025-11-16 18:43:01,164 - INFO - HTTP Request: POST http://localhost:11434/chat/completions "HTTP/1.1 404 Not Found"
2025-11-16 18:43:01,165 - WARNING - Exception for chunk chunk-79ad76ec59520570224a5790529cc9dd: RetryError[<Future at 0x7a631ef0bc10 state=finished raised NotFoundError>]
2025-11-16 18:43:01,198 - INFO - HTTP Request: POST http://localhost:11434/chat/completions "HTTP/1.1 404 Not Found"
2025-11-16 18:43:01,199 - WARNING - Exception for chunk chunk-ce685c423c4c3ee2c7e5575e5ea3dfda: RetryError[<Future at 0x7a631f0cd720 state=finished raised NotFoundError>]
2025-11-16 18:43:01,205 - INFO - HTTP Request: POST http://localhost:11434/chat/completions "HTTP/1.1 404 Not Found"
2025-11-16 18:43:01,206 - WARNING - Exception for chunk chunk-03a86daabf2dca41c18482cef92ddd48: RetryError[<Future at 0x7a631f00f730 state=finished raised NotFoundError>]
2025-11-16 18:43:01,223 - INFO - HTTP Request: POST http://localhost:11434/chat/completions "HTTP/1.1 404 Not Found"
2025-11-16 18:43:01,224 - WARNING - Exception for chunk chunk-52b95d94966872081a1f0fec4b1f27c6: RetryError[<Future at 0x7a631f00d390 state=finished raised NotFoundError>]
2025-11-16 18:43:01,240 - INFO - HTTP Request: POST http://localhost:11434/chat/completions "HTTP/1.1 404 Not Found"
2025-11-16 18:43:01,241 - WARNING - Exception for chunk chunk-ce495e24591c8a42be1ea3c171a91466: RetryError[<Future at 0x7a631f00f6d0 state=finished raised NotFoundError>]
2025-11-16 18:43:01,285 - INFO - HTTP Request: POST http://localhost:11434/chat/completions "HTTP/1.1 404 Not Found"
2025-11-16 18:43:01,286 - WARNING - Exception for chunk chunk-51a903741598388b1eaba09822c779bf: RetryError[<Future at 0x7a631f0cead0 state=finished raised NotFoundError>]
2025-11-16 18:43:01,491 - INFO - HTTP Request: POST http://localhost:11434/chat/completions "HTTP/1.1 404 Not Found"
2025-11-16 18:43:01,492 - WARNING - Exception for chunk chunk-508ea356d161da8d2f4ac6f3537d218f: RetryError[<Future at 0x7a631f00d840 state=finished raised NotFoundError>]
2025-11-16 18:43:01,523 - INFO - HTTP Request: POST http://localhost:11434/chat/completions "HTTP/1.1 404 Not Found"
2025-11-16 18:43:01,524 - WARNING - Exception for chunk chunk-6d8cb9f6bf5ad60f1dc697fd8720b94f: RetryError[<Future at 0x7a631effafe0 state=finished raised NotFoundError>]
2025-11-16 18:43:01,626 - INFO - HTTP Request: POST http://localhost:11434/chat/completions "HTTP/1.1 404 Not Found"
2025-11-16 18:43:01,627 - WARNING - Exception for chunk chunk-a5e60a606c6291374ab93445395596b3: RetryError[<Future at 0x7a631effba00 state=finished raised NotFoundError>]
2025-11-16 18:43:01,654 - INFO - OpenIE results saved to ./Examples/hipporag2_workspace/Medical/openie_results_ner_llama3.json
2025-11-16 18:43:01,667 - INFO - Encoding Entities
2025-11-16 18:43:01,668 - INFO - Encoding Facts
2025-11-16 18:43:01,668 - INFO - Constructing Graph
2025-11-16 18:43:01,668 - INFO - Adding OpenIE triples to graph.
2025-11-16 18:43:01,669 - INFO - Connecting passage nodes to phrase nodes.
2025-11-16 18:43:01,670 - INFO - Found 1030 new chunks to save into graph.
2025-11-16 18:43:01,670 - INFO - Expanding graph with synonymy edges
2025-11-16 18:43:01,670 - INFO - Performing KNN retrieval for each phrase nodes (0).
2025-11-16 18:43:01,676 - INFO - Graph construction completed!
2025-11-16 18:43:01,677 - INFO - Writing graph with 1030 nodes, 0 edges
2025-11-16 18:43:01,680 - INFO - Saving graph completed!
2025-11-16 18:43:01,682 - INFO - ✅ Indexed corpus: Medical
2025-11-16 18:43:01,683 - INFO - Preparing for fast retrieval.
2025-11-16 18:43:01,683 - INFO - Loading keys.
2025-11-16 18:43:01,685 - INFO - Loading embeddings.
2025-11-16 18:43:01,686 - INFO - Encoding 2 queries for query_to_fact.
2025-11-16 18:43:01,701 - INFO - Encoding 2 queries for query_to_passage.
2025-11-16 18:43:01,714 - WARNING - No facts available for scoring. Returning empty array.
2025-11-16 18:43:01,715 - WARNING - No facts available for reranking. Returning empty lists.
2025-11-16 18:43:01,715 - INFO - No facts found after reranking, return DPR results
2025-11-16 18:43:01,717 - WARNING - No facts available for scoring. Returning empty array.
2025-11-16 18:43:01,720 - WARNING - No facts available for reranking. Returning empty lists.
2025-11-16 18:43:01,720 - INFO - No facts found after reranking, return DPR results
2025-11-16 18:43:01,725 - INFO - Total Retrieval Time 0.04s
2025-11-16 18:43:01,726 - INFO - Total Recognition Memory Time 0.00s
2025-11-16 18:43:01,727 - INFO - Total PPR Time 0.00s
2025-11-16 18:43:01,727 - INFO - Total Misc Time 0.04s
2025-11-16 18:43:01,747 - INFO - HTTP Request: POST http://localhost:11434/chat/completions "HTTP/1.1 404 Not Found"
2025-11-16 18:43:02,751 - INFO - HTTP Request: POST http://localhost:11434/chat/completions "HTTP/1.1 404 Not Found"
2025-11-16 18:43:02,753 - ERROR - ❌ Task failed: RetryError[<Future at 0x7a631ee95ba0 state=finished raised NotFoundError>]
NoneType: None
2025-11-16 19:00:52,194 - INFO - 🚀 Starting HippoRAG processing for subset: medical
2025-11-16 19:00:52,197 - WARNING - ⚠️ No API key provided! Requests may fail.
2025-11-16 19:00:53,563 - INFO - 📖 Loaded corpus with 1 documents from ./Datasets/Corpus/medical.parquet
2025-11-16 19:00:53,823 - INFO - ❓ Loaded questions with 2062 entries from ./Datasets/Questions/medical_questions.parquet
2025-11-16 19:00:53,824 - INFO - 📚 Processing corpus: Medical
2025-11-16 19:00:54,209 - INFO - ✅ Loaded tokenizer: sentence-transformers/all-MiniLM-L6-v2
2025-11-16 19:00:57,303 - INFO - ✂️ Split corpus into 1030 chunks
2025-11-16 19:00:57,304 - INFO - 🔍 Found 2 questions for Medical
2025-11-16 19:00:57,304 - INFO - ✅ Using Ollama mode: llama3 at http://localhost:11434/v1
2025-11-16 19:00:57,344 - INFO - Loading templates from directory: /home/amjad/benchmarks/HippoRAG/src/hipporag/prompts/templates
2025-11-16 19:00:57,350 - INFO - Load pretrained SentenceTransformer: sentence-transformers/all-MiniLM-L6-v2
2025-11-16 19:00:59,257 - INFO - Loaded 1030 records from ./Examples/hipporag2_workspace/Medical/llama3_sentence-transformers_all-MiniLM-L6-v2/chunk_embeddings/vdb_chunk.parquet
2025-11-16 19:00:59,257 - INFO - Loading templates from directory: /home/amjad/benchmarks/HippoRAG/src/hipporag/prompts/templates
2025-11-16 19:00:59,259 - INFO - Indexing Documents
2025-11-16 19:00:59,259 - INFO - Performing OpenIE
2025-11-16 19:00:59,265 - INFO - Inserting 0 new records, 1030 records already exist.
2025-11-16 19:01:04,520 - INFO - HTTP Request: POST http://localhost:11434/v1/chat/completions "HTTP/1.1 200 OK"
2025-11-16 19:01:07,686 - INFO - HTTP Request: POST http://localhost:11434/v1/chat/completions "HTTP/1.1 200 OK"
2025-11-16 19:01:11,750 - INFO - HTTP Request: POST http://localhost:11434/v1/chat/completions "HTTP/1.1 200 OK"
2025-11-16 19:01:14,335 - INFO - HTTP Request: POST http://localhost:11434/v1/chat/completions "HTTP/1.1 200 OK"
2025-11-16 19:01:17,196 - INFO - HTTP Request: POST http://localhost:11434/v1/chat/completions "HTTP/1.1 200 OK"
2025-11-16 19:01:20,176 - INFO - HTTP Request: POST http://localhost:11434/v1/chat/completions "HTTP/1.1 200 OK"
2025-11-16 19:01:24,039 - INFO - HTTP Request: POST http://localhost:11434/v1/chat/completions "HTTP/1.1 200 OK"
2025-11-16 19:01:29,277 - INFO - HTTP Request: POST http://localhost:11434/v1/chat/completions "HTTP/1.1 200 OK"
2025-11-16 19:01:33,168 - INFO - HTTP Request: POST http://localhost:11434/v1/chat/completions "HTTP/1.1 200 OK"
2025-11-16 19:01:37,019 - INFO - HTTP Request: POST http://localhost:11434/v1/chat/completions "HTTP/1.1 200 OK"
2025-11-16 19:01:44,332 - INFO - HTTP Request: POST http://localhost:11434/v1/chat/completions "HTTP/1.1 200 OK"
2025-11-16 19:01:48,444 - INFO - HTTP Request: POST http://localhost:11434/v1/chat/completions "HTTP/1.1 200 OK"
2025-11-16 19:01:52,143 - INFO - HTTP Request: POST http://localhost:11434/v1/chat/completions "HTTP/1.1 200 OK"
2025-11-16 19:01:57,424 - INFO - HTTP Request: POST http://localhost:11434/v1/chat/completions "HTTP/1.1 200 OK"
2025-11-16 19:02:01,455 - INFO - HTTP Request: POST http://localhost:11434/v1/chat/completions "HTTP/1.1 200 OK"
2025-11-16 19:02:04,747 - INFO - HTTP Request: POST http://localhost:11434/v1/chat/completions "HTTP/1.1 200 OK"
2025-11-16 19:02:09,581 - INFO - HTTP Request: POST http://localhost:11434/v1/chat/completions "HTTP/1.1 200 OK"
2025-11-16 19:02:12,546 - INFO - HTTP Request: POST http://localhost:11434/v1/chat/completions "HTTP/1.1 200 OK"
2025-11-16 19:02:18,348 - INFO - HTTP Request: POST http://localhost:11434/v1/chat/completions "HTTP/1.1 200 OK"
2025-11-16 19:02:21,416 - INFO - HTTP Request: POST http://localhost:11434/v1/chat/completions "HTTP/1.1 200 OK"
2025-11-16 19:02:25,342 - INFO - HTTP Request: POST http://localhost:11434/v1/chat/completions "HTTP/1.1 200 OK"
2025-11-16 19:02:28,701 - INFO - HTTP Request: POST http://localhost:11434/v1/chat/completions "HTTP/1.1 200 OK"
2025-11-16 19:02:33,420 - INFO - HTTP Request: POST http://localhost:11434/v1/chat/completions "HTTP/1.1 200 OK"
2025-11-16 19:02:37,157 - INFO - HTTP Request: POST http://localhost:11434/v1/chat/completions "HTTP/1.1 200 OK"
2025-11-16 19:02:41,223 - INFO - HTTP Request: POST http://localhost:11434/v1/chat/completions "HTTP/1.1 200 OK"
2025-11-16 19:02:45,042 - INFO - HTTP Request: POST http://localhost:11434/v1/chat/completions "HTTP/1.1 200 OK"
2025-11-16 19:02:48,738 - INFO - HTTP Request: POST http://localhost:11434/v1/chat/completions "HTTP/1.1 200 OK"
2025-11-16 19:02:53,887 - INFO - HTTP Request: POST http://localhost:11434/v1/chat/completions "HTTP/1.1 200 OK"
2025-11-16 19:02:57,872 - INFO - HTTP Request: POST http://localhost:11434/v1/chat/completions "HTTP/1.1 200 OK"
2025-11-16 19:03:01,294 - INFO - HTTP Request: POST http://localhost:11434/v1/chat/completions "HTTP/1.1 200 OK"
2025-11-16 19:34:20,782 - INFO - 🚀 Starting HippoRAG processing for subset: medical
2025-11-16 19:34:20,782 - WARNING - ⚠️ No API key provided! Requests may fail.
2025-11-16 19:34:21,265 - INFO - 📖 Loaded corpus with 1 documents from ./Datasets/Corpus/medical.parquet
2025-11-16 19:34:21,392 - INFO - ❓ Loaded questions with 100 entries from ./Datasets/Questions/medical_questions.parquet
2025-11-16 19:34:21,393 - INFO - 📚 Processing corpus: Medical
2025-11-16 19:34:23,769 - INFO - ✅ Loaded tokenizer: sentence-transformers/all-MiniLM-L6-v2
2025-11-16 19:34:23,902 - INFO - ✂️ Split corpus into 50 chunks
2025-11-16 19:34:23,903 - INFO - 🔍 Found 2 questions for Medical
2025-11-16 19:34:23,903 - INFO - ✅ Using Ollama mode: llama3 at http://localhost:11434/v1
2025-11-16 19:34:23,943 - INFO - Loading templates from directory: /home/amjad/benchmarks/HippoRAG/src/hipporag/prompts/templates
2025-11-16 19:34:23,949 - INFO - Load pretrained SentenceTransformer: sentence-transformers/all-MiniLM-L6-v2
2025-11-16 19:34:25,867 - INFO - Loaded 1030 records from ./Examples/hipporag2_workspace/Medical/llama3_sentence-transformers_all-MiniLM-L6-v2/chunk_embeddings/vdb_chunk.parquet
2025-11-16 19:34:25,867 - INFO - Loading templates from directory: /home/amjad/benchmarks/HippoRAG/src/hipporag/prompts/templates
2025-11-16 19:34:25,869 - INFO - Indexing Documents
2025-11-16 19:34:25,869 - INFO - Performing OpenIE
2025-11-16 19:34:25,869 - INFO - Inserting 1 new records, 49 records already exist.
2025-11-16 19:34:25,915 - INFO - Saving new records.
2025-11-16 19:34:25,987 - INFO - Saved 1031 records to ./Examples/hipporag2_workspace/Medical/llama3_sentence-transformers_all-MiniLM-L6-v2/chunk_embeddings/vdb_chunk.parquet
2025-11-16 19:34:34,738 - INFO - HTTP Request: POST http://localhost:11434/v1/chat/completions "HTTP/1.1 200 OK"
2025-11-16 19:34:39,357 - INFO - HTTP Request: POST http://localhost:11434/v1/chat/completions "HTTP/1.1 200 OK"
2025-11-16 19:34:44,848 - INFO - HTTP Request: POST http://localhost:11434/v1/chat/completions "HTTP/1.1 200 OK"
2025-11-16 19:34:47,864 - INFO - HTTP Request: POST http://localhost:11434/v1/chat/completions "HTTP/1.1 200 OK"
2025-11-16 19:34:52,744 - INFO - HTTP Request: POST http://localhost:11434/v1/chat/completions "HTTP/1.1 200 OK"
2025-11-16 19:34:56,019 - INFO - HTTP Request: POST http://localhost:11434/v1/chat/completions "HTTP/1.1 200 OK"
2025-11-16 19:34:59,724 - INFO - HTTP Request: POST http://localhost:11434/v1/chat/completions "HTTP/1.1 200 OK"
2025-11-16 19:35:02,952 - INFO - HTTP Request: POST http://localhost:11434/v1/chat/completions "HTTP/1.1 200 OK"
2025-11-16 19:35:06,827 - INFO - HTTP Request: POST http://localhost:11434/v1/chat/completions "HTTP/1.1 200 OK"
2025-11-16 19:35:10,638 - INFO - HTTP Request: POST http://localhost:11434/v1/chat/completions "HTTP/1.1 200 OK"
2025-11-16 19:35:15,721 - INFO - HTTP Request: POST http://localhost:11434/v1/chat/completions "HTTP/1.1 200 OK"
2025-11-16 19:35:20,490 - INFO - HTTP Request: POST http://localhost:11434/v1/chat/completions "HTTP/1.1 200 OK"
2025-11-16 19:35:24,376 - INFO - HTTP Request: POST http://localhost:11434/v1/chat/completions "HTTP/1.1 200 OK"
2025-11-16 19:35:27,847 - INFO - HTTP Request: POST http://localhost:11434/v1/chat/completions "HTTP/1.1 200 OK"
2025-11-16 19:35:31,058 - INFO - HTTP Request: POST http://localhost:11434/v1/chat/completions "HTTP/1.1 200 OK"
2025-11-16 19:35:34,754 - INFO - HTTP Request: POST http://localhost:11434/v1/chat/completions "HTTP/1.1 200 OK"
2025-11-16 19:35:38,907 - INFO - HTTP Request: POST http://localhost:11434/v1/chat/completions "HTTP/1.1 200 OK"
2025-11-16 19:35:42,558 - INFO - HTTP Request: POST http://localhost:11434/v1/chat/completions "HTTP/1.1 200 OK"
2025-11-16 19:35:46,699 - INFO - HTTP Request: POST http://localhost:11434/v1/chat/completions "HTTP/1.1 200 OK"
2025-11-16 19:35:51,170 - INFO - HTTP Request: POST http://localhost:11434/v1/chat/completions "HTTP/1.1 200 OK"
2025-11-16 19:35:54,871 - INFO - HTTP Request: POST http://localhost:11434/v1/chat/completions "HTTP/1.1 200 OK"
2025-11-16 19:35:58,481 - INFO - HTTP Request: POST http://localhost:11434/v1/chat/completions "HTTP/1.1 200 OK"
2025-11-16 19:36:02,551 - INFO - HTTP Request: POST http://localhost:11434/v1/chat/completions "HTTP/1.1 200 OK"
2025-11-16 19:36:06,684 - INFO - HTTP Request: POST http://localhost:11434/v1/chat/completions "HTTP/1.1 200 OK"
2025-11-16 19:36:09,191 - INFO - HTTP Request: POST http://localhost:11434/v1/chat/completions "HTTP/1.1 200 OK"
2025-11-16 19:36:13,568 - INFO - HTTP Request: POST http://localhost:11434/v1/chat/completions "HTTP/1.1 200 OK"
2025-11-16 19:36:16,625 - INFO - HTTP Request: POST http://localhost:11434/v1/chat/completions "HTTP/1.1 200 OK"
2025-11-16 19:36:19,820 - INFO - HTTP Request: POST http://localhost:11434/v1/chat/completions "HTTP/1.1 200 OK"
2025-11-16 19:36:25,225 - INFO - HTTP Request: POST http://localhost:11434/v1/chat/completions "HTTP/1.1 200 OK"
2025-11-16 19:36:29,093 - INFO - HTTP Request: POST http://localhost:11434/v1/chat/completions "HTTP/1.1 200 OK"
2025-11-16 19:36:33,864 - INFO - HTTP Request: POST http://localhost:11434/v1/chat/completions "HTTP/1.1 200 OK"
2025-11-16 19:36:36,804 - INFO - HTTP Request: POST http://localhost:11434/v1/chat/completions "HTTP/1.1 200 OK"
2025-11-16 19:36:41,092 - INFO - HTTP Request: POST http://localhost:11434/v1/chat/completions "HTTP/1.1 200 OK"
2025-11-16 19:36:43,333 - INFO - HTTP Request: POST http://localhost:11434/v1/chat/completions "HTTP/1.1 200 OK"
2025-11-16 19:36:46,279 - INFO - HTTP Request: POST http://localhost:11434/v1/chat/completions "HTTP/1.1 200 OK"
2025-11-16 19:36:50,903 - INFO - HTTP Request: POST http://localhost:11434/v1/chat/completions "HTTP/1.1 200 OK"
2025-11-16 19:36:53,611 - INFO - HTTP Request: POST http://localhost:11434/v1/chat/completions "HTTP/1.1 200 OK"
2025-11-16 19:36:57,248 - INFO - HTTP Request: POST http://localhost:11434/v1/chat/completions "HTTP/1.1 200 OK"
2025-11-16 19:37:00,814 - INFO - HTTP Request: POST http://localhost:11434/v1/chat/completions "HTTP/1.1 200 OK"
2025-11-16 19:37:04,958 - INFO - HTTP Request: POST http://localhost:11434/v1/chat/completions "HTTP/1.1 200 OK"
2025-11-16 19:37:09,211 - INFO - HTTP Request: POST http://localhost:11434/v1/chat/completions "HTTP/1.1 200 OK"
2025-11-16 19:37:14,042 - INFO - HTTP Request: POST http://localhost:11434/v1/chat/completions "HTTP/1.1 200 OK"
2025-11-16 19:37:17,873 - INFO - HTTP Request: POST http://localhost:11434/v1/chat/completions "HTTP/1.1 200 OK"
2025-11-16 19:37:21,817 - INFO - HTTP Request: POST http://localhost:11434/v1/chat/completions "HTTP/1.1 200 OK"
2025-11-16 19:37:25,751 - INFO - HTTP Request: POST http://localhost:11434/v1/chat/completions "HTTP/1.1 200 OK"
2025-11-16 19:37:29,312 - INFO - HTTP Request: POST http://localhost:11434/v1/chat/completions "HTTP/1.1 200 OK"
2025-11-16 19:37:33,268 - INFO - HTTP Request: POST http://localhost:11434/v1/chat/completions "HTTP/1.1 200 OK"
2025-11-16 19:37:36,130 - INFO - HTTP Request: POST http://localhost:11434/v1/chat/completions "HTTP/1.1 200 OK"
2025-11-16 19:37:40,653 - INFO - HTTP Request: POST http://localhost:11434/v1/chat/completions "HTTP/1.1 200 OK"
2025-11-16 19:37:44,975 - INFO - HTTP Request: POST http://localhost:11434/v1/chat/completions "HTTP/1.1 200 OK"
2025-11-16 19:37:49,191 - INFO - HTTP Request: POST http://localhost:11434/v1/chat/completions "HTTP/1.1 200 OK"
2025-11-16 19:37:52,499 - INFO - HTTP Request: POST http://localhost:11434/v1/chat/completions "HTTP/1.1 200 OK"
2025-11-16 19:37:56,327 - INFO - HTTP Request: POST http://localhost:11434/v1/chat/completions "HTTP/1.1 200 OK"
2025-11-16 19:38:00,439 - INFO - HTTP Request: POST http://localhost:11434/v1/chat/completions "HTTP/1.1 200 OK"
2025-11-16 19:38:03,873 - INFO - HTTP Request: POST http://localhost:11434/v1/chat/completions "HTTP/1.1 200 OK"
2025-11-16 19:38:07,455 - INFO - HTTP Request: POST http://localhost:11434/v1/chat/completions "HTTP/1.1 200 OK"
2025-11-16 19:38:10,514 - INFO - HTTP Request: POST http://localhost:11434/v1/chat/completions "HTTP/1.1 200 OK"
2025-11-16 19:38:14,866 - INFO - HTTP Request: POST http://localhost:11434/v1/chat/completions "HTTP/1.1 200 OK"
2025-11-16 19:38:17,923 - INFO - HTTP Request: POST http://localhost:11434/v1/chat/completions "HTTP/1.1 200 OK"
2025-11-16 19:38:21,451 - INFO - HTTP Request: POST http://localhost:11434/v1/chat/completions "HTTP/1.1 200 OK"
2025-11-16 19:38:25,619 - INFO - HTTP Request: POST http://localhost:11434/v1/chat/completions "HTTP/1.1 200 OK"
2025-11-16 19:38:30,158 - INFO - HTTP Request: POST http://localhost:11434/v1/chat/completions "HTTP/1.1 200 OK"
2025-11-16 19:38:34,926 - INFO - HTTP Request: POST http://localhost:11434/v1/chat/completions "HTTP/1.1 200 OK"
2025-11-16 19:38:38,533 - INFO - HTTP Request: POST http://localhost:11434/v1/chat/completions "HTTP/1.1 200 OK"
2025-11-16 19:38:42,876 - INFO - HTTP Request: POST http://localhost:11434/v1/chat/completions "HTTP/1.1 200 OK"
2025-11-16 19:38:46,590 - INFO - HTTP Request: POST http://localhost:11434/v1/chat/completions "HTTP/1.1 200 OK"
2025-11-16 19:38:50,861 - INFO - HTTP Request: POST http://localhost:11434/v1/chat/completions "HTTP/1.1 200 OK"
2025-11-16 19:38:54,865 - INFO - HTTP Request: POST http://localhost:11434/v1/chat/completions "HTTP/1.1 200 OK"
2025-11-16 19:38:58,850 - INFO - HTTP Request: POST http://localhost:11434/v1/chat/completions "HTTP/1.1 200 OK"
2025-11-16 19:39:02,912 - INFO - HTTP Request: POST http://localhost:11434/v1/chat/completions "HTTP/1.1 200 OK"
2025-11-16 19:39:07,258 - INFO - HTTP Request: POST http://localhost:11434/v1/chat/completions "HTTP/1.1 200 OK"
2025-11-16 19:39:13,290 - INFO - HTTP Request: POST http://localhost:11434/v1/chat/completions "HTTP/1.1 200 OK"
2025-11-16 19:39:17,563 - INFO - HTTP Request: POST http://localhost:11434/v1/chat/completions "HTTP/1.1 200 OK"
2025-11-16 19:39:22,234 - INFO - HTTP Request: POST http://localhost:11434/v1/chat/completions "HTTP/1.1 200 OK"
2025-11-16 19:39:26,912 - INFO - HTTP Request: POST http://localhost:11434/v1/chat/completions "HTTP/1.1 200 OK"
2025-11-16 19:39:30,989 - INFO - HTTP Request: POST http://localhost:11434/v1/chat/completions "HTTP/1.1 200 OK"
2025-11-16 19:39:35,168 - INFO - HTTP Request: POST http://localhost:11434/v1/chat/completions "HTTP/1.1 200 OK"
2025-11-16 19:39:39,213 - INFO - HTTP Request: POST http://localhost:11434/v1/chat/completions "HTTP/1.1 200 OK"
2025-11-16 19:39:43,186 - INFO - HTTP Request: POST http://localhost:11434/v1/chat/completions "HTTP/1.1 200 OK"
2025-11-16 19:39:45,461 - INFO - HTTP Request: POST http://localhost:11434/v1/chat/completions "HTTP/1.1 200 OK"
2025-11-16 19:39:49,547 - INFO - HTTP Request: POST http://localhost:11434/v1/chat/completions "HTTP/1.1 200 OK"
2025-11-16 19:39:54,127 - INFO - HTTP Request: POST http://localhost:11434/v1/chat/completions "HTTP/1.1 200 OK"
2025-11-16 19:39:57,487 - INFO - HTTP Request: POST http://localhost:11434/v1/chat/completions "HTTP/1.1 200 OK"
2025-11-16 19:40:00,953 - INFO - HTTP Request: POST http://localhost:11434/v1/chat/completions "HTTP/1.1 200 OK"
2025-11-16 19:40:06,771 - INFO - HTTP Request: POST http://localhost:11434/v1/chat/completions "HTTP/1.1 200 OK"
2025-11-16 19:40:11,339 - INFO - HTTP Request: POST http://localhost:11434/v1/chat/completions "HTTP/1.1 200 OK"
2025-11-16 19:40:14,283 - INFO - HTTP Request: POST http://localhost:11434/v1/chat/completions "HTTP/1.1 200 OK"
2025-11-16 19:40:17,270 - INFO - HTTP Request: POST http://localhost:11434/v1/chat/completions "HTTP/1.1 200 OK"
2025-11-16 19:40:19,765 - INFO - HTTP Request: POST http://localhost:11434/v1/chat/completions "HTTP/1.1 200 OK"
2025-11-16 19:40:23,241 - INFO - HTTP Request: POST http://localhost:11434/v1/chat/completions "HTTP/1.1 200 OK"
2025-11-16 19:40:26,791 - INFO - HTTP Request: POST http://localhost:11434/v1/chat/completions "HTTP/1.1 200 OK"
2025-11-16 19:40:31,503 - INFO - HTTP Request: POST http://localhost:11434/v1/chat/completions "HTTP/1.1 200 OK"
2025-11-16 19:40:34,709 - INFO - HTTP Request: POST http://localhost:11434/v1/chat/completions "HTTP/1.1 200 OK"
2025-11-16 19:40:37,764 - INFO - HTTP Request: POST http://localhost:11434/v1/chat/completions "HTTP/1.1 200 OK"
2025-11-16 19:40:42,923 - INFO - HTTP Request: POST http://localhost:11434/v1/chat/completions "HTTP/1.1 200 OK"
2025-11-16 19:40:47,388 - INFO - HTTP Request: POST http://localhost:11434/v1/chat/completions "HTTP/1.1 200 OK"
2025-11-16 19:40:51,732 - INFO - HTTP Request: POST http://localhost:11434/v1/chat/completions "HTTP/1.1 200 OK"
2025-11-16 19:40:57,655 - INFO - HTTP Request: POST http://localhost:11434/v1/chat/completions "HTTP/1.1 200 OK"
2025-11-16 19:41:02,801 - INFO - HTTP Request: POST http://localhost:11434/v1/chat/completions "HTTP/1.1 200 OK"
2025-11-16 19:41:07,487 - INFO - HTTP Request: POST http://localhost:11434/v1/chat/completions "HTTP/1.1 200 OK"
2025-11-16 19:41:10,446 - INFO - HTTP Request: POST http://localhost:11434/v1/chat/completions "HTTP/1.1 200 OK"
2025-11-16 19:41:14,123 - INFO - HTTP Request: POST http://localhost:11434/v1/chat/completions "HTTP/1.1 200 OK"
2025-11-16 19:41:18,032 - INFO - HTTP Request: POST http://localhost:11434/v1/chat/completions "HTTP/1.1 200 OK"
2025-11-16 19:41:22,036 - INFO - HTTP Request: POST http://localhost:11434/v1/chat/completions "HTTP/1.1 200 OK"
2025-11-16 19:41:25,992 - INFO - HTTP Request: POST http://localhost:11434/v1/chat/completions "HTTP/1.1 200 OK"
2025-11-16 19:41:28,576 - INFO - HTTP Request: POST http://localhost:11434/v1/chat/completions "HTTP/1.1 200 OK"
2025-11-16 19:41:32,825 - INFO - HTTP Request: POST http://localhost:11434/v1/chat/completions "HTTP/1.1 200 OK"
2025-11-16 19:41:37,800 - INFO - HTTP Request: POST http://localhost:11434/v1/chat/completions "HTTP/1.1 200 OK"
2025-11-16 19:41:42,890 - INFO - HTTP Request: POST http://localhost:11434/v1/chat/completions "HTTP/1.1 200 OK"
2025-11-16 19:41:48,250 - INFO - HTTP Request: POST http://localhost:11434/v1/chat/completions "HTTP/1.1 200 OK"
2025-11-16 19:41:52,294 - INFO - HTTP Request: POST http://localhost:11434/v1/chat/completions "HTTP/1.1 200 OK"
2025-11-16 19:41:56,593 - INFO - HTTP Request: POST http://localhost:11434/v1/chat/completions "HTTP/1.1 200 OK"
2025-11-16 19:42:00,683 - INFO - HTTP Request: POST http://localhost:11434/v1/chat/completions "HTTP/1.1 200 OK"
2025-11-16 19:42:05,159 - INFO - HTTP Request: POST http://localhost:11434/v1/chat/completions "HTTP/1.1 200 OK"
2025-11-16 19:42:09,991 - INFO - HTTP Request: POST http://localhost:11434/v1/chat/completions "HTTP/1.1 200 OK"
2025-11-16 19:42:13,997 - INFO - HTTP Request: POST http://localhost:11434/v1/chat/completions "HTTP/1.1 200 OK"
2025-11-16 19:42:17,455 - INFO - HTTP Request: POST http://localhost:11434/v1/chat/completions "HTTP/1.1 200 OK"
2025-11-16 19:42:21,794 - INFO - HTTP Request: POST http://localhost:11434/v1/chat/completions "HTTP/1.1 200 OK"
2025-11-16 19:42:25,788 - INFO - HTTP Request: POST http://localhost:11434/v1/chat/completions "HTTP/1.1 200 OK"
2025-11-16 19:42:29,596 - INFO - HTTP Request: POST http://localhost:11434/v1/chat/completions "HTTP/1.1 200 OK"
2025-11-16 19:42:33,442 - INFO - HTTP Request: POST http://localhost:11434/v1/chat/completions "HTTP/1.1 200 OK"
2025-11-16 19:42:37,373 - INFO - HTTP Request: POST http://localhost:11434/v1/chat/completions "HTTP/1.1 200 OK"
2025-11-16 19:42:40,896 - INFO - HTTP Request: POST http://localhost:11434/v1/chat/completions "HTTP/1.1 200 OK"
2025-11-16 19:42:46,306 - INFO - HTTP Request: POST http://localhost:11434/v1/chat/completions "HTTP/1.1 200 OK"
2025-11-16 19:42:51,785 - INFO - HTTP Request: POST http://localhost:11434/v1/chat/completions "HTTP/1.1 200 OK"
2025-11-16 19:42:57,347 - INFO - HTTP Request: POST http://localhost:11434/v1/chat/completions "HTTP/1.1 200 OK"
2025-11-16 19:43:01,412 - INFO - HTTP Request: POST http://localhost:11434/v1/chat/completions "HTTP/1.1 200 OK"
2025-11-16 19:43:05,184 - INFO - HTTP Request: POST http://localhost:11434/v1/chat/completions "HTTP/1.1 200 OK"
2025-11-16 19:43:11,059 - INFO - HTTP Request: POST http://localhost:11434/v1/chat/completions "HTTP/1.1 200 OK"
2025-11-16 19:43:14,125 - INFO - HTTP Request: POST http://localhost:11434/v1/chat/completions "HTTP/1.1 200 OK"
2025-11-16 19:43:17,196 - INFO - HTTP Request: POST http://localhost:11434/v1/chat/completions "HTTP/1.1 200 OK"
2025-11-16 19:43:19,784 - INFO - HTTP Request: POST http://localhost:11434/v1/chat/completions "HTTP/1.1 200 OK"
2025-11-16 19:43:21,940 - INFO - HTTP Request: POST http://localhost:11434/v1/chat/completions "HTTP/1.1 200 OK"
2025-11-16 19:43:25,880 - INFO - HTTP Request: POST http://localhost:11434/v1/chat/completions "HTTP/1.1 200 OK"
2025-11-16 19:43:28,949 - INFO - HTTP Request: POST http://localhost:11434/v1/chat/completions "HTTP/1.1 200 OK"
2025-11-16 19:43:31,478 - INFO - HTTP Request: POST http://localhost:11434/v1/chat/completions "HTTP/1.1 200 OK"
2025-11-16 19:43:35,830 - INFO - HTTP Request: POST http://localhost:11434/v1/chat/completions "HTTP/1.1 200 OK"
2025-11-16 19:43:38,740 - INFO - HTTP Request: POST http://localhost:11434/v1/chat/completions "HTTP/1.1 200 OK"
2025-11-16 19:43:42,505 - INFO - HTTP Request: POST http://localhost:11434/v1/chat/completions "HTTP/1.1 200 OK"
2025-11-16 19:43:48,064 - INFO - HTTP Request: POST http://localhost:11434/v1/chat/completions "HTTP/1.1 200 OK"
2025-11-16 19:43:51,787 - INFO - HTTP Request: POST http://localhost:11434/v1/chat/completions "HTTP/1.1 200 OK"
2025-11-16 19:43:54,448 - INFO - HTTP Request: POST http://localhost:11434/v1/chat/completions "HTTP/1.1 200 OK"
2025-11-16 19:43:57,335 - INFO - HTTP Request: POST http://localhost:11434/v1/chat/completions "HTTP/1.1 200 OK"
2025-11-16 19:44:02,403 - INFO - HTTP Request: POST http://localhost:11434/v1/chat/completions "HTTP/1.1 200 OK"
2025-11-16 19:44:06,704 - INFO - HTTP Request: POST http://localhost:11434/v1/chat/completions "HTTP/1.1 200 OK"
2025-11-16 19:44:09,736 - INFO - HTTP Request: POST http://localhost:11434/v1/chat/completions "HTTP/1.1 200 OK"
2025-11-16 19:44:15,693 - INFO - HTTP Request: POST http://localhost:11434/v1/chat/completions "HTTP/1.1 200 OK"
2025-11-16 19:44:20,090 - INFO - HTTP Request: POST http://localhost:11434/v1/chat/completions "HTTP/1.1 200 OK"
2025-11-16 19:44:24,336 - INFO - HTTP Request: POST http://localhost:11434/v1/chat/completions "HTTP/1.1 200 OK"
2025-11-16 19:44:28,100 - INFO - HTTP Request: POST http://localhost:11434/v1/chat/completions "HTTP/1.1 200 OK"
2025-11-16 19:44:32,628 - INFO - HTTP Request: POST http://localhost:11434/v1/chat/completions "HTTP/1.1 200 OK"
2025-11-16 19:44:37,361 - INFO - HTTP Request: POST http://localhost:11434/v1/chat/completions "HTTP/1.1 200 OK"
2025-11-16 19:44:42,777 - INFO - HTTP Request: POST http://localhost:11434/v1/chat/completions "HTTP/1.1 200 OK"
2025-11-16 19:44:46,857 - INFO - HTTP Request: POST http://localhost:11434/v1/chat/completions "HTTP/1.1 200 OK"
2025-11-16 19:44:50,381 - INFO - HTTP Request: POST http://localhost:11434/v1/chat/completions "HTTP/1.1 200 OK"
2025-11-16 19:44:54,401 - INFO - HTTP Request: POST http://localhost:11434/v1/chat/completions "HTTP/1.1 200 OK"
2025-11-16 19:44:58,362 - INFO - HTTP Request: POST http://localhost:11434/v1/chat/completions "HTTP/1.1 200 OK"
2025-11-16 19:45:03,126 - INFO - HTTP Request: POST http://localhost:11434/v1/chat/completions "HTTP/1.1 200 OK"
2025-11-16 19:45:07,276 - INFO - HTTP Request: POST http://localhost:11434/v1/chat/completions "HTTP/1.1 200 OK"
2025-11-16 19:45:11,584 - INFO - HTTP Request: POST http://localhost:11434/v1/chat/completions "HTTP/1.1 200 OK"
2025-11-16 19:45:14,913 - INFO - HTTP Request: POST http://localhost:11434/v1/chat/completions "HTTP/1.1 200 OK"
2025-11-16 19:45:18,063 - INFO - HTTP Request: POST http://localhost:11434/v1/chat/completions "HTTP/1.1 200 OK"
2025-11-16 19:45:22,661 - INFO - HTTP Request: POST http://localhost:11434/v1/chat/completions "HTTP/1.1 200 OK"
2025-11-16 19:45:26,318 - INFO - HTTP Request: POST http://localhost:11434/v1/chat/completions "HTTP/1.1 200 OK"
2025-11-16 19:45:30,089 - INFO - HTTP Request: POST http://localhost:11434/v1/chat/completions "HTTP/1.1 200 OK"
2025-11-16 19:45:33,814 - INFO - HTTP Request: POST http://localhost:11434/v1/chat/completions "HTTP/1.1 200 OK"
2025-11-16 19:45:38,125 - INFO - HTTP Request: POST http://localhost:11434/v1/chat/completions "HTTP/1.1 200 OK"
2025-11-16 19:45:41,268 - INFO - HTTP Request: POST http://localhost:11434/v1/chat/completions "HTTP/1.1 200 OK"
2025-11-16 19:45:44,865 - INFO - HTTP Request: POST http://localhost:11434/v1/chat/completions "HTTP/1.1 200 OK"
2025-11-16 19:45:48,752 - INFO - HTTP Request: POST http://localhost:11434/v1/chat/completions "HTTP/1.1 200 OK"
2025-11-16 19:45:54,457 - INFO - HTTP Request: POST http://localhost:11434/v1/chat/completions "HTTP/1.1 200 OK"
2025-11-16 19:45:58,280 - INFO - HTTP Request: POST http://localhost:11434/v1/chat/completions "HTTP/1.1 200 OK"
2025-11-16 19:46:00,340 - INFO - HTTP Request: POST http://localhost:11434/v1/chat/completions "HTTP/1.1 200 OK"
2025-11-16 19:46:04,515 - INFO - HTTP Request: POST http://localhost:11434/v1/chat/completions "HTTP/1.1 200 OK"
2025-11-16 19:46:09,742 - INFO - HTTP Request: POST http://localhost:11434/v1/chat/completions "HTTP/1.1 200 OK"
2025-11-16 19:46:13,945 - INFO - HTTP Request: POST http://localhost:11434/v1/chat/completions "HTTP/1.1 200 OK"
2025-11-16 19:46:20,193 - INFO - HTTP Request: POST http://localhost:11434/v1/chat/completions "HTTP/1.1 200 OK"
2025-11-16 19:46:24,874 - INFO - HTTP Request: POST http://localhost:11434/v1/chat/completions "HTTP/1.1 200 OK"
2025-11-16 19:46:28,060 - INFO - HTTP Request: POST http://localhost:11434/v1/chat/completions "HTTP/1.1 200 OK"
2025-11-16 19:46:31,266 - INFO - HTTP Request: POST http://localhost:11434/v1/chat/completions "HTTP/1.1 200 OK"
2025-11-16 19:46:35,053 - INFO - HTTP Request: POST http://localhost:11434/v1/chat/completions "HTTP/1.1 200 OK"
2025-11-16 19:46:38,752 - INFO - HTTP Request: POST http://localhost:11434/v1/chat/completions "HTTP/1.1 200 OK"
2025-11-16 19:46:42,955 - INFO - HTTP Request: POST http://localhost:11434/v1/chat/completions "HTTP/1.1 200 OK"
2025-11-16 19:46:46,114 - INFO - HTTP Request: POST http://localhost:11434/v1/chat/completions "HTTP/1.1 200 OK"
2025-11-16 19:46:49,746 - INFO - HTTP Request: POST http://localhost:11434/v1/chat/completions "HTTP/1.1 200 OK"
2025-11-16 19:46:53,524 - INFO - HTTP Request: POST http://localhost:11434/v1/chat/completions "HTTP/1.1 200 OK"
2025-11-16 19:46:57,914 - INFO - HTTP Request: POST http://localhost:11434/v1/chat/completions "HTTP/1.1 200 OK"
2025-11-16 19:47:01,840 - INFO - HTTP Request: POST http://localhost:11434/v1/chat/completions "HTTP/1.1 200 OK"
2025-11-16 19:47:05,689 - INFO - HTTP Request: POST http://localhost:11434/v1/chat/completions "HTTP/1.1 200 OK"
2025-11-16 19:47:09,008 - INFO - HTTP Request: POST http://localhost:11434/v1/chat/completions "HTTP/1.1 200 OK"
2025-11-16 19:47:12,360 - INFO - HTTP Request: POST http://localhost:11434/v1/chat/completions "HTTP/1.1 200 OK"
2025-11-16 19:47:16,252 - INFO - HTTP Request: POST http://localhost:11434/v1/chat/completions "HTTP/1.1 200 OK"
2025-11-16 19:47:19,832 - INFO - HTTP Request: POST http://localhost:11434/v1/chat/completions "HTTP/1.1 200 OK"
2025-11-16 19:47:23,481 - INFO - HTTP Request: POST http://localhost:11434/v1/chat/completions "HTTP/1.1 200 OK"
2025-11-16 19:47:27,169 - INFO - HTTP Request: POST http://localhost:11434/v1/chat/completions "HTTP/1.1 200 OK"
2025-11-16 19:47:31,637 - INFO - HTTP Request: POST http://localhost:11434/v1/chat/completions "HTTP/1.1 200 OK"
2025-11-16 19:47:37,760 - INFO - HTTP Request: POST http://localhost:11434/v1/chat/completions "HTTP/1.1 200 OK"
2025-11-16 19:47:41,562 - INFO - HTTP Request: POST http://localhost:11434/v1/chat/completions "HTTP/1.1 200 OK"
2025-11-16 19:47:45,615 - INFO - HTTP Request: POST http://localhost:11434/v1/chat/completions "HTTP/1.1 200 OK"
2025-11-16 19:47:48,723 - INFO - HTTP Request: POST http://localhost:11434/v1/chat/completions "HTTP/1.1 200 OK"
2025-11-16 19:47:51,751 - INFO - HTTP Request: POST http://localhost:11434/v1/chat/completions "HTTP/1.1 200 OK"
2025-11-16 19:47:54,932 - INFO - HTTP Request: POST http://localhost:11434/v1/chat/completions "HTTP/1.1 200 OK"
2025-11-16 19:47:59,222 - INFO - HTTP Request: POST http://localhost:11434/v1/chat/completions "HTTP/1.1 200 OK"
2025-11-16 19:48:03,928 - INFO - HTTP Request: POST http://localhost:11434/v1/chat/completions "HTTP/1.1 200 OK"
2025-11-16 19:48:07,444 - INFO - HTTP Request: POST http://localhost:11434/v1/chat/completions "HTTP/1.1 200 OK"
2025-11-16 19:48:10,825 - INFO - HTTP Request: POST http://localhost:11434/v1/chat/completions "HTTP/1.1 200 OK"
2025-11-16 19:48:14,877 - INFO - HTTP Request: POST http://localhost:11434/v1/chat/completions "HTTP/1.1 200 OK"
2025-11-16 19:48:18,760 - INFO - HTTP Request: POST http://localhost:11434/v1/chat/completions "HTTP/1.1 200 OK"
2025-11-16 19:48:22,498 - INFO - HTTP Request: POST http://localhost:11434/v1/chat/completions "HTTP/1.1 200 OK"
2025-11-16 19:48:26,295 - INFO - HTTP Request: POST http://localhost:11434/v1/chat/completions "HTTP/1.1 200 OK"
2025-11-16 19:48:30,947 - INFO - HTTP Request: POST http://localhost:11434/v1/chat/completions "HTTP/1.1 200 OK"
2025-11-16 19:48:35,073 - INFO - HTTP Request: POST http://localhost:11434/v1/chat/completions "HTTP/1.1 200 OK"
2025-11-16 19:48:41,026 - INFO - HTTP Request: POST http://localhost:11434/v1/chat/completions "HTTP/1.1 200 OK"
2025-11-16 19:48:45,354 - INFO - HTTP Request: POST http://localhost:11434/v1/chat/completions "HTTP/1.1 200 OK"
2025-11-16 19:48:48,419 - INFO - HTTP Request: POST http://localhost:11434/v1/chat/completions "HTTP/1.1 200 OK"
2025-11-16 19:48:51,176 - INFO - HTTP Request: POST http://localhost:11434/v1/chat/completions "HTTP/1.1 200 OK"
2025-11-16 19:48:56,423 - INFO - HTTP Request: POST http://localhost:11434/v1/chat/completions "HTTP/1.1 200 OK"
2025-11-16 19:49:00,036 - INFO - HTTP Request: POST http://localhost:11434/v1/chat/completions "HTTP/1.1 200 OK"
2025-11-16 19:49:03,945 - INFO - HTTP Request: POST http://localhost:11434/v1/chat/completions "HTTP/1.1 200 OK"
2025-11-16 19:49:07,628 - INFO - HTTP Request: POST http://localhost:11434/v1/chat/completions "HTTP/1.1 200 OK"
2025-11-16 19:49:10,955 - INFO - HTTP Request: POST http://localhost:11434/v1/chat/completions "HTTP/1.1 200 OK"
2025-11-16 19:49:16,074 - INFO - HTTP Request: POST http://localhost:11434/v1/chat/completions "HTTP/1.1 200 OK"
2025-11-16 19:49:20,683 - INFO - HTTP Request: POST http://localhost:11434/v1/chat/completions "HTTP/1.1 200 OK"
2025-11-16 19:49:24,472 - INFO - HTTP Request: POST http://localhost:11434/v1/chat/completions "HTTP/1.1 200 OK"
2025-11-16 19:49:27,188 - INFO - HTTP Request: POST http://localhost:11434/v1/chat/completions "HTTP/1.1 200 OK"
2025-11-16 19:49:31,407 - INFO - HTTP Request: POST http://localhost:11434/v1/chat/completions "HTTP/1.1 200 OK"
2025-11-16 19:49:35,164 - INFO - HTTP Request: POST http://localhost:11434/v1/chat/completions "HTTP/1.1 200 OK"
2025-11-16 19:49:40,416 - INFO - HTTP Request: POST http://localhost:11434/v1/chat/completions "HTTP/1.1 200 OK"
2025-11-16 19:49:44,870 - INFO - HTTP Request: POST http://localhost:11434/v1/chat/completions "HTTP/1.1 200 OK"
2025-11-16 19:49:48,786 - INFO - HTTP Request: POST http://localhost:11434/v1/chat/completions "HTTP/1.1 200 OK"
2025-11-16 19:49:52,563 - INFO - HTTP Request: POST http://localhost:11434/v1/chat/completions "HTTP/1.1 200 OK"
2025-11-16 19:49:56,383 - INFO - HTTP Request: POST http://localhost:11434/v1/chat/completions "HTTP/1.1 200 OK"
2025-11-16 19:50:01,934 - INFO - HTTP Request: POST http://localhost:11434/v1/chat/completions "HTTP/1.1 200 OK"
2025-11-16 19:50:05,661 - INFO - HTTP Request: POST http://localhost:11434/v1/chat/completions "HTTP/1.1 200 OK"
2025-11-16 19:50:09,578 - INFO - HTTP Request: POST http://localhost:11434/v1/chat/completions "HTTP/1.1 200 OK"
2025-11-16 19:50:13,650 - INFO - HTTP Request: POST http://localhost:11434/v1/chat/completions "HTTP/1.1 200 OK"
2025-11-16 19:50:18,129 - INFO - HTTP Request: POST http://localhost:11434/v1/chat/completions "HTTP/1.1 200 OK"
2025-11-16 19:50:22,403 - INFO - HTTP Request: POST http://localhost:11434/v1/chat/completions "HTTP/1.1 200 OK"
2025-11-16 19:50:27,637 - INFO - HTTP Request: POST http://localhost:11434/v1/chat/completions "HTTP/1.1 200 OK"
2025-11-16 19:50:31,999 - INFO - HTTP Request: POST http://localhost:11434/v1/chat/completions "HTTP/1.1 200 OK"
2025-11-16 19:50:35,544 - INFO - HTTP Request: POST http://localhost:11434/v1/chat/completions "HTTP/1.1 200 OK"
2025-11-16 19:50:39,970 - INFO - HTTP Request: POST http://localhost:11434/v1/chat/completions "HTTP/1.1 200 OK"
2025-11-16 19:50:45,535 - INFO - HTTP Request: POST http://localhost:11434/v1/chat/completions "HTTP/1.1 200 OK"
2025-11-16 19:50:49,620 - INFO - HTTP Request: POST http://localhost:11434/v1/chat/completions "HTTP/1.1 200 OK"
2025-11-16 19:50:53,462 - INFO - HTTP Request: POST http://localhost:11434/v1/chat/completions "HTTP/1.1 200 OK"
2025-11-16 19:50:57,562 - INFO - HTTP Request: POST http://localhost:11434/v1/chat/completions "HTTP/1.1 200 OK"
2025-11-16 19:51:01,389 - INFO - HTTP Request: POST http://localhost:11434/v1/chat/completions "HTTP/1.1 200 OK"
2025-11-16 19:51:06,273 - INFO - HTTP Request: POST http://localhost:11434/v1/chat/completions "HTTP/1.1 200 OK"
2025-11-16 19:51:11,123 - INFO - HTTP Request: POST http://localhost:11434/v1/chat/completions "HTTP/1.1 200 OK"
2025-11-16 19:51:16,149 - INFO - HTTP Request: POST http://localhost:11434/v1/chat/completions "HTTP/1.1 200 OK"
2025-11-16 19:51:20,501 - INFO - HTTP Request: POST http://localhost:11434/v1/chat/completions "HTTP/1.1 200 OK"
2025-11-16 19:51:25,085 - INFO - HTTP Request: POST http://localhost:11434/v1/chat/completions "HTTP/1.1 200 OK"
2025-11-16 19:51:31,171 - INFO - HTTP Request: POST http://localhost:11434/v1/chat/completions "HTTP/1.1 200 OK"
2025-11-16 19:51:36,045 - INFO - HTTP Request: POST http://localhost:11434/v1/chat/completions "HTTP/1.1 200 OK"
2025-11-16 19:51:39,151 - INFO - HTTP Request: POST http://localhost:11434/v1/chat/completions "HTTP/1.1 200 OK"
2025-11-16 19:51:43,888 - INFO - HTTP Request: POST http://localhost:11434/v1/chat/completions "HTTP/1.1 200 OK"
2025-11-16 19:51:47,699 - INFO - HTTP Request: POST http://localhost:11434/v1/chat/completions "HTTP/1.1 200 OK"
2025-11-16 19:51:51,696 - INFO - HTTP Request: POST http://localhost:11434/v1/chat/completions "HTTP/1.1 200 OK"
2025-11-16 19:51:55,726 - INFO - HTTP Request: POST http://localhost:11434/v1/chat/completions "HTTP/1.1 200 OK"
2025-11-16 19:51:59,008 - INFO - HTTP Request: POST http://localhost:11434/v1/chat/completions "HTTP/1.1 200 OK"
2025-11-16 19:52:02,436 - INFO - HTTP Request: POST http://localhost:11434/v1/chat/completions "HTTP/1.1 200 OK"
2025-11-16 19:52:06,069 - INFO - HTTP Request: POST http://localhost:11434/v1/chat/completions "HTTP/1.1 200 OK"
2025-11-16 19:52:09,353 - INFO - HTTP Request: POST http://localhost:11434/v1/chat/completions "HTTP/1.1 200 OK"
2025-11-16 19:52:14,314 - INFO - HTTP Request: POST http://localhost:11434/v1/chat/completions "HTTP/1.1 200 OK"
2025-11-16 19:52:19,808 - INFO - HTTP Request: POST http://localhost:11434/v1/chat/completions "HTTP/1.1 200 OK"
2025-11-16 19:52:25,215 - INFO - HTTP Request: POST http://localhost:11434/v1/chat/completions "HTTP/1.1 200 OK"
2025-11-16 19:52:28,363 - INFO - HTTP Request: POST http://localhost:11434/v1/chat/completions "HTTP/1.1 200 OK"
2025-11-16 19:52:32,525 - INFO - HTTP Request: POST http://localhost:11434/v1/chat/completions "HTTP/1.1 200 OK"
2025-11-16 19:52:36,337 - INFO - HTTP Request: POST http://localhost:11434/v1/chat/completions "HTTP/1.1 200 OK"
2025-11-16 19:52:41,894 - INFO - HTTP Request: POST http://localhost:11434/v1/chat/completions "HTTP/1.1 200 OK"
2025-11-16 19:52:46,858 - INFO - HTTP Request: POST http://localhost:11434/v1/chat/completions "HTTP/1.1 200 OK"
2025-11-16 19:52:51,803 - INFO - HTTP Request: POST http://localhost:11434/v1/chat/completions "HTTP/1.1 200 OK"
2025-11-16 19:52:55,962 - INFO - HTTP Request: POST http://localhost:11434/v1/chat/completions "HTTP/1.1 200 OK"
2025-11-16 19:52:58,881 - INFO - HTTP Request: POST http://localhost:11434/v1/chat/completions "HTTP/1.1 200 OK"
2025-11-16 19:53:02,673 - INFO - HTTP Request: POST http://localhost:11434/v1/chat/completions "HTTP/1.1 200 OK"
2025-11-16 19:53:05,829 - INFO - HTTP Request: POST http://localhost:11434/v1/chat/completions "HTTP/1.1 200 OK"
2025-11-16 19:53:08,892 - INFO - HTTP Request: POST http://localhost:11434/v1/chat/completions "HTTP/1.1 200 OK"
2025-11-16 19:53:14,068 - INFO - HTTP Request: POST http://localhost:11434/v1/chat/completions "HTTP/1.1 200 OK"
2025-11-16 19:53:17,749 - INFO - HTTP Request: POST http://localhost:11434/v1/chat/completions "HTTP/1.1 200 OK"
2025-11-16 19:53:22,458 - INFO - HTTP Request: POST http://localhost:11434/v1/chat/completions "HTTP/1.1 200 OK"
2025-11-16 19:53:25,802 - INFO - HTTP Request: POST http://localhost:11434/v1/chat/completions "HTTP/1.1 200 OK"
2025-11-16 19:53:29,920 - INFO - HTTP Request: POST http://localhost:11434/v1/chat/completions "HTTP/1.1 200 OK"
2025-11-16 19:53:34,130 - INFO - HTTP Request: POST http://localhost:11434/v1/chat/completions "HTTP/1.1 200 OK"
2025-11-16 19:53:37,427 - INFO - HTTP Request: POST http://localhost:11434/v1/chat/completions "HTTP/1.1 200 OK"
2025-11-16 19:53:41,990 - INFO - HTTP Request: POST http://localhost:11434/v1/chat/completions "HTTP/1.1 200 OK"
2025-11-16 19:53:45,769 - INFO - HTTP Request: POST http://localhost:11434/v1/chat/completions "HTTP/1.1 200 OK"
2025-11-16 19:53:49,606 - INFO - HTTP Request: POST http://localhost:11434/v1/chat/completions "HTTP/1.1 200 OK"
2025-11-16 19:53:53,040 - INFO - HTTP Request: POST http://localhost:11434/v1/chat/completions "HTTP/1.1 200 OK"
2025-11-16 19:53:56,683 - INFO - HTTP Request: POST http://localhost:11434/v1/chat/completions "HTTP/1.1 200 OK"
2025-11-16 19:53:59,586 - INFO - HTTP Request: POST http://localhost:11434/v1/chat/completions "HTTP/1.1 200 OK"
2025-11-16 19:54:05,157 - INFO - HTTP Request: POST http://localhost:11434/v1/chat/completions "HTTP/1.1 200 OK"
2025-11-16 19:54:08,814 - INFO - HTTP Request: POST http://localhost:11434/v1/chat/completions "HTTP/1.1 200 OK"
2025-11-16 19:54:13,301 - INFO - HTTP Request: POST http://localhost:11434/v1/chat/completions "HTTP/1.1 200 OK"
2025-11-16 19:54:16,418 - INFO - HTTP Request: POST http://localhost:11434/v1/chat/completions "HTTP/1.1 200 OK"
2025-11-16 19:54:19,381 - INFO - HTTP Request: POST http://localhost:11434/v1/chat/completions "HTTP/1.1 200 OK"
2025-11-16 19:54:22,910 - INFO - HTTP Request: POST http://localhost:11434/v1/chat/completions "HTTP/1.1 200 OK"
2025-11-16 19:54:27,281 - INFO - HTTP Request: POST http://localhost:11434/v1/chat/completions "HTTP/1.1 200 OK"
2025-11-16 19:54:31,679 - INFO - HTTP Request: POST http://localhost:11434/v1/chat/completions "HTTP/1.1 200 OK"
2025-11-16 19:54:35,549 - INFO - HTTP Request: POST http://localhost:11434/v1/chat/completions "HTTP/1.1 200 OK"
2025-11-16 19:54:39,948 - INFO - HTTP Request: POST http://localhost:11434/v1/chat/completions "HTTP/1.1 200 OK"
2025-11-16 19:54:44,265 - INFO - HTTP Request: POST http://localhost:11434/v1/chat/completions "HTTP/1.1 200 OK"
2025-11-16 19:54:48,720 - INFO - HTTP Request: POST http://localhost:11434/v1/chat/completions "HTTP/1.1 200 OK"
2025-11-16 19:54:52,269 - INFO - HTTP Request: POST http://localhost:11434/v1/chat/completions "HTTP/1.1 200 OK"
2025-11-16 19:54:54,472 - INFO - HTTP Request: POST http://localhost:11434/v1/chat/completions "HTTP/1.1 200 OK"
2025-11-16 19:54:59,123 - INFO - HTTP Request: POST http://localhost:11434/v1/chat/completions "HTTP/1.1 200 OK"
2025-11-16 19:55:03,334 - INFO - HTTP Request: POST http://localhost:11434/v1/chat/completions "HTTP/1.1 200 OK"
2025-11-16 19:55:08,804 - INFO - HTTP Request: POST http://localhost:11434/v1/chat/completions "HTTP/1.1 200 OK"
2025-11-16 19:55:12,042 - INFO - HTTP Request: POST http://localhost:11434/v1/chat/completions "HTTP/1.1 200 OK"
2025-11-16 19:55:17,517 - INFO - HTTP Request: POST http://localhost:11434/v1/chat/completions "HTTP/1.1 200 OK"
2025-11-16 19:55:20,855 - INFO - HTTP Request: POST http://localhost:11434/v1/chat/completions "HTTP/1.1 200 OK"
2025-11-16 19:55:26,415 - INFO - HTTP Request: POST http://localhost:11434/v1/chat/completions "HTTP/1.1 200 OK"
2025-11-16 19:55:31,046 - INFO - HTTP Request: POST http://localhost:11434/v1/chat/completions "HTTP/1.1 200 OK"
2025-11-16 19:55:34,866 - INFO - HTTP Request: POST http://localhost:11434/v1/chat/completions "HTTP/1.1 200 OK"
2025-11-16 19:55:39,737 - INFO - HTTP Request: POST http://localhost:11434/v1/chat/completions "HTTP/1.1 200 OK"
2025-11-16 19:55:43,042 - INFO - HTTP Request: POST http://localhost:11434/v1/chat/completions "HTTP/1.1 200 OK"
2025-11-16 19:55:46,783 - INFO - HTTP Request: POST http://localhost:11434/v1/chat/completions "HTTP/1.1 200 OK"
2025-11-16 19:55:50,482 - INFO - HTTP Request: POST http://localhost:11434/v1/chat/completions "HTTP/1.1 200 OK"
2025-11-16 19:55:55,036 - INFO - HTTP Request: POST http://localhost:11434/v1/chat/completions "HTTP/1.1 200 OK"
2025-11-16 19:55:59,950 - INFO - HTTP Request: POST http://localhost:11434/v1/chat/completions "HTTP/1.1 200 OK"
2025-11-16 19:56:03,504 - INFO - HTTP Request: POST http://localhost:11434/v1/chat/completions "HTTP/1.1 200 OK"
2025-11-16 19:56:08,056 - INFO - HTTP Request: POST http://localhost:11434/v1/chat/completions "HTTP/1.1 200 OK"
2025-11-16 19:56:11,661 - INFO - HTTP Request: POST http://localhost:11434/v1/chat/completions "HTTP/1.1 200 OK"
2025-11-16 19:56:17,874 - INFO - HTTP Request: POST http://localhost:11434/v1/chat/completions "HTTP/1.1 200 OK"
2025-11-16 19:56:21,012 - INFO - HTTP Request: POST http://localhost:11434/v1/chat/completions "HTTP/1.1 200 OK"
2025-11-16 19:56:23,870 - INFO - HTTP Request: POST http://localhost:11434/v1/chat/completions "HTTP/1.1 200 OK"
2025-11-16 19:56:31,064 - INFO - HTTP Request: POST http://localhost:11434/v1/chat/completions "HTTP/1.1 200 OK"
2025-11-16 19:56:34,369 - INFO - HTTP Request: POST http://localhost:11434/v1/chat/completions "HTTP/1.1 200 OK"
2025-11-16 19:56:37,804 - INFO - HTTP Request: POST http://localhost:11434/v1/chat/completions "HTTP/1.1 200 OK"
2025-11-16 19:56:41,391 - INFO - HTTP Request: POST http://localhost:11434/v1/chat/completions "HTTP/1.1 200 OK"
2025-11-16 19:56:45,070 - INFO - HTTP Request: POST http://localhost:11434/v1/chat/completions "HTTP/1.1 200 OK"
2025-11-16 19:56:49,624 - INFO - HTTP Request: POST http://localhost:11434/v1/chat/completions "HTTP/1.1 200 OK"
2025-11-16 19:56:52,682 - INFO - HTTP Request: POST http://localhost:11434/v1/chat/completions "HTTP/1.1 200 OK"
2025-11-16 19:56:56,357 - INFO - HTTP Request: POST http://localhost:11434/v1/chat/completions "HTTP/1.1 200 OK"
2025-11-16 19:57:01,069 - INFO - HTTP Request: POST http://localhost:11434/v1/chat/completions "HTTP/1.1 200 OK"
2025-11-16 19:57:06,101 - INFO - HTTP Request: POST http://localhost:11434/v1/chat/completions "HTTP/1.1 200 OK"
2025-11-16 19:57:10,495 - INFO - HTTP Request: POST http://localhost:11434/v1/chat/completions "HTTP/1.1 200 OK"
2025-11-16 19:57:15,141 - INFO - HTTP Request: POST http://localhost:11434/v1/chat/completions "HTTP/1.1 200 OK"
2025-11-16 19:57:18,235 - INFO - HTTP Request: POST http://localhost:11434/v1/chat/completions "HTTP/1.1 200 OK"
2025-11-16 19:57:22,053 - INFO - HTTP Request: POST http://localhost:11434/v1/chat/completions "HTTP/1.1 200 OK"
2025-11-16 19:57:27,717 - INFO - HTTP Request: POST http://localhost:11434/v1/chat/completions "HTTP/1.1 200 OK"
2025-11-16 19:57:31,637 - INFO - HTTP Request: POST http://localhost:11434/v1/chat/completions "HTTP/1.1 200 OK"
2025-11-16 19:57:37,234 - INFO - HTTP Request: POST http://localhost:11434/v1/chat/completions "HTTP/1.1 200 OK"
2025-11-16 19:57:40,322 - INFO - HTTP Request: POST http://localhost:11434/v1/chat/completions "HTTP/1.1 200 OK"
2025-11-16 19:57:44,723 - INFO - HTTP Request: POST http://localhost:11434/v1/chat/completions "HTTP/1.1 200 OK"
2025-11-16 19:57:49,911 - INFO - HTTP Request: POST http://localhost:11434/v1/chat/completions "HTTP/1.1 200 OK"
2025-11-16 19:57:56,050 - INFO - HTTP Request: POST http://localhost:11434/v1/chat/completions "HTTP/1.1 200 OK"
2025-11-16 19:57:58,781 - INFO - HTTP Request: POST http://localhost:11434/v1/chat/completions "HTTP/1.1 200 OK"
2025-11-16 19:58:02,529 - INFO - HTTP Request: POST http://localhost:11434/v1/chat/completions "HTTP/1.1 200 OK"
2025-11-16 19:58:05,784 - INFO - HTTP Request: POST http://localhost:11434/v1/chat/completions "HTTP/1.1 200 OK"
2025-11-16 19:58:10,467 - INFO - HTTP Request: POST http://localhost:11434/v1/chat/completions "HTTP/1.1 200 OK"
2025-11-16 19:58:14,127 - INFO - HTTP Request: POST http://localhost:11434/v1/chat/completions "HTTP/1.1 200 OK"
2025-11-16 19:58:17,433 - INFO - HTTP Request: POST http://localhost:11434/v1/chat/completions "HTTP/1.1 200 OK"
2025-11-16 19:58:22,434 - INFO - HTTP Request: POST http://localhost:11434/v1/chat/completions "HTTP/1.1 200 OK"
2025-11-16 19:58:26,423 - INFO - HTTP Request: POST http://localhost:11434/v1/chat/completions "HTTP/1.1 200 OK"
2025-11-16 19:58:30,791 - INFO - HTTP Request: POST http://localhost:11434/v1/chat/completions "HTTP/1.1 200 OK"
2025-11-16 19:58:37,647 - INFO - HTTP Request: POST http://localhost:11434/v1/chat/completions "HTTP/1.1 200 OK"
2025-11-16 19:58:41,289 - INFO - HTTP Request: POST http://localhost:11434/v1/chat/completions "HTTP/1.1 200 OK"
2025-11-16 19:58:47,096 - INFO - HTTP Request: POST http://localhost:11434/v1/chat/completions "HTTP/1.1 200 OK"
2025-11-16 19:58:51,975 - INFO - HTTP Request: POST http://localhost:11434/v1/chat/completions "HTTP/1.1 200 OK"
2025-11-16 19:58:57,056 - INFO - HTTP Request: POST http://localhost:11434/v1/chat/completions "HTTP/1.1 200 OK"
2025-11-16 19:59:00,399 - INFO - HTTP Request: POST http://localhost:11434/v1/chat/completions "HTTP/1.1 200 OK"
2025-11-16 19:59:05,897 - INFO - HTTP Request: POST http://localhost:11434/v1/chat/completions "HTTP/1.1 200 OK"
2025-11-16 19:59:09,487 - INFO - HTTP Request: POST http://localhost:11434/v1/chat/completions "HTTP/1.1 200 OK"
2025-11-16 19:59:14,315 - INFO - HTTP Request: POST http://localhost:11434/v1/chat/completions "HTTP/1.1 200 OK"
2025-11-16 19:59:17,654 - INFO - HTTP Request: POST http://localhost:11434/v1/chat/completions "HTTP/1.1 200 OK"
2025-11-16 19:59:22,542 - INFO - HTTP Request: POST http://localhost:11434/v1/chat/completions "HTTP/1.1 200 OK"
2025-11-16 19:59:27,614 - INFO - HTTP Request: POST http://localhost:11434/v1/chat/completions "HTTP/1.1 200 OK"
2025-11-16 19:59:32,178 - INFO - HTTP Request: POST http://localhost:11434/v1/chat/completions "HTTP/1.1 200 OK"
2025-11-16 19:59:36,817 - INFO - HTTP Request: POST http://localhost:11434/v1/chat/completions "HTTP/1.1 200 OK"
2025-11-16 19:59:40,497 - INFO - HTTP Request: POST http://localhost:11434/v1/chat/completions "HTTP/1.1 200 OK"
2025-11-16 19:59:44,661 - INFO - HTTP Request: POST http://localhost:11434/v1/chat/completions "HTTP/1.1 200 OK"
2025-11-16 19:59:48,766 - INFO - HTTP Request: POST http://localhost:11434/v1/chat/completions "HTTP/1.1 200 OK"
2025-11-16 19:59:52,722 - INFO - HTTP Request: POST http://localhost:11434/v1/chat/completions "HTTP/1.1 200 OK"
2025-11-16 19:59:56,825 - INFO - HTTP Request: POST http://localhost:11434/v1/chat/completions "HTTP/1.1 200 OK"
2025-11-16 20:00:01,494 - INFO - HTTP Request: POST http://localhost:11434/v1/chat/completions "HTTP/1.1 200 OK"
2025-11-16 20:00:08,997 - INFO - HTTP Request: POST http://localhost:11434/v1/chat/completions "HTTP/1.1 200 OK"
2025-11-16 20:00:13,020 - INFO - HTTP Request: POST http://localhost:11434/v1/chat/completions "HTTP/1.1 200 OK"
2025-11-16 20:00:16,889 - INFO - HTTP Request: POST http://localhost:11434/v1/chat/completions "HTTP/1.1 200 OK"
2025-11-16 20:00:20,770 - INFO - HTTP Request: POST http://localhost:11434/v1/chat/completions "HTTP/1.1 200 OK"
2025-11-16 20:00:25,227 - INFO - HTTP Request: POST http://localhost:11434/v1/chat/completions "HTTP/1.1 200 OK"
2025-11-16 20:00:28,408 - INFO - HTTP Request: POST http://localhost:11434/v1/chat/completions "HTTP/1.1 200 OK"
2025-11-16 20:00:32,560 - INFO - HTTP Request: POST http://localhost:11434/v1/chat/completions "HTTP/1.1 200 OK"
2025-11-16 20:00:35,324 - INFO - HTTP Request: POST http://localhost:11434/v1/chat/completions "HTTP/1.1 200 OK"
2025-11-16 20:00:39,089 - INFO - HTTP Request: POST http://localhost:11434/v1/chat/completions "HTTP/1.1 200 OK"
2025-11-16 20:00:44,282 - INFO - HTTP Request: POST http://localhost:11434/v1/chat/completions "HTTP/1.1 200 OK"
2025-11-16 20:00:48,271 - INFO - HTTP Request: POST http://localhost:11434/v1/chat/completions "HTTP/1.1 200 OK"
2025-11-16 20:00:52,114 - INFO - HTTP Request: POST http://localhost:11434/v1/chat/completions "HTTP/1.1 200 OK"
2025-11-16 20:00:57,091 - INFO - HTTP Request: POST http://localhost:11434/v1/chat/completions "HTTP/1.1 200 OK"
2025-11-16 20:01:00,099 - INFO - HTTP Request: POST http://localhost:11434/v1/chat/completions "HTTP/1.1 200 OK"
2025-11-16 20:01:03,683 - INFO - HTTP Request: POST http://localhost:11434/v1/chat/completions "HTTP/1.1 200 OK"
2025-11-16 20:01:06,869 - INFO - HTTP Request: POST http://localhost:11434/v1/chat/completions "HTTP/1.1 200 OK"
2025-11-16 20:01:10,015 - INFO - HTTP Request: POST http://localhost:11434/v1/chat/completions "HTTP/1.1 200 OK"
2025-11-16 20:01:14,073 - INFO - HTTP Request: POST http://localhost:11434/v1/chat/completions "HTTP/1.1 200 OK"
2025-11-16 20:01:16,931 - INFO - HTTP Request: POST http://localhost:11434/v1/chat/completions "HTTP/1.1 200 OK"
2025-11-16 20:01:19,654 - INFO - HTTP Request: POST http://localhost:11434/v1/chat/completions "HTTP/1.1 200 OK"
2025-11-16 20:01:23,712 - INFO - HTTP Request: POST http://localhost:11434/v1/chat/completions "HTTP/1.1 200 OK"
2025-11-16 20:01:26,859 - INFO - HTTP Request: POST http://localhost:11434/v1/chat/completions "HTTP/1.1 200 OK"
2025-11-16 20:01:31,126 - INFO - HTTP Request: POST http://localhost:11434/v1/chat/completions "HTTP/1.1 200 OK"
2025-11-16 20:01:35,144 - INFO - HTTP Request: POST http://localhost:11434/v1/chat/completions "HTTP/1.1 200 OK"
2025-11-16 20:01:38,774 - INFO - HTTP Request: POST http://localhost:11434/v1/chat/completions "HTTP/1.1 200 OK"
2025-11-16 20:01:42,134 - INFO - HTTP Request: POST http://localhost:11434/v1/chat/completions "HTTP/1.1 200 OK"
2025-11-16 20:01:45,986 - INFO - HTTP Request: POST http://localhost:11434/v1/chat/completions "HTTP/1.1 200 OK"
2025-11-16 20:01:49,562 - INFO - HTTP Request: POST http://localhost:11434/v1/chat/completions "HTTP/1.1 200 OK"
2025-11-16 20:01:53,115 - INFO - HTTP Request: POST http://localhost:11434/v1/chat/completions "HTTP/1.1 200 OK"
2025-11-16 20:01:56,724 - INFO - HTTP Request: POST http://localhost:11434/v1/chat/completions "HTTP/1.1 200 OK"
2025-11-16 20:02:00,079 - INFO - HTTP Request: POST http://localhost:11434/v1/chat/completions "HTTP/1.1 200 OK"
2025-11-16 20:02:03,819 - INFO - HTTP Request: POST http://localhost:11434/v1/chat/completions "HTTP/1.1 200 OK"
2025-11-16 20:02:07,073 - INFO - HTTP Request: POST http://localhost:11434/v1/chat/completions "HTTP/1.1 200 OK"
2025-11-16 20:02:10,170 - INFO - HTTP Request: POST http://localhost:11434/v1/chat/completions "HTTP/1.1 200 OK"
2025-11-16 20:02:13,334 - INFO - HTTP Request: POST http://localhost:11434/v1/chat/completions "HTTP/1.1 200 OK"
2025-11-16 20:02:16,385 - INFO - HTTP Request: POST http://localhost:11434/v1/chat/completions "HTTP/1.1 200 OK"
2025-11-16 20:02:21,506 - INFO - HTTP Request: POST http://localhost:11434/v1/chat/completions "HTTP/1.1 200 OK"
2025-11-16 20:02:24,613 - INFO - HTTP Request: POST http://localhost:11434/v1/chat/completions "HTTP/1.1 200 OK"
2025-11-16 20:02:29,255 - INFO - HTTP Request: POST http://localhost:11434/v1/chat/completions "HTTP/1.1 200 OK"
2025-11-16 20:02:33,333 - INFO - HTTP Request: POST http://localhost:11434/v1/chat/completions "HTTP/1.1 200 OK"
2025-11-16 20:02:36,816 - INFO - HTTP Request: POST http://localhost:11434/v1/chat/completions "HTTP/1.1 200 OK"
2025-11-16 20:02:40,048 - INFO - HTTP Request: POST http://localhost:11434/v1/chat/completions "HTTP/1.1 200 OK"
2025-11-16 20:02:43,247 - INFO - HTTP Request: POST http://localhost:11434/v1/chat/completions "HTTP/1.1 200 OK"
2025-11-16 20:02:46,432 - INFO - HTTP Request: POST http://localhost:11434/v1/chat/completions "HTTP/1.1 200 OK"
2025-11-16 20:02:47,923 - INFO - HTTP Request: POST http://localhost:11434/v1/chat/completions "HTTP/1.1 200 OK"
2025-11-16 20:02:51,838 - INFO - HTTP Request: POST http://localhost:11434/v1/chat/completions "HTTP/1.1 200 OK"
2025-11-16 20:02:55,629 - INFO - HTTP Request: POST http://localhost:11434/v1/chat/completions "HTTP/1.1 200 OK"
2025-11-16 20:02:59,302 - INFO - HTTP Request: POST http://localhost:11434/v1/chat/completions "HTTP/1.1 200 OK"
2025-11-16 20:03:03,663 - INFO - HTTP Request: POST http://localhost:11434/v1/chat/completions "HTTP/1.1 200 OK"
2025-11-16 20:03:08,031 - INFO - HTTP Request: POST http://localhost:11434/v1/chat/completions "HTTP/1.1 200 OK"
2025-11-16 20:03:12,293 - INFO - HTTP Request: POST http://localhost:11434/v1/chat/completions "HTTP/1.1 200 OK"
2025-11-16 20:03:17,229 - INFO - HTTP Request: POST http://localhost:11434/v1/chat/completions "HTTP/1.1 200 OK"
2025-11-16 20:03:21,091 - INFO - HTTP Request: POST http://localhost:11434/v1/chat/completions "HTTP/1.1 200 OK"
2025-11-16 20:03:25,051 - INFO - HTTP Request: POST http://localhost:11434/v1/chat/completions "HTTP/1.1 200 OK"
2025-11-16 20:03:29,028 - INFO - HTTP Request: POST http://localhost:11434/v1/chat/completions "HTTP/1.1 200 OK"
2025-11-16 20:03:32,797 - INFO - HTTP Request: POST http://localhost:11434/v1/chat/completions "HTTP/1.1 200 OK"
2025-11-16 20:03:36,776 - INFO - HTTP Request: POST http://localhost:11434/v1/chat/completions "HTTP/1.1 200 OK"
2025-11-16 20:03:41,528 - INFO - HTTP Request: POST http://localhost:11434/v1/chat/completions "HTTP/1.1 200 OK"
2025-11-16 20:03:44,291 - INFO - HTTP Request: POST http://localhost:11434/v1/chat/completions "HTTP/1.1 200 OK"
2025-11-16 20:03:48,076 - INFO - HTTP Request: POST http://localhost:11434/v1/chat/completions "HTTP/1.1 200 OK"
2025-11-16 20:03:51,377 - INFO - HTTP Request: POST http://localhost:11434/v1/chat/completions "HTTP/1.1 200 OK"
2025-11-16 20:03:55,500 - INFO - HTTP Request: POST http://localhost:11434/v1/chat/completions "HTTP/1.1 200 OK"
2025-11-16 20:03:59,222 - INFO - HTTP Request: POST http://localhost:11434/v1/chat/completions "HTTP/1.1 200 OK"
2025-11-16 20:04:02,042 - INFO - HTTP Request: POST http://localhost:11434/v1/chat/completions "HTTP/1.1 200 OK"
2025-11-16 20:04:05,486 - INFO - HTTP Request: POST http://localhost:11434/v1/chat/completions "HTTP/1.1 200 OK"
2025-11-16 20:04:09,490 - INFO - HTTP Request: POST http://localhost:11434/v1/chat/completions "HTTP/1.1 200 OK"
2025-11-16 20:04:12,541 - INFO - HTTP Request: POST http://localhost:11434/v1/chat/completions "HTTP/1.1 200 OK"
2025-11-16 20:04:16,175 - INFO - HTTP Request: POST http://localhost:11434/v1/chat/completions "HTTP/1.1 200 OK"
2025-11-16 20:04:19,096 - INFO - HTTP Request: POST http://localhost:11434/v1/chat/completions "HTTP/1.1 200 OK"
2025-11-16 20:04:21,755 - INFO - HTTP Request: POST http://localhost:11434/v1/chat/completions "HTTP/1.1 200 OK"
2025-11-16 20:04:25,925 - INFO - HTTP Request: POST http://localhost:11434/v1/chat/completions "HTTP/1.1 200 OK"
2025-11-16 20:04:29,941 - INFO - HTTP Request: POST http://localhost:11434/v1/chat/completions "HTTP/1.1 200 OK"
2025-11-16 20:04:33,871 - INFO - HTTP Request: POST http://localhost:11434/v1/chat/completions "HTTP/1.1 200 OK"
2025-11-16 20:04:37,767 - INFO - HTTP Request: POST http://localhost:11434/v1/chat/completions "HTTP/1.1 200 OK"
2025-11-16 20:04:44,067 - INFO - HTTP Request: POST http://localhost:11434/v1/chat/completions "HTTP/1.1 200 OK"
2025-11-16 20:04:48,669 - INFO - HTTP Request: POST http://localhost:11434/v1/chat/completions "HTTP/1.1 200 OK"
2025-11-16 20:04:51,640 - INFO - HTTP Request: POST http://localhost:11434/v1/chat/completions "HTTP/1.1 200 OK"
2025-11-16 20:04:55,070 - INFO - HTTP Request: POST http://localhost:11434/v1/chat/completions "HTTP/1.1 200 OK"
2025-11-16 20:04:57,978 - INFO - HTTP Request: POST http://localhost:11434/v1/chat/completions "HTTP/1.1 200 OK"
2025-11-16 20:05:02,042 - INFO - HTTP Request: POST http://localhost:11434/v1/chat/completions "HTTP/1.1 200 OK"
2025-11-16 20:05:05,114 - INFO - HTTP Request: POST http://localhost:11434/v1/chat/completions "HTTP/1.1 200 OK"
2025-11-16 20:05:08,156 - INFO - HTTP Request: POST http://localhost:11434/v1/chat/completions "HTTP/1.1 200 OK"
2025-11-16 20:05:12,720 - INFO - HTTP Request: POST http://localhost:11434/v1/chat/completions "HTTP/1.1 200 OK"
2025-11-16 20:05:18,043 - INFO - HTTP Request: POST http://localhost:11434/v1/chat/completions "HTTP/1.1 200 OK"
2025-11-16 20:05:22,093 - INFO - HTTP Request: POST http://localhost:11434/v1/chat/completions "HTTP/1.1 200 OK"
2025-11-16 20:05:26,123 - INFO - HTTP Request: POST http://localhost:11434/v1/chat/completions "HTTP/1.1 200 OK"
2025-11-16 20:05:29,654 - INFO - HTTP Request: POST http://localhost:11434/v1/chat/completions "HTTP/1.1 200 OK"
2025-11-16 20:05:35,378 - INFO - HTTP Request: POST http://localhost:11434/v1/chat/completions "HTTP/1.1 200 OK"
2025-11-16 20:05:38,907 - INFO - HTTP Request: POST http://localhost:11434/v1/chat/completions "HTTP/1.1 200 OK"
2025-11-16 20:05:42,243 - INFO - HTTP Request: POST http://localhost:11434/v1/chat/completions "HTTP/1.1 200 OK"
2025-11-16 20:05:46,110 - INFO - HTTP Request: POST http://localhost:11434/v1/chat/completions "HTTP/1.1 200 OK"
2025-11-16 20:05:51,846 - INFO - HTTP Request: POST http://localhost:11434/v1/chat/completions "HTTP/1.1 200 OK"
2025-11-16 20:05:55,779 - INFO - HTTP Request: POST http://localhost:11434/v1/chat/completions "HTTP/1.1 200 OK"
2025-11-16 20:05:58,643 - INFO - HTTP Request: POST http://localhost:11434/v1/chat/completions "HTTP/1.1 200 OK"
2025-11-16 20:06:02,384 - INFO - HTTP Request: POST http://localhost:11434/v1/chat/completions "HTTP/1.1 200 OK"
2025-11-16 20:06:06,114 - INFO - HTTP Request: POST http://localhost:11434/v1/chat/completions "HTTP/1.1 200 OK"
2025-11-16 20:06:09,990 - INFO - HTTP Request: POST http://localhost:11434/v1/chat/completions "HTTP/1.1 200 OK"
2025-11-16 20:06:15,208 - INFO - HTTP Request: POST http://localhost:11434/v1/chat/completions "HTTP/1.1 200 OK"
2025-11-16 20:06:20,243 - INFO - HTTP Request: POST http://localhost:11434/v1/chat/completions "HTTP/1.1 200 OK"
2025-11-16 20:06:25,022 - INFO - HTTP Request: POST http://localhost:11434/v1/chat/completions "HTTP/1.1 200 OK"
2025-11-16 20:06:28,653 - INFO - HTTP Request: POST http://localhost:11434/v1/chat/completions "HTTP/1.1 200 OK"
2025-11-16 20:06:32,902 - INFO - HTTP Request: POST http://localhost:11434/v1/chat/completions "HTTP/1.1 200 OK"
2025-11-16 20:06:35,911 - INFO - HTTP Request: POST http://localhost:11434/v1/chat/completions "HTTP/1.1 200 OK"
2025-11-16 20:06:38,938 - INFO - HTTP Request: POST http://localhost:11434/v1/chat/completions "HTTP/1.1 200 OK"
2025-11-16 20:06:42,280 - INFO - HTTP Request: POST http://localhost:11434/v1/chat/completions "HTTP/1.1 200 OK"
2025-11-16 20:06:46,728 - INFO - HTTP Request: POST http://localhost:11434/v1/chat/completions "HTTP/1.1 200 OK"
2025-11-16 20:06:50,544 - INFO - HTTP Request: POST http://localhost:11434/v1/chat/completions "HTTP/1.1 200 OK"
2025-11-16 20:06:53,883 - INFO - HTTP Request: POST http://localhost:11434/v1/chat/completions "HTTP/1.1 200 OK"
2025-11-16 20:07:00,208 - INFO - HTTP Request: POST http://localhost:11434/v1/chat/completions "HTTP/1.1 200 OK"
2025-11-16 20:07:04,366 - INFO - HTTP Request: POST http://localhost:11434/v1/chat/completions "HTTP/1.1 200 OK"
2025-11-16 20:07:10,213 - INFO - HTTP Request: POST http://localhost:11434/v1/chat/completions "HTTP/1.1 200 OK"
2025-11-16 20:07:14,728 - INFO - HTTP Request: POST http://localhost:11434/v1/chat/completions "HTTP/1.1 200 OK"
2025-11-16 20:07:18,667 - INFO - HTTP Request: POST http://localhost:11434/v1/chat/completions "HTTP/1.1 200 OK"
2025-11-16 20:07:23,263 - INFO - HTTP Request: POST http://localhost:11434/v1/chat/completions "HTTP/1.1 200 OK"
2025-11-16 20:07:26,300 - INFO - HTTP Request: POST http://localhost:11434/v1/chat/completions "HTTP/1.1 200 OK"
2025-11-16 20:07:28,395 - INFO - HTTP Request: POST http://localhost:11434/v1/chat/completions "HTTP/1.1 200 OK"
2025-11-16 20:07:31,834 - INFO - HTTP Request: POST http://localhost:11434/v1/chat/completions "HTTP/1.1 200 OK"
2025-11-16 20:07:37,155 - INFO - HTTP Request: POST http://localhost:11434/v1/chat/completions "HTTP/1.1 200 OK"
2025-11-16 20:07:42,669 - INFO - HTTP Request: POST http://localhost:11434/v1/chat/completions "HTTP/1.1 200 OK"
2025-11-16 20:07:45,380 - INFO - HTTP Request: POST http://localhost:11434/v1/chat/completions "HTTP/1.1 200 OK"
2025-11-16 20:07:49,531 - INFO - HTTP Request: POST http://localhost:11434/v1/chat/completions "HTTP/1.1 200 OK"
2025-11-16 20:07:52,533 - INFO - HTTP Request: POST http://localhost:11434/v1/chat/completions "HTTP/1.1 200 OK"
2025-11-16 20:07:57,942 - INFO - HTTP Request: POST http://localhost:11434/v1/chat/completions "HTTP/1.1 200 OK"
2025-11-16 20:08:01,618 - INFO - HTTP Request: POST http://localhost:11434/v1/chat/completions "HTTP/1.1 200 OK"
2025-11-16 20:08:05,355 - INFO - HTTP Request: POST http://localhost:11434/v1/chat/completions "HTTP/1.1 200 OK"
2025-11-16 20:08:09,040 - INFO - HTTP Request: POST http://localhost:11434/v1/chat/completions "HTTP/1.1 200 OK"
2025-11-16 20:08:12,629 - INFO - HTTP Request: POST http://localhost:11434/v1/chat/completions "HTTP/1.1 200 OK"
2025-11-16 20:08:17,086 - INFO - HTTP Request: POST http://localhost:11434/v1/chat/completions "HTTP/1.1 200 OK"
2025-11-16 20:08:22,553 - INFO - HTTP Request: POST http://localhost:11434/v1/chat/completions "HTTP/1.1 200 OK"
2025-11-16 20:08:26,871 - INFO - HTTP Request: POST http://localhost:11434/v1/chat/completions "HTTP/1.1 200 OK"
2025-11-16 20:08:30,469 - INFO - HTTP Request: POST http://localhost:11434/v1/chat/completions "HTTP/1.1 200 OK"
2025-11-16 20:08:33,940 - INFO - HTTP Request: POST http://localhost:11434/v1/chat/completions "HTTP/1.1 200 OK"
2025-11-16 20:08:38,109 - INFO - HTTP Request: POST http://localhost:11434/v1/chat/completions "HTTP/1.1 200 OK"
2025-11-16 20:08:42,560 - INFO - HTTP Request: POST http://localhost:11434/v1/chat/completions "HTTP/1.1 200 OK"
2025-11-16 20:08:47,242 - INFO - HTTP Request: POST http://localhost:11434/v1/chat/completions "HTTP/1.1 200 OK"
2025-11-16 20:08:51,323 - INFO - HTTP Request: POST http://localhost:11434/v1/chat/completions "HTTP/1.1 200 OK"
2025-11-16 20:08:54,909 - INFO - HTTP Request: POST http://localhost:11434/v1/chat/completions "HTTP/1.1 200 OK"
2025-11-16 20:08:59,606 - INFO - HTTP Request: POST http://localhost:11434/v1/chat/completions "HTTP/1.1 200 OK"
2025-11-16 20:09:04,825 - INFO - HTTP Request: POST http://localhost:11434/v1/chat/completions "HTTP/1.1 200 OK"
2025-11-16 20:09:08,836 - INFO - HTTP Request: POST http://localhost:11434/v1/chat/completions "HTTP/1.1 200 OK"
2025-11-16 20:09:12,045 - INFO - HTTP Request: POST http://localhost:11434/v1/chat/completions "HTTP/1.1 200 OK"
2025-11-16 20:09:17,172 - INFO - HTTP Request: POST http://localhost:11434/v1/chat/completions "HTTP/1.1 200 OK"
2025-11-16 20:09:21,266 - INFO - HTTP Request: POST http://localhost:11434/v1/chat/completions "HTTP/1.1 200 OK"
2025-11-16 20:09:24,189 - INFO - HTTP Request: POST http://localhost:11434/v1/chat/completions "HTTP/1.1 200 OK"
2025-11-16 20:09:29,564 - INFO - HTTP Request: POST http://localhost:11434/v1/chat/completions "HTTP/1.1 200 OK"
2025-11-16 20:09:33,059 - INFO - HTTP Request: POST http://localhost:11434/v1/chat/completions "HTTP/1.1 200 OK"
2025-11-16 20:09:36,793 - INFO - HTTP Request: POST http://localhost:11434/v1/chat/completions "HTTP/1.1 200 OK"
2025-11-16 20:09:40,250 - INFO - HTTP Request: POST http://localhost:11434/v1/chat/completions "HTTP/1.1 200 OK"
2025-11-16 20:09:43,419 - INFO - HTTP Request: POST http://localhost:11434/v1/chat/completions "HTTP/1.1 200 OK"
2025-11-16 20:09:47,013 - INFO - HTTP Request: POST http://localhost:11434/v1/chat/completions "HTTP/1.1 200 OK"
2025-11-16 20:09:51,333 - INFO - HTTP Request: POST http://localhost:11434/v1/chat/completions "HTTP/1.1 200 OK"
2025-11-16 20:09:51,346 - WARNING - invalid syntax. Perhaps you forgot a comma? (<string>, line 2)
2025-11-16 20:09:54,958 - INFO - HTTP Request: POST http://localhost:11434/v1/chat/completions "HTTP/1.1 200 OK"
2025-11-16 20:09:58,548 - INFO - HTTP Request: POST http://localhost:11434/v1/chat/completions "HTTP/1.1 200 OK"
2025-11-16 20:10:04,256 - INFO - HTTP Request: POST http://localhost:11434/v1/chat/completions "HTTP/1.1 200 OK"
2025-11-16 20:10:08,186 - INFO - HTTP Request: POST http://localhost:11434/v1/chat/completions "HTTP/1.1 200 OK"
2025-11-16 20:10:12,733 - INFO - HTTP Request: POST http://localhost:11434/v1/chat/completions "HTTP/1.1 200 OK"
2025-11-16 20:10:15,902 - INFO - HTTP Request: POST http://localhost:11434/v1/chat/completions "HTTP/1.1 200 OK"
2025-11-16 20:10:19,838 - INFO - HTTP Request: POST http://localhost:11434/v1/chat/completions "HTTP/1.1 200 OK"
2025-11-16 20:10:26,890 - INFO - HTTP Request: POST http://localhost:11434/v1/chat/completions "HTTP/1.1 200 OK"
2025-11-16 20:10:31,934 - INFO - HTTP Request: POST http://localhost:11434/v1/chat/completions "HTTP/1.1 200 OK"
2025-11-16 20:10:36,084 - INFO - HTTP Request: POST http://localhost:11434/v1/chat/completions "HTTP/1.1 200 OK"
2025-11-16 20:10:45,496 - INFO - HTTP Request: POST http://localhost:11434/v1/chat/completions "HTTP/1.1 200 OK"
2025-11-16 20:10:57,053 - INFO - HTTP Request: POST http://localhost:11434/v1/chat/completions "HTTP/1.1 200 OK"
2025-11-16 20:11:02,564 - INFO - HTTP Request: POST http://localhost:11434/v1/chat/completions "HTTP/1.1 200 OK"
2025-11-16 20:11:07,032 - INFO - HTTP Request: POST http://localhost:11434/v1/chat/completions "HTTP/1.1 200 OK"
2025-11-16 20:11:11,593 - INFO - HTTP Request: POST http://localhost:11434/v1/chat/completions "HTTP/1.1 200 OK"
2025-11-16 20:11:16,688 - INFO - HTTP Request: POST http://localhost:11434/v1/chat/completions "HTTP/1.1 200 OK"
2025-11-16 20:11:23,069 - INFO - HTTP Request: POST http://localhost:11434/v1/chat/completions "HTTP/1.1 200 OK"
2025-11-16 20:11:27,200 - INFO - HTTP Request: POST http://localhost:11434/v1/chat/completions "HTTP/1.1 200 OK"
2025-11-16 20:11:32,924 - INFO - HTTP Request: POST http://localhost:11434/v1/chat/completions "HTTP/1.1 200 OK"
2025-11-16 20:11:38,013 - INFO - HTTP Request: POST http://localhost:11434/v1/chat/completions "HTTP/1.1 200 OK"
2025-11-16 20:11:42,746 - INFO - HTTP Request: POST http://localhost:11434/v1/chat/completions "HTTP/1.1 200 OK"
2025-11-16 20:11:47,096 - INFO - HTTP Request: POST http://localhost:11434/v1/chat/completions "HTTP/1.1 200 OK"
2025-11-16 20:11:54,135 - INFO - HTTP Request: POST http://localhost:11434/v1/chat/completions "HTTP/1.1 200 OK"
2025-11-16 20:12:00,413 - INFO - HTTP Request: POST http://localhost:11434/v1/chat/completions "HTTP/1.1 200 OK"
2025-11-16 20:12:04,380 - INFO - HTTP Request: POST http://localhost:11434/v1/chat/completions "HTTP/1.1 200 OK"
2025-11-16 20:12:07,476 - INFO - HTTP Request: POST http://localhost:11434/v1/chat/completions "HTTP/1.1 200 OK"
2025-11-16 20:12:10,643 - INFO - HTTP Request: POST http://localhost:11434/v1/chat/completions "HTTP/1.1 200 OK"
2025-11-16 20:12:15,111 - INFO - HTTP Request: POST http://localhost:11434/v1/chat/completions "HTTP/1.1 200 OK"
2025-11-16 20:12:18,777 - INFO - HTTP Request: POST http://localhost:11434/v1/chat/completions "HTTP/1.1 200 OK"
2025-11-16 20:12:22,053 - INFO - HTTP Request: POST http://localhost:11434/v1/chat/completions "HTTP/1.1 200 OK"
2025-11-16 20:12:25,916 - INFO - HTTP Request: POST http://localhost:11434/v1/chat/completions "HTTP/1.1 200 OK"
2025-11-16 20:12:28,821 - INFO - HTTP Request: POST http://localhost:11434/v1/chat/completions "HTTP/1.1 200 OK"
2025-11-16 20:12:33,060 - INFO - HTTP Request: POST http://localhost:11434/v1/chat/completions "HTTP/1.1 200 OK"
2025-11-16 20:12:37,561 - INFO - HTTP Request: POST http://localhost:11434/v1/chat/completions "HTTP/1.1 200 OK"
2025-11-16 20:12:42,026 - INFO - HTTP Request: POST http://localhost:11434/v1/chat/completions "HTTP/1.1 200 OK"
2025-11-16 20:12:44,842 - INFO - HTTP Request: POST http://localhost:11434/v1/chat/completions "HTTP/1.1 200 OK"
2025-11-16 20:12:48,763 - INFO - HTTP Request: POST http://localhost:11434/v1/chat/completions "HTTP/1.1 200 OK"
2025-11-16 20:12:51,890 - INFO - HTTP Request: POST http://localhost:11434/v1/chat/completions "HTTP/1.1 200 OK"
2025-11-16 20:12:54,990 - INFO - HTTP Request: POST http://localhost:11434/v1/chat/completions "HTTP/1.1 200 OK"
2025-11-16 20:12:58,198 - INFO - HTTP Request: POST http://localhost:11434/v1/chat/completions "HTTP/1.1 200 OK"
2025-11-16 20:13:01,385 - INFO - HTTP Request: POST http://localhost:11434/v1/chat/completions "HTTP/1.1 200 OK"
2025-11-16 20:13:06,570 - INFO - HTTP Request: POST http://localhost:11434/v1/chat/completions "HTTP/1.1 200 OK"
2025-11-16 20:13:11,255 - INFO - HTTP Request: POST http://localhost:11434/v1/chat/completions "HTTP/1.1 200 OK"
2025-11-16 20:13:15,941 - INFO - HTTP Request: POST http://localhost:11434/v1/chat/completions "HTTP/1.1 200 OK"
2025-11-16 20:13:19,915 - INFO - HTTP Request: POST http://localhost:11434/v1/chat/completions "HTTP/1.1 200 OK"
2025-11-16 20:13:23,801 - INFO - HTTP Request: POST http://localhost:11434/v1/chat/completions "HTTP/1.1 200 OK"
2025-11-16 20:13:28,107 - INFO - HTTP Request: POST http://localhost:11434/v1/chat/completions "HTTP/1.1 200 OK"
2025-11-16 20:13:32,618 - INFO - HTTP Request: POST http://localhost:11434/v1/chat/completions "HTTP/1.1 200 OK"
2025-11-16 20:13:36,069 - INFO - HTTP Request: POST http://localhost:11434/v1/chat/completions "HTTP/1.1 200 OK"
2025-11-16 20:13:39,812 - INFO - HTTP Request: POST http://localhost:11434/v1/chat/completions "HTTP/1.1 200 OK"
2025-11-16 20:13:44,664 - INFO - HTTP Request: POST http://localhost:11434/v1/chat/completions "HTTP/1.1 200 OK"
2025-11-16 20:13:48,827 - INFO - HTTP Request: POST http://localhost:11434/v1/chat/completions "HTTP/1.1 200 OK"
2025-11-16 20:13:51,685 - INFO - HTTP Request: POST http://localhost:11434/v1/chat/completions "HTTP/1.1 200 OK"
2025-11-16 20:13:54,490 - INFO - HTTP Request: POST http://localhost:11434/v1/chat/completions "HTTP/1.1 200 OK"
2025-11-16 20:13:58,259 - INFO - HTTP Request: POST http://localhost:11434/v1/chat/completions "HTTP/1.1 200 OK"
2025-11-16 20:14:01,364 - INFO - HTTP Request: POST http://localhost:11434/v1/chat/completions "HTTP/1.1 200 OK"
2025-11-16 20:14:06,969 - INFO - HTTP Request: POST http://localhost:11434/v1/chat/completions "HTTP/1.1 200 OK"
2025-11-16 20:14:10,964 - INFO - HTTP Request: POST http://localhost:11434/v1/chat/completions "HTTP/1.1 200 OK"
2025-11-16 20:14:14,887 - INFO - HTTP Request: POST http://localhost:11434/v1/chat/completions "HTTP/1.1 200 OK"
2025-11-16 20:14:19,043 - INFO - HTTP Request: POST http://localhost:11434/v1/chat/completions "HTTP/1.1 200 OK"
2025-11-16 20:14:23,035 - INFO - HTTP Request: POST http://localhost:11434/v1/chat/completions "HTTP/1.1 200 OK"
2025-11-16 20:14:26,819 - INFO - HTTP Request: POST http://localhost:11434/v1/chat/completions "HTTP/1.1 200 OK"
2025-11-16 20:14:30,540 - INFO - HTTP Request: POST http://localhost:11434/v1/chat/completions "HTTP/1.1 200 OK"
2025-11-16 20:14:33,543 - INFO - HTTP Request: POST http://localhost:11434/v1/chat/completions "HTTP/1.1 200 OK"
2025-11-16 20:14:35,993 - INFO - HTTP Request: POST http://localhost:11434/v1/chat/completions "HTTP/1.1 200 OK"
2025-11-16 20:14:39,683 - INFO - HTTP Request: POST http://localhost:11434/v1/chat/completions "HTTP/1.1 200 OK"
2025-11-16 20:14:43,063 - INFO - HTTP Request: POST http://localhost:11434/v1/chat/completions "HTTP/1.1 200 OK"
2025-11-16 20:14:46,787 - INFO - HTTP Request: POST http://localhost:11434/v1/chat/completions "HTTP/1.1 200 OK"
2025-11-16 20:14:50,244 - INFO - HTTP Request: POST http://localhost:11434/v1/chat/completions "HTTP/1.1 200 OK"
2025-11-16 20:14:56,518 - INFO - HTTP Request: POST http://localhost:11434/v1/chat/completions "HTTP/1.1 200 OK"
2025-11-16 20:15:00,699 - INFO - HTTP Request: POST http://localhost:11434/v1/chat/completions "HTTP/1.1 200 OK"
2025-11-16 20:15:04,179 - INFO - HTTP Request: POST http://localhost:11434/v1/chat/completions "HTTP/1.1 200 OK"
2025-11-16 20:15:07,791 - INFO - HTTP Request: POST http://localhost:11434/v1/chat/completions "HTTP/1.1 200 OK"
2025-11-16 20:15:10,573 - INFO - HTTP Request: POST http://localhost:11434/v1/chat/completions "HTTP/1.1 200 OK"
2025-11-16 20:15:13,825 - INFO - HTTP Request: POST http://localhost:11434/v1/chat/completions "HTTP/1.1 200 OK"
2025-11-16 20:15:18,283 - INFO - HTTP Request: POST http://localhost:11434/v1/chat/completions "HTTP/1.1 200 OK"
2025-11-16 20:15:23,513 - INFO - HTTP Request: POST http://localhost:11434/v1/chat/completions "HTTP/1.1 200 OK"
2025-11-16 20:15:26,998 - INFO - HTTP Request: POST http://localhost:11434/v1/chat/completions "HTTP/1.1 200 OK"
2025-11-16 20:15:29,730 - INFO - HTTP Request: POST http://localhost:11434/v1/chat/completions "HTTP/1.1 200 OK"
2025-11-16 20:15:33,385 - INFO - HTTP Request: POST http://localhost:11434/v1/chat/completions "HTTP/1.1 200 OK"
2025-11-16 20:15:37,770 - INFO - HTTP Request: POST http://localhost:11434/v1/chat/completions "HTTP/1.1 200 OK"
2025-11-16 20:15:41,408 - INFO - HTTP Request: POST http://localhost:11434/v1/chat/completions "HTTP/1.1 200 OK"
2025-11-16 20:15:46,400 - INFO - HTTP Request: POST http://localhost:11434/v1/chat/completions "HTTP/1.1 200 OK"
2025-11-16 20:15:49,592 - INFO - HTTP Request: POST http://localhost:11434/v1/chat/completions "HTTP/1.1 200 OK"
2025-11-16 20:15:53,812 - INFO - HTTP Request: POST http://localhost:11434/v1/chat/completions "HTTP/1.1 200 OK"
2025-11-16 20:15:57,016 - INFO - HTTP Request: POST http://localhost:11434/v1/chat/completions "HTTP/1.1 200 OK"
2025-11-16 20:16:00,405 - INFO - HTTP Request: POST http://localhost:11434/v1/chat/completions "HTTP/1.1 200 OK"
2025-11-16 20:16:04,814 - INFO - HTTP Request: POST http://localhost:11434/v1/chat/completions "HTTP/1.1 200 OK"
2025-11-16 20:16:08,171 - INFO - HTTP Request: POST http://localhost:11434/v1/chat/completions "HTTP/1.1 200 OK"
2025-11-16 20:16:11,032 - INFO - HTTP Request: POST http://localhost:11434/v1/chat/completions "HTTP/1.1 200 OK"
2025-11-16 20:16:15,247 - INFO - HTTP Request: POST http://localhost:11434/v1/chat/completions "HTTP/1.1 200 OK"
2025-11-16 20:16:19,070 - INFO - HTTP Request: POST http://localhost:11434/v1/chat/completions "HTTP/1.1 200 OK"
2025-11-16 20:16:23,333 - INFO - HTTP Request: POST http://localhost:11434/v1/chat/completions "HTTP/1.1 200 OK"
2025-11-16 20:16:26,316 - INFO - HTTP Request: POST http://localhost:11434/v1/chat/completions "HTTP/1.1 200 OK"
2025-11-16 20:16:30,246 - INFO - HTTP Request: POST http://localhost:11434/v1/chat/completions "HTTP/1.1 200 OK"
2025-11-16 20:16:34,154 - INFO - HTTP Request: POST http://localhost:11434/v1/chat/completions "HTTP/1.1 200 OK"
2025-11-16 20:16:38,341 - INFO - HTTP Request: POST http://localhost:11434/v1/chat/completions "HTTP/1.1 200 OK"
2025-11-16 20:16:41,894 - INFO - HTTP Request: POST http://localhost:11434/v1/chat/completions "HTTP/1.1 200 OK"
2025-11-16 20:16:46,222 - INFO - HTTP Request: POST http://localhost:11434/v1/chat/completions "HTTP/1.1 200 OK"
2025-11-16 20:16:52,287 - INFO - HTTP Request: POST http://localhost:11434/v1/chat/completions "HTTP/1.1 200 OK"
2025-11-16 20:16:55,969 - INFO - HTTP Request: POST http://localhost:11434/v1/chat/completions "HTTP/1.1 200 OK"
2025-11-16 20:16:59,825 - INFO - HTTP Request: POST http://localhost:11434/v1/chat/completions "HTTP/1.1 200 OK"
2025-11-16 20:17:04,452 - INFO - HTTP Request: POST http://localhost:11434/v1/chat/completions "HTTP/1.1 200 OK"
2025-11-16 20:17:07,847 - INFO - HTTP Request: POST http://localhost:11434/v1/chat/completions "HTTP/1.1 200 OK"
2025-11-16 20:17:11,458 - INFO - HTTP Request: POST http://localhost:11434/v1/chat/completions "HTTP/1.1 200 OK"
2025-11-16 20:17:14,808 - INFO - HTTP Request: POST http://localhost:11434/v1/chat/completions "HTTP/1.1 200 OK"
2025-11-16 20:17:18,108 - INFO - HTTP Request: POST http://localhost:11434/v1/chat/completions "HTTP/1.1 200 OK"
2025-11-16 20:17:21,803 - INFO - HTTP Request: POST http://localhost:11434/v1/chat/completions "HTTP/1.1 200 OK"
2025-11-16 20:17:24,709 - INFO - HTTP Request: POST http://localhost:11434/v1/chat/completions "HTTP/1.1 200 OK"
2025-11-16 20:17:28,369 - INFO - HTTP Request: POST http://localhost:11434/v1/chat/completions "HTTP/1.1 200 OK"
2025-11-16 20:17:32,571 - INFO - HTTP Request: POST http://localhost:11434/v1/chat/completions "HTTP/1.1 200 OK"
2025-11-16 20:17:36,738 - INFO - HTTP Request: POST http://localhost:11434/v1/chat/completions "HTTP/1.1 200 OK"
2025-11-16 20:17:41,058 - INFO - HTTP Request: POST http://localhost:11434/v1/chat/completions "HTTP/1.1 200 OK"
2025-11-16 20:17:44,773 - INFO - HTTP Request: POST http://localhost:11434/v1/chat/completions "HTTP/1.1 200 OK"
2025-11-16 20:17:48,481 - INFO - HTTP Request: POST http://localhost:11434/v1/chat/completions "HTTP/1.1 200 OK"
2025-11-16 20:17:53,101 - INFO - HTTP Request: POST http://localhost:11434/v1/chat/completions "HTTP/1.1 200 OK"
2025-11-16 20:17:56,479 - INFO - HTTP Request: POST http://localhost:11434/v1/chat/completions "HTTP/1.1 200 OK"
2025-11-16 20:18:01,199 - INFO - HTTP Request: POST http://localhost:11434/v1/chat/completions "HTTP/1.1 200 OK"
2025-11-16 20:18:06,146 - INFO - HTTP Request: POST http://localhost:11434/v1/chat/completions "HTTP/1.1 200 OK"
2025-11-16 20:18:10,043 - INFO - HTTP Request: POST http://localhost:11434/v1/chat/completions "HTTP/1.1 200 OK"
2025-11-16 20:18:14,671 - INFO - HTTP Request: POST http://localhost:11434/v1/chat/completions "HTTP/1.1 200 OK"
2025-11-16 20:18:19,905 - INFO - HTTP Request: POST http://localhost:11434/v1/chat/completions "HTTP/1.1 200 OK"
2025-11-16 20:18:22,812 - INFO - HTTP Request: POST http://localhost:11434/v1/chat/completions "HTTP/1.1 200 OK"
2025-11-16 20:18:27,914 - INFO - HTTP Request: POST http://localhost:11434/v1/chat/completions "HTTP/1.1 200 OK"
2025-11-16 20:18:31,509 - INFO - HTTP Request: POST http://localhost:11434/v1/chat/completions "HTTP/1.1 200 OK"
2025-11-16 20:18:33,906 - INFO - HTTP Request: POST http://localhost:11434/v1/chat/completions "HTTP/1.1 200 OK"
2025-11-16 20:18:36,309 - INFO - HTTP Request: POST http://localhost:11434/v1/chat/completions "HTTP/1.1 200 OK"
2025-11-16 20:18:42,416 - INFO - HTTP Request: POST http://localhost:11434/v1/chat/completions "HTTP/1.1 200 OK"
2025-11-16 20:18:46,568 - INFO - HTTP Request: POST http://localhost:11434/v1/chat/completions "HTTP/1.1 200 OK"
2025-11-16 20:18:50,363 - INFO - HTTP Request: POST http://localhost:11434/v1/chat/completions "HTTP/1.1 200 OK"
2025-11-16 20:18:53,956 - INFO - HTTP Request: POST http://localhost:11434/v1/chat/completions "HTTP/1.1 200 OK"
2025-11-16 20:18:57,061 - INFO - HTTP Request: POST http://localhost:11434/v1/chat/completions "HTTP/1.1 200 OK"
2025-11-16 20:19:00,722 - INFO - HTTP Request: POST http://localhost:11434/v1/chat/completions "HTTP/1.1 200 OK"
2025-11-16 20:19:05,656 - INFO - HTTP Request: POST http://localhost:11434/v1/chat/completions "HTTP/1.1 200 OK"
2025-11-16 20:19:09,957 - INFO - HTTP Request: POST http://localhost:11434/v1/chat/completions "HTTP/1.1 200 OK"
2025-11-16 20:19:15,463 - INFO - HTTP Request: POST http://localhost:11434/v1/chat/completions "HTTP/1.1 200 OK"
2025-11-16 20:19:19,335 - INFO - HTTP Request: POST http://localhost:11434/v1/chat/completions "HTTP/1.1 200 OK"
2025-11-16 20:19:23,301 - INFO - HTTP Request: POST http://localhost:11434/v1/chat/completions "HTTP/1.1 200 OK"
2025-11-16 20:19:27,212 - INFO - HTTP Request: POST http://localhost:11434/v1/chat/completions "HTTP/1.1 200 OK"
2025-11-16 20:19:32,052 - INFO - HTTP Request: POST http://localhost:11434/v1/chat/completions "HTTP/1.1 200 OK"
2025-11-16 20:19:35,342 - INFO - HTTP Request: POST http://localhost:11434/v1/chat/completions "HTTP/1.1 200 OK"
2025-11-16 20:19:40,590 - INFO - HTTP Request: POST http://localhost:11434/v1/chat/completions "HTTP/1.1 200 OK"
2025-11-16 20:19:43,561 - INFO - HTTP Request: POST http://localhost:11434/v1/chat/completions "HTTP/1.1 200 OK"
2025-11-16 20:19:46,569 - INFO - HTTP Request: POST http://localhost:11434/v1/chat/completions "HTTP/1.1 200 OK"
2025-11-16 20:19:49,635 - INFO - HTTP Request: POST http://localhost:11434/v1/chat/completions "HTTP/1.1 200 OK"
2025-11-16 20:19:53,763 - INFO - HTTP Request: POST http://localhost:11434/v1/chat/completions "HTTP/1.1 200 OK"
2025-11-16 20:19:57,650 - INFO - HTTP Request: POST http://localhost:11434/v1/chat/completions "HTTP/1.1 200 OK"
2025-11-16 20:20:01,387 - INFO - HTTP Request: POST http://localhost:11434/v1/chat/completions "HTTP/1.1 200 OK"
2025-11-16 20:20:07,240 - INFO - HTTP Request: POST http://localhost:11434/v1/chat/completions "HTTP/1.1 200 OK"
2025-11-16 20:20:11,495 - INFO - HTTP Request: POST http://localhost:11434/v1/chat/completions "HTTP/1.1 200 OK"
2025-11-16 20:20:16,066 - INFO - HTTP Request: POST http://localhost:11434/v1/chat/completions "HTTP/1.1 200 OK"
2025-11-16 20:20:19,087 - INFO - HTTP Request: POST http://localhost:11434/v1/chat/completions "HTTP/1.1 200 OK"
2025-11-16 20:20:23,837 - INFO - HTTP Request: POST http://localhost:11434/v1/chat/completions "HTTP/1.1 200 OK"
2025-11-16 20:20:29,364 - INFO - HTTP Request: POST http://localhost:11434/v1/chat/completions "HTTP/1.1 200 OK"
2025-11-16 20:20:32,753 - INFO - HTTP Request: POST http://localhost:11434/v1/chat/completions "HTTP/1.1 200 OK"
2025-11-16 20:20:36,237 - INFO - HTTP Request: POST http://localhost:11434/v1/chat/completions "HTTP/1.1 200 OK"
2025-11-16 20:20:39,468 - INFO - HTTP Request: POST http://localhost:11434/v1/chat/completions "HTTP/1.1 200 OK"
2025-11-16 20:20:42,030 - INFO - HTTP Request: POST http://localhost:11434/v1/chat/completions "HTTP/1.1 200 OK"
2025-11-16 20:20:45,872 - INFO - HTTP Request: POST http://localhost:11434/v1/chat/completions "HTTP/1.1 200 OK"
2025-11-16 20:20:49,109 - INFO - HTTP Request: POST http://localhost:11434/v1/chat/completions "HTTP/1.1 200 OK"
2025-11-16 20:20:53,254 - INFO - HTTP Request: POST http://localhost:11434/v1/chat/completions "HTTP/1.1 200 OK"
2025-11-16 20:20:56,990 - INFO - HTTP Request: POST http://localhost:11434/v1/chat/completions "HTTP/1.1 200 OK"
2025-11-16 20:21:01,358 - INFO - HTTP Request: POST http://localhost:11434/v1/chat/completions "HTTP/1.1 200 OK"
2025-11-16 20:21:06,610 - INFO - HTTP Request: POST http://localhost:11434/v1/chat/completions "HTTP/1.1 200 OK"
2025-11-16 20:21:10,989 - INFO - HTTP Request: POST http://localhost:11434/v1/chat/completions "HTTP/1.1 200 OK"
2025-11-16 20:21:16,043 - INFO - HTTP Request: POST http://localhost:11434/v1/chat/completions "HTTP/1.1 200 OK"
2025-11-16 20:21:19,419 - INFO - HTTP Request: POST http://localhost:11434/v1/chat/completions "HTTP/1.1 200 OK"
2025-11-16 20:21:22,161 - INFO - HTTP Request: POST http://localhost:11434/v1/chat/completions "HTTP/1.1 200 OK"
2025-11-16 20:21:26,311 - INFO - HTTP Request: POST http://localhost:11434/v1/chat/completions "HTTP/1.1 200 OK"
2025-11-16 20:21:29,717 - INFO - HTTP Request: POST http://localhost:11434/v1/chat/completions "HTTP/1.1 200 OK"
2025-11-16 20:21:32,545 - INFO - HTTP Request: POST http://localhost:11434/v1/chat/completions "HTTP/1.1 200 OK"
2025-11-16 20:21:37,640 - INFO - HTTP Request: POST http://localhost:11434/v1/chat/completions "HTTP/1.1 200 OK"
2025-11-16 20:21:40,759 - INFO - HTTP Request: POST http://localhost:11434/v1/chat/completions "HTTP/1.1 200 OK"
2025-11-16 20:21:44,826 - INFO - HTTP Request: POST http://localhost:11434/v1/chat/completions "HTTP/1.1 200 OK"
2025-11-16 20:21:49,046 - INFO - HTTP Request: POST http://localhost:11434/v1/chat/completions "HTTP/1.1 200 OK"
2025-11-16 20:21:55,567 - INFO - HTTP Request: POST http://localhost:11434/v1/chat/completions "HTTP/1.1 200 OK"
2025-11-16 20:21:59,734 - INFO - HTTP Request: POST http://localhost:11434/v1/chat/completions "HTTP/1.1 200 OK"
2025-11-16 20:22:02,556 - INFO - HTTP Request: POST http://localhost:11434/v1/chat/completions "HTTP/1.1 200 OK"
2025-11-16 20:22:06,951 - INFO - HTTP Request: POST http://localhost:11434/v1/chat/completions "HTTP/1.1 200 OK"
2025-11-16 20:22:12,868 - INFO - HTTP Request: POST http://localhost:11434/v1/chat/completions "HTTP/1.1 200 OK"
2025-11-16 20:22:17,680 - INFO - HTTP Request: POST http://localhost:11434/v1/chat/completions "HTTP/1.1 200 OK"
2025-11-16 20:22:21,177 - INFO - HTTP Request: POST http://localhost:11434/v1/chat/completions "HTTP/1.1 200 OK"
2025-11-16 20:22:24,616 - INFO - HTTP Request: POST http://localhost:11434/v1/chat/completions "HTTP/1.1 200 OK"
2025-11-16 20:22:28,258 - INFO - HTTP Request: POST http://localhost:11434/v1/chat/completions "HTTP/1.1 200 OK"
2025-11-16 20:22:32,061 - INFO - HTTP Request: POST http://localhost:11434/v1/chat/completions "HTTP/1.1 200 OK"
2025-11-16 20:22:37,254 - INFO - HTTP Request: POST http://localhost:11434/v1/chat/completions "HTTP/1.1 200 OK"
2025-11-16 20:22:40,252 - INFO - HTTP Request: POST http://localhost:11434/v1/chat/completions "HTTP/1.1 200 OK"
2025-11-16 20:22:44,566 - INFO - HTTP Request: POST http://localhost:11434/v1/chat/completions "HTTP/1.1 200 OK"
2025-11-16 20:22:49,188 - INFO - HTTP Request: POST http://localhost:11434/v1/chat/completions "HTTP/1.1 200 OK"
2025-11-16 20:22:52,735 - INFO - HTTP Request: POST http://localhost:11434/v1/chat/completions "HTTP/1.1 200 OK"
2025-11-16 20:22:55,935 - INFO - HTTP Request: POST http://localhost:11434/v1/chat/completions "HTTP/1.1 200 OK"
2025-11-16 20:22:59,165 - INFO - HTTP Request: POST http://localhost:11434/v1/chat/completions "HTTP/1.1 200 OK"
2025-11-16 20:23:03,976 - INFO - HTTP Request: POST http://localhost:11434/v1/chat/completions "HTTP/1.1 200 OK"
2025-11-16 20:23:08,276 - INFO - HTTP Request: POST http://localhost:11434/v1/chat/completions "HTTP/1.1 200 OK"
2025-11-16 20:23:11,052 - INFO - HTTP Request: POST http://localhost:11434/v1/chat/completions "HTTP/1.1 200 OK"
2025-11-16 20:23:15,381 - INFO - HTTP Request: POST http://localhost:11434/v1/chat/completions "HTTP/1.1 200 OK"
2025-11-16 20:23:19,130 - INFO - HTTP Request: POST http://localhost:11434/v1/chat/completions "HTTP/1.1 200 OK"
2025-11-16 20:23:25,359 - INFO - HTTP Request: POST http://localhost:11434/v1/chat/completions "HTTP/1.1 200 OK"
2025-11-16 20:23:30,435 - INFO - HTTP Request: POST http://localhost:11434/v1/chat/completions "HTTP/1.1 200 OK"
2025-11-16 20:23:33,849 - INFO - HTTP Request: POST http://localhost:11434/v1/chat/completions "HTTP/1.1 200 OK"
2025-11-16 20:23:38,415 - INFO - HTTP Request: POST http://localhost:11434/v1/chat/completions "HTTP/1.1 200 OK"
2025-11-16 20:23:45,424 - INFO - HTTP Request: POST http://localhost:11434/v1/chat/completions "HTTP/1.1 200 OK"
2025-11-16 20:23:50,927 - INFO - HTTP Request: POST http://localhost:11434/v1/chat/completions "HTTP/1.1 200 OK"
2025-11-16 20:23:54,470 - INFO - HTTP Request: POST http://localhost:11434/v1/chat/completions "HTTP/1.1 200 OK"
2025-11-16 20:23:58,314 - INFO - HTTP Request: POST http://localhost:11434/v1/chat/completions "HTTP/1.1 200 OK"
2025-11-16 20:24:03,216 - INFO - HTTP Request: POST http://localhost:11434/v1/chat/completions "HTTP/1.1 200 OK"
2025-11-16 20:24:06,968 - INFO - HTTP Request: POST http://localhost:11434/v1/chat/completions "HTTP/1.1 200 OK"
2025-11-16 20:24:11,350 - INFO - HTTP Request: POST http://localhost:11434/v1/chat/completions "HTTP/1.1 200 OK"
2025-11-16 20:24:15,373 - INFO - HTTP Request: POST http://localhost:11434/v1/chat/completions "HTTP/1.1 200 OK"
2025-11-16 20:24:19,303 - INFO - HTTP Request: POST http://localhost:11434/v1/chat/completions "HTTP/1.1 200 OK"
2025-11-16 20:24:24,102 - INFO - HTTP Request: POST http://localhost:11434/v1/chat/completions "HTTP/1.1 200 OK"
2025-11-16 20:24:28,568 - INFO - HTTP Request: POST http://localhost:11434/v1/chat/completions "HTTP/1.1 200 OK"
2025-11-16 20:24:33,225 - INFO - HTTP Request: POST http://localhost:11434/v1/chat/completions "HTTP/1.1 200 OK"
2025-11-16 20:24:36,344 - INFO - HTTP Request: POST http://localhost:11434/v1/chat/completions "HTTP/1.1 200 OK"
2025-11-16 20:24:40,615 - INFO - HTTP Request: POST http://localhost:11434/v1/chat/completions "HTTP/1.1 200 OK"
2025-11-16 20:24:46,388 - INFO - HTTP Request: POST http://localhost:11434/v1/chat/completions "HTTP/1.1 200 OK"
2025-11-16 20:24:51,328 - INFO - HTTP Request: POST http://localhost:11434/v1/chat/completions "HTTP/1.1 200 OK"
2025-11-16 20:24:55,503 - INFO - HTTP Request: POST http://localhost:11434/v1/chat/completions "HTTP/1.1 200 OK"
2025-11-16 20:24:58,677 - INFO - HTTP Request: POST http://localhost:11434/v1/chat/completions "HTTP/1.1 200 OK"
2025-11-16 20:25:03,036 - INFO - HTTP Request: POST http://localhost:11434/v1/chat/completions "HTTP/1.1 200 OK"
2025-11-16 20:25:06,908 - INFO - HTTP Request: POST http://localhost:11434/v1/chat/completions "HTTP/1.1 200 OK"
2025-11-16 20:25:10,164 - INFO - HTTP Request: POST http://localhost:11434/v1/chat/completions "HTTP/1.1 200 OK"
2025-11-16 20:25:13,309 - INFO - HTTP Request: POST http://localhost:11434/v1/chat/completions "HTTP/1.1 200 OK"
2025-11-16 20:25:17,029 - INFO - HTTP Request: POST http://localhost:11434/v1/chat/completions "HTTP/1.1 200 OK"
2025-11-16 20:25:22,456 - INFO - HTTP Request: POST http://localhost:11434/v1/chat/completions "HTTP/1.1 200 OK"
2025-11-16 20:25:26,109 - INFO - HTTP Request: POST http://localhost:11434/v1/chat/completions "HTTP/1.1 200 OK"
2025-11-16 20:25:29,897 - INFO - HTTP Request: POST http://localhost:11434/v1/chat/completions "HTTP/1.1 200 OK"
2025-11-16 20:25:34,404 - INFO - HTTP Request: POST http://localhost:11434/v1/chat/completions "HTTP/1.1 200 OK"
2025-11-16 20:25:37,386 - INFO - HTTP Request: POST http://localhost:11434/v1/chat/completions "HTTP/1.1 200 OK"
2025-11-16 20:25:40,212 - INFO - HTTP Request: POST http://localhost:11434/v1/chat/completions "HTTP/1.1 200 OK"
2025-11-16 20:25:45,203 - INFO - HTTP Request: POST http://localhost:11434/v1/chat/completions "HTTP/1.1 200 OK"
2025-11-16 20:25:48,671 - INFO - HTTP Request: POST http://localhost:11434/v1/chat/completions "HTTP/1.1 200 OK"
2025-11-16 20:25:51,791 - INFO - HTTP Request: POST http://localhost:11434/v1/chat/completions "HTTP/1.1 200 OK"
2025-11-16 20:25:54,910 - INFO - HTTP Request: POST http://localhost:11434/v1/chat/completions "HTTP/1.1 200 OK"
2025-11-16 20:25:58,166 - INFO - HTTP Request: POST http://localhost:11434/v1/chat/completions "HTTP/1.1 200 OK"
2025-11-16 20:26:01,944 - INFO - HTTP Request: POST http://localhost:11434/v1/chat/completions "HTTP/1.1 200 OK"
2025-11-16 20:26:08,119 - INFO - HTTP Request: POST http://localhost:11434/v1/chat/completions "HTTP/1.1 200 OK"
2025-11-16 20:26:12,745 - INFO - HTTP Request: POST http://localhost:11434/v1/chat/completions "HTTP/1.1 200 OK"
2025-11-16 20:26:17,618 - INFO - HTTP Request: POST http://localhost:11434/v1/chat/completions "HTTP/1.1 200 OK"
2025-11-16 20:26:23,433 - INFO - HTTP Request: POST http://localhost:11434/v1/chat/completions "HTTP/1.1 200 OK"
2025-11-16 20:26:27,783 - INFO - HTTP Request: POST http://localhost:11434/v1/chat/completions "HTTP/1.1 200 OK"
2025-11-16 20:26:33,260 - INFO - HTTP Request: POST http://localhost:11434/v1/chat/completions "HTTP/1.1 200 OK"
2025-11-16 20:26:38,539 - INFO - HTTP Request: POST http://localhost:11434/v1/chat/completions "HTTP/1.1 200 OK"
2025-11-16 20:26:42,926 - INFO - HTTP Request: POST http://localhost:11434/v1/chat/completions "HTTP/1.1 200 OK"
2025-11-16 20:26:48,543 - INFO - HTTP Request: POST http://localhost:11434/v1/chat/completions "HTTP/1.1 200 OK"
2025-11-16 20:26:51,939 - INFO - HTTP Request: POST http://localhost:11434/v1/chat/completions "HTTP/1.1 200 OK"
2025-11-16 20:26:55,476 - INFO - HTTP Request: POST http://localhost:11434/v1/chat/completions "HTTP/1.1 200 OK"
2025-11-16 20:26:59,690 - INFO - HTTP Request: POST http://localhost:11434/v1/chat/completions "HTTP/1.1 200 OK"
2025-11-16 20:27:03,480 - INFO - HTTP Request: POST http://localhost:11434/v1/chat/completions "HTTP/1.1 200 OK"
2025-11-16 20:27:07,193 - INFO - HTTP Request: POST http://localhost:11434/v1/chat/completions "HTTP/1.1 200 OK"
2025-11-16 20:27:12,305 - INFO - HTTP Request: POST http://localhost:11434/v1/chat/completions "HTTP/1.1 200 OK"
2025-11-16 20:27:17,658 - INFO - HTTP Request: POST http://localhost:11434/v1/chat/completions "HTTP/1.1 200 OK"
2025-11-16 20:27:21,217 - INFO - HTTP Request: POST http://localhost:11434/v1/chat/completions "HTTP/1.1 200 OK"
2025-11-16 20:27:24,900 - INFO - HTTP Request: POST http://localhost:11434/v1/chat/completions "HTTP/1.1 200 OK"
2025-11-16 20:27:28,251 - INFO - HTTP Request: POST http://localhost:11434/v1/chat/completions "HTTP/1.1 200 OK"
2025-11-16 20:27:31,596 - INFO - HTTP Request: POST http://localhost:11434/v1/chat/completions "HTTP/1.1 200 OK"
2025-11-16 20:27:36,625 - INFO - HTTP Request: POST http://localhost:11434/v1/chat/completions "HTTP/1.1 200 OK"
2025-11-16 20:27:41,411 - INFO - HTTP Request: POST http://localhost:11434/v1/chat/completions "HTTP/1.1 200 OK"
2025-11-16 20:27:46,981 - INFO - HTTP Request: POST http://localhost:11434/v1/chat/completions "HTTP/1.1 200 OK"
2025-11-16 20:27:51,555 - INFO - HTTP Request: POST http://localhost:11434/v1/chat/completions "HTTP/1.1 200 OK"
2025-11-16 20:27:55,499 - INFO - HTTP Request: POST http://localhost:11434/v1/chat/completions "HTTP/1.1 200 OK"
2025-11-16 20:27:58,983 - INFO - HTTP Request: POST http://localhost:11434/v1/chat/completions "HTTP/1.1 200 OK"
2025-11-16 20:28:04,719 - INFO - HTTP Request: POST http://localhost:11434/v1/chat/completions "HTTP/1.1 200 OK"
2025-11-16 20:28:07,779 - INFO - HTTP Request: POST http://localhost:11434/v1/chat/completions "HTTP/1.1 200 OK"
2025-11-16 20:28:11,838 - INFO - HTTP Request: POST http://localhost:11434/v1/chat/completions "HTTP/1.1 200 OK"
2025-11-16 20:28:17,168 - INFO - HTTP Request: POST http://localhost:11434/v1/chat/completions "HTTP/1.1 200 OK"
2025-11-16 20:28:22,297 - INFO - HTTP Request: POST http://localhost:11434/v1/chat/completions "HTTP/1.1 200 OK"
2025-11-16 20:28:26,380 - INFO - HTTP Request: POST http://localhost:11434/v1/chat/completions "HTTP/1.1 200 OK"
2025-11-16 20:28:29,300 - INFO - HTTP Request: POST http://localhost:11434/v1/chat/completions "HTTP/1.1 200 OK"
2025-11-16 20:28:33,330 - INFO - HTTP Request: POST http://localhost:11434/v1/chat/completions "HTTP/1.1 200 OK"
2025-11-16 20:28:37,408 - INFO - HTTP Request: POST http://localhost:11434/v1/chat/completions "HTTP/1.1 200 OK"
2025-11-16 20:28:42,925 - INFO - HTTP Request: POST http://localhost:11434/v1/chat/completions "HTTP/1.1 200 OK"
2025-11-16 20:28:46,951 - INFO - HTTP Request: POST http://localhost:11434/v1/chat/completions "HTTP/1.1 200 OK"
2025-11-16 20:28:51,811 - INFO - HTTP Request: POST http://localhost:11434/v1/chat/completions "HTTP/1.1 200 OK"
2025-11-16 20:28:55,845 - INFO - HTTP Request: POST http://localhost:11434/v1/chat/completions "HTTP/1.1 200 OK"
2025-11-16 20:29:00,685 - INFO - HTTP Request: POST http://localhost:11434/v1/chat/completions "HTTP/1.1 200 OK"
2025-11-16 20:29:07,272 - INFO - HTTP Request: POST http://localhost:11434/v1/chat/completions "HTTP/1.1 200 OK"
2025-11-16 20:29:11,003 - INFO - HTTP Request: POST http://localhost:11434/v1/chat/completions "HTTP/1.1 200 OK"
2025-11-16 20:29:13,743 - INFO - HTTP Request: POST http://localhost:11434/v1/chat/completions "HTTP/1.1 200 OK"
2025-11-16 20:29:18,555 - INFO - HTTP Request: POST http://localhost:11434/v1/chat/completions "HTTP/1.1 200 OK"
2025-11-16 20:29:22,911 - INFO - HTTP Request: POST http://localhost:11434/v1/chat/completions "HTTP/1.1 200 OK"
2025-11-16 20:29:27,609 - INFO - HTTP Request: POST http://localhost:11434/v1/chat/completions "HTTP/1.1 200 OK"
2025-11-16 20:29:31,003 - INFO - HTTP Request: POST http://localhost:11434/v1/chat/completions "HTTP/1.1 200 OK"
2025-11-16 20:29:34,834 - INFO - HTTP Request: POST http://localhost:11434/v1/chat/completions "HTTP/1.1 200 OK"
2025-11-16 20:29:38,943 - INFO - HTTP Request: POST http://localhost:11434/v1/chat/completions "HTTP/1.1 200 OK"
2025-11-16 20:29:42,621 - INFO - HTTP Request: POST http://localhost:11434/v1/chat/completions "HTTP/1.1 200 OK"
2025-11-16 20:29:47,703 - INFO - HTTP Request: POST http://localhost:11434/v1/chat/completions "HTTP/1.1 200 OK"
2025-11-16 20:29:52,356 - INFO - HTTP Request: POST http://localhost:11434/v1/chat/completions "HTTP/1.1 200 OK"
2025-11-16 20:29:55,847 - INFO - HTTP Request: POST http://localhost:11434/v1/chat/completions "HTTP/1.1 200 OK"
2025-11-16 20:30:00,188 - INFO - HTTP Request: POST http://localhost:11434/v1/chat/completions "HTTP/1.1 200 OK"
2025-11-16 20:30:03,579 - INFO - HTTP Request: POST http://localhost:11434/v1/chat/completions "HTTP/1.1 200 OK"
2025-11-16 20:30:08,471 - INFO - HTTP Request: POST http://localhost:11434/v1/chat/completions "HTTP/1.1 200 OK"
2025-11-16 20:30:12,396 - INFO - HTTP Request: POST http://localhost:11434/v1/chat/completions "HTTP/1.1 200 OK"
2025-11-16 20:30:16,025 - INFO - HTTP Request: POST http://localhost:11434/v1/chat/completions "HTTP/1.1 200 OK"
2025-11-16 20:30:19,602 - INFO - HTTP Request: POST http://localhost:11434/v1/chat/completions "HTTP/1.1 200 OK"
2025-11-16 20:30:23,247 - INFO - HTTP Request: POST http://localhost:11434/v1/chat/completions "HTTP/1.1 200 OK"
2025-11-16 20:30:26,573 - INFO - HTTP Request: POST http://localhost:11434/v1/chat/completions "HTTP/1.1 200 OK"
2025-11-16 20:30:30,307 - INFO - HTTP Request: POST http://localhost:11434/v1/chat/completions "HTTP/1.1 200 OK"
2025-11-16 20:30:33,737 - INFO - HTTP Request: POST http://localhost:11434/v1/chat/completions "HTTP/1.1 200 OK"
2025-11-16 20:30:37,787 - INFO - HTTP Request: POST http://localhost:11434/v1/chat/completions "HTTP/1.1 200 OK"
2025-11-16 20:30:41,024 - INFO - HTTP Request: POST http://localhost:11434/v1/chat/completions "HTTP/1.1 200 OK"
2025-11-16 20:30:45,263 - INFO - HTTP Request: POST http://localhost:11434/v1/chat/completions "HTTP/1.1 200 OK"
2025-11-16 20:30:49,765 - INFO - HTTP Request: POST http://localhost:11434/v1/chat/completions "HTTP/1.1 200 OK"
2025-11-16 20:30:52,475 - INFO - HTTP Request: POST http://localhost:11434/v1/chat/completions "HTTP/1.1 200 OK"
2025-11-16 20:30:56,133 - INFO - HTTP Request: POST http://localhost:11434/v1/chat/completions "HTTP/1.1 200 OK"
2025-11-16 20:30:59,630 - INFO - HTTP Request: POST http://localhost:11434/v1/chat/completions "HTTP/1.1 200 OK"
2025-11-16 20:31:03,385 - INFO - HTTP Request: POST http://localhost:11434/v1/chat/completions "HTTP/1.1 200 OK"
2025-11-16 20:31:07,202 - INFO - HTTP Request: POST http://localhost:11434/v1/chat/completions "HTTP/1.1 200 OK"
2025-11-16 20:31:11,142 - INFO - HTTP Request: POST http://localhost:11434/v1/chat/completions "HTTP/1.1 200 OK"
2025-11-16 20:31:15,557 - INFO - HTTP Request: POST http://localhost:11434/v1/chat/completions "HTTP/1.1 200 OK"
2025-11-16 20:31:19,347 - INFO - HTTP Request: POST http://localhost:11434/v1/chat/completions "HTTP/1.1 200 OK"
2025-11-16 20:31:23,616 - INFO - HTTP Request: POST http://localhost:11434/v1/chat/completions "HTTP/1.1 200 OK"
2025-11-16 20:31:28,316 - INFO - HTTP Request: POST http://localhost:11434/v1/chat/completions "HTTP/1.1 200 OK"
2025-11-16 20:31:31,508 - INFO - HTTP Request: POST http://localhost:11434/v1/chat/completions "HTTP/1.1 200 OK"
2025-11-16 20:31:34,958 - INFO - HTTP Request: POST http://localhost:11434/v1/chat/completions "HTTP/1.1 200 OK"
2025-11-16 20:31:38,429 - INFO - HTTP Request: POST http://localhost:11434/v1/chat/completions "HTTP/1.1 200 OK"
2025-11-16 20:31:41,866 - INFO - HTTP Request: POST http://localhost:11434/v1/chat/completions "HTTP/1.1 200 OK"
2025-11-16 20:31:44,916 - INFO - HTTP Request: POST http://localhost:11434/v1/chat/completions "HTTP/1.1 200 OK"
2025-11-16 20:31:49,202 - INFO - HTTP Request: POST http://localhost:11434/v1/chat/completions "HTTP/1.1 200 OK"
2025-11-16 20:31:52,731 - INFO - HTTP Request: POST http://localhost:11434/v1/chat/completions "HTTP/1.1 200 OK"
2025-11-16 20:31:56,576 - INFO - HTTP Request: POST http://localhost:11434/v1/chat/completions "HTTP/1.1 200 OK"
2025-11-16 20:32:00,541 - INFO - HTTP Request: POST http://localhost:11434/v1/chat/completions "HTTP/1.1 200 OK"
2025-11-16 20:32:05,219 - INFO - HTTP Request: POST http://localhost:11434/v1/chat/completions "HTTP/1.1 200 OK"
2025-11-16 20:32:09,282 - INFO - HTTP Request: POST http://localhost:11434/v1/chat/completions "HTTP/1.1 200 OK"
2025-11-16 20:32:11,658 - INFO - HTTP Request: POST http://localhost:11434/v1/chat/completions "HTTP/1.1 200 OK"
2025-11-16 20:32:15,398 - INFO - HTTP Request: POST http://localhost:11434/v1/chat/completions "HTTP/1.1 200 OK"
2025-11-16 20:32:19,894 - INFO - HTTP Request: POST http://localhost:11434/v1/chat/completions "HTTP/1.1 200 OK"
2025-11-16 20:32:23,318 - INFO - HTTP Request: POST http://localhost:11434/v1/chat/completions "HTTP/1.1 200 OK"
2025-11-16 20:32:28,501 - INFO - HTTP Request: POST http://localhost:11434/v1/chat/completions "HTTP/1.1 200 OK"
2025-11-16 20:32:33,501 - INFO - HTTP Request: POST http://localhost:11434/v1/chat/completions "HTTP/1.1 200 OK"
2025-11-16 20:32:37,655 - INFO - HTTP Request: POST http://localhost:11434/v1/chat/completions "HTTP/1.1 200 OK"
2025-11-16 20:32:41,515 - INFO - HTTP Request: POST http://localhost:11434/v1/chat/completions "HTTP/1.1 200 OK"
2025-11-16 20:32:46,276 - INFO - HTTP Request: POST http://localhost:11434/v1/chat/completions "HTTP/1.1 200 OK"
2025-11-16 20:32:50,537 - INFO - HTTP Request: POST http://localhost:11434/v1/chat/completions "HTTP/1.1 200 OK"
2025-11-16 20:32:54,648 - INFO - HTTP Request: POST http://localhost:11434/v1/chat/completions "HTTP/1.1 200 OK"
2025-11-16 20:32:57,663 - INFO - HTTP Request: POST http://localhost:11434/v1/chat/completions "HTTP/1.1 200 OK"
2025-11-16 20:33:01,383 - INFO - HTTP Request: POST http://localhost:11434/v1/chat/completions "HTTP/1.1 200 OK"
2025-11-16 20:33:05,640 - INFO - HTTP Request: POST http://localhost:11434/v1/chat/completions "HTTP/1.1 200 OK"
2025-11-16 20:33:10,457 - INFO - HTTP Request: POST http://localhost:11434/v1/chat/completions "HTTP/1.1 200 OK"
2025-11-16 20:33:14,552 - INFO - HTTP Request: POST http://localhost:11434/v1/chat/completions "HTTP/1.1 200 OK"
2025-11-16 20:33:19,479 - INFO - HTTP Request: POST http://localhost:11434/v1/chat/completions "HTTP/1.1 200 OK"
2025-11-16 20:33:23,194 - INFO - HTTP Request: POST http://localhost:11434/v1/chat/completions "HTTP/1.1 200 OK"
2025-11-16 20:33:29,292 - INFO - HTTP Request: POST http://localhost:11434/v1/chat/completions "HTTP/1.1 200 OK"
2025-11-16 20:33:35,985 - INFO - HTTP Request: POST http://localhost:11434/v1/chat/completions "HTTP/1.1 200 OK"
2025-11-16 20:33:39,514 - INFO - HTTP Request: POST http://localhost:11434/v1/chat/completions "HTTP/1.1 200 OK"
2025-11-16 20:33:43,713 - INFO - HTTP Request: POST http://localhost:11434/v1/chat/completions "HTTP/1.1 200 OK"
2025-11-16 20:33:46,859 - INFO - HTTP Request: POST http://localhost:11434/v1/chat/completions "HTTP/1.1 200 OK"
2025-11-16 20:33:51,386 - INFO - HTTP Request: POST http://localhost:11434/v1/chat/completions "HTTP/1.1 200 OK"
2025-11-16 20:33:54,439 - INFO - HTTP Request: POST http://localhost:11434/v1/chat/completions "HTTP/1.1 200 OK"
2025-11-16 20:33:58,911 - INFO - HTTP Request: POST http://localhost:11434/v1/chat/completions "HTTP/1.1 200 OK"
2025-11-16 20:34:02,847 - INFO - HTTP Request: POST http://localhost:11434/v1/chat/completions "HTTP/1.1 200 OK"
2025-11-16 20:34:08,178 - INFO - HTTP Request: POST http://localhost:11434/v1/chat/completions "HTTP/1.1 200 OK"
2025-11-16 20:34:11,171 - INFO - HTTP Request: POST http://localhost:11434/v1/chat/completions "HTTP/1.1 200 OK"
2025-11-16 20:34:15,734 - INFO - HTTP Request: POST http://localhost:11434/v1/chat/completions "HTTP/1.1 200 OK"
2025-11-16 20:34:19,166 - INFO - HTTP Request: POST http://localhost:11434/v1/chat/completions "HTTP/1.1 200 OK"
2025-11-16 20:34:23,829 - INFO - HTTP Request: POST http://localhost:11434/v1/chat/completions "HTTP/1.1 200 OK"
2025-11-16 20:34:27,576 - INFO - HTTP Request: POST http://localhost:11434/v1/chat/completions "HTTP/1.1 200 OK"
2025-11-16 20:34:31,085 - INFO - HTTP Request: POST http://localhost:11434/v1/chat/completions "HTTP/1.1 200 OK"
2025-11-16 20:34:37,652 - INFO - HTTP Request: POST http://localhost:11434/v1/chat/completions "HTTP/1.1 200 OK"
2025-11-16 20:34:41,875 - INFO - HTTP Request: POST http://localhost:11434/v1/chat/completions "HTTP/1.1 200 OK"
2025-11-16 20:34:46,135 - INFO - HTTP Request: POST http://localhost:11434/v1/chat/completions "HTTP/1.1 200 OK"
2025-11-16 20:34:50,801 - INFO - HTTP Request: POST http://localhost:11434/v1/chat/completions "HTTP/1.1 200 OK"
2025-11-16 20:34:55,213 - INFO - HTTP Request: POST http://localhost:11434/v1/chat/completions "HTTP/1.1 200 OK"
2025-11-16 20:34:59,614 - INFO - HTTP Request: POST http://localhost:11434/v1/chat/completions "HTTP/1.1 200 OK"
2025-11-16 20:35:03,589 - INFO - HTTP Request: POST http://localhost:11434/v1/chat/completions "HTTP/1.1 200 OK"
2025-11-16 20:35:07,761 - INFO - HTTP Request: POST http://localhost:11434/v1/chat/completions "HTTP/1.1 200 OK"
2025-11-16 20:35:11,345 - INFO - HTTP Request: POST http://localhost:11434/v1/chat/completions "HTTP/1.1 200 OK"
2025-11-16 20:35:15,275 - INFO - HTTP Request: POST http://localhost:11434/v1/chat/completions "HTTP/1.1 200 OK"
2025-11-16 20:35:19,139 - INFO - HTTP Request: POST http://localhost:11434/v1/chat/completions "HTTP/1.1 200 OK"
2025-11-16 20:35:23,876 - INFO - HTTP Request: POST http://localhost:11434/v1/chat/completions "HTTP/1.1 200 OK"
2025-11-16 20:35:27,614 - INFO - HTTP Request: POST http://localhost:11434/v1/chat/completions "HTTP/1.1 200 OK"
2025-11-16 20:35:32,612 - INFO - HTTP Request: POST http://localhost:11434/v1/chat/completions "HTTP/1.1 200 OK"
2025-11-16 20:35:37,391 - INFO - HTTP Request: POST http://localhost:11434/v1/chat/completions "HTTP/1.1 200 OK"
2025-11-16 20:35:40,411 - INFO - HTTP Request: POST http://localhost:11434/v1/chat/completions "HTTP/1.1 200 OK"
2025-11-16 20:35:44,339 - INFO - HTTP Request: POST http://localhost:11434/v1/chat/completions "HTTP/1.1 200 OK"
2025-11-16 20:35:47,450 - INFO - HTTP Request: POST http://localhost:11434/v1/chat/completions "HTTP/1.1 200 OK"
2025-11-16 20:35:51,137 - INFO - HTTP Request: POST http://localhost:11434/v1/chat/completions "HTTP/1.1 200 OK"
2025-11-16 20:35:55,534 - INFO - HTTP Request: POST http://localhost:11434/v1/chat/completions "HTTP/1.1 200 OK"
2025-11-16 20:36:00,763 - INFO - HTTP Request: POST http://localhost:11434/v1/chat/completions "HTTP/1.1 200 OK"
2025-11-16 20:36:05,118 - INFO - HTTP Request: POST http://localhost:11434/v1/chat/completions "HTTP/1.1 200 OK"
2025-11-16 20:36:08,221 - INFO - HTTP Request: POST http://localhost:11434/v1/chat/completions "HTTP/1.1 200 OK"
2025-11-16 20:36:11,674 - INFO - HTTP Request: POST http://localhost:11434/v1/chat/completions "HTTP/1.1 200 OK"
2025-11-16 20:36:15,398 - INFO - HTTP Request: POST http://localhost:11434/v1/chat/completions "HTTP/1.1 200 OK"
2025-11-16 20:36:19,351 - INFO - HTTP Request: POST http://localhost:11434/v1/chat/completions "HTTP/1.1 200 OK"
2025-11-16 20:36:22,606 - INFO - HTTP Request: POST http://localhost:11434/v1/chat/completions "HTTP/1.1 200 OK"
2025-11-16 20:36:26,141 - INFO - HTTP Request: POST http://localhost:11434/v1/chat/completions "HTTP/1.1 200 OK"
2025-11-16 20:36:29,004 - INFO - HTTP Request: POST http://localhost:11434/v1/chat/completions "HTTP/1.1 200 OK"
2025-11-16 20:36:32,026 - INFO - HTTP Request: POST http://localhost:11434/v1/chat/completions "HTTP/1.1 200 OK"
2025-11-16 20:36:34,474 - INFO - HTTP Request: POST http://localhost:11434/v1/chat/completions "HTTP/1.1 200 OK"
2025-11-16 20:36:38,462 - INFO - HTTP Request: POST http://localhost:11434/v1/chat/completions "HTTP/1.1 200 OK"
2025-11-16 20:36:41,704 - INFO - HTTP Request: POST http://localhost:11434/v1/chat/completions "HTTP/1.1 200 OK"
2025-11-16 20:36:45,327 - INFO - HTTP Request: POST http://localhost:11434/v1/chat/completions "HTTP/1.1 200 OK"
2025-11-16 20:36:49,241 - INFO - HTTP Request: POST http://localhost:11434/v1/chat/completions "HTTP/1.1 200 OK"
2025-11-16 20:36:52,184 - INFO - HTTP Request: POST http://localhost:11434/v1/chat/completions "HTTP/1.1 200 OK"
2025-11-16 20:36:56,604 - INFO - HTTP Request: POST http://localhost:11434/v1/chat/completions "HTTP/1.1 200 OK"
2025-11-16 20:37:04,966 - INFO - HTTP Request: POST http://localhost:11434/v1/chat/completions "HTTP/1.1 200 OK"
2025-11-16 20:37:10,584 - INFO - HTTP Request: POST http://localhost:11434/v1/chat/completions "HTTP/1.1 200 OK"
2025-11-16 20:37:15,090 - INFO - HTTP Request: POST http://localhost:11434/v1/chat/completions "HTTP/1.1 200 OK"
2025-11-16 20:37:18,737 - INFO - HTTP Request: POST http://localhost:11434/v1/chat/completions "HTTP/1.1 200 OK"
2025-11-16 20:37:20,883 - INFO - HTTP Request: POST http://localhost:11434/v1/chat/completions "HTTP/1.1 200 OK"
2025-11-16 20:37:24,799 - INFO - HTTP Request: POST http://localhost:11434/v1/chat/completions "HTTP/1.1 200 OK"
2025-11-16 20:37:28,617 - INFO - HTTP Request: POST http://localhost:11434/v1/chat/completions "HTTP/1.1 200 OK"
2025-11-16 20:37:31,292 - INFO - HTTP Request: POST http://localhost:11434/v1/chat/completions "HTTP/1.1 200 OK"
2025-11-16 20:37:35,242 - INFO - HTTP Request: POST http://localhost:11434/v1/chat/completions "HTTP/1.1 200 OK"
2025-11-16 20:37:40,333 - INFO - HTTP Request: POST http://localhost:11434/v1/chat/completions "HTTP/1.1 200 OK"
2025-11-16 20:37:44,056 - INFO - HTTP Request: POST http://localhost:11434/v1/chat/completions "HTTP/1.1 200 OK"
2025-11-16 20:37:47,304 - INFO - HTTP Request: POST http://localhost:11434/v1/chat/completions "HTTP/1.1 200 OK"
2025-11-16 20:37:51,315 - INFO - HTTP Request: POST http://localhost:11434/v1/chat/completions "HTTP/1.1 200 OK"
2025-11-16 20:37:54,966 - INFO - HTTP Request: POST http://localhost:11434/v1/chat/completions "HTTP/1.1 200 OK"
2025-11-16 20:38:00,329 - INFO - HTTP Request: POST http://localhost:11434/v1/chat/completions "HTTP/1.1 200 OK"
2025-11-16 20:38:04,359 - INFO - HTTP Request: POST http://localhost:11434/v1/chat/completions "HTTP/1.1 200 OK"
2025-11-16 20:38:08,186 - INFO - HTTP Request: POST http://localhost:11434/v1/chat/completions "HTTP/1.1 200 OK"
2025-11-16 20:38:11,960 - INFO - HTTP Request: POST http://localhost:11434/v1/chat/completions "HTTP/1.1 200 OK"
2025-11-16 20:38:15,186 - INFO - HTTP Request: POST http://localhost:11434/v1/chat/completions "HTTP/1.1 200 OK"
2025-11-16 20:38:19,199 - INFO - HTTP Request: POST http://localhost:11434/v1/chat/completions "HTTP/1.1 200 OK"
2025-11-16 20:38:23,105 - INFO - HTTP Request: POST http://localhost:11434/v1/chat/completions "HTTP/1.1 200 OK"
2025-11-16 20:38:26,458 - INFO - HTTP Request: POST http://localhost:11434/v1/chat/completions "HTTP/1.1 200 OK"
2025-11-16 20:38:31,297 - INFO - HTTP Request: POST http://localhost:11434/v1/chat/completions "HTTP/1.1 200 OK"
2025-11-16 20:38:35,605 - INFO - HTTP Request: POST http://localhost:11434/v1/chat/completions "HTTP/1.1 200 OK"
2025-11-16 20:38:40,639 - INFO - HTTP Request: POST http://localhost:11434/v1/chat/completions "HTTP/1.1 200 OK"
2025-11-16 20:38:45,541 - INFO - HTTP Request: POST http://localhost:11434/v1/chat/completions "HTTP/1.1 200 OK"
2025-11-16 20:38:49,599 - INFO - HTTP Request: POST http://localhost:11434/v1/chat/completions "HTTP/1.1 200 OK"
2025-11-16 20:38:53,586 - INFO - HTTP Request: POST http://localhost:11434/v1/chat/completions "HTTP/1.1 200 OK"
2025-11-16 20:38:56,545 - INFO - HTTP Request: POST http://localhost:11434/v1/chat/completions "HTTP/1.1 200 OK"
2025-11-16 20:39:00,520 - INFO - HTTP Request: POST http://localhost:11434/v1/chat/completions "HTTP/1.1 200 OK"
2025-11-16 20:39:03,474 - INFO - HTTP Request: POST http://localhost:11434/v1/chat/completions "HTTP/1.1 200 OK"
2025-11-16 20:39:07,215 - INFO - HTTP Request: POST http://localhost:11434/v1/chat/completions "HTTP/1.1 200 OK"
2025-11-16 20:39:10,213 - INFO - HTTP Request: POST http://localhost:11434/v1/chat/completions "HTTP/1.1 200 OK"
2025-11-16 20:39:16,861 - INFO - HTTP Request: POST http://localhost:11434/v1/chat/completions "HTTP/1.1 200 OK"
2025-11-16 20:39:21,133 - INFO - HTTP Request: POST http://localhost:11434/v1/chat/completions "HTTP/1.1 200 OK"
2025-11-16 20:39:25,010 - INFO - HTTP Request: POST http://localhost:11434/v1/chat/completions "HTTP/1.1 200 OK"
2025-11-16 20:39:28,359 - INFO - HTTP Request: POST http://localhost:11434/v1/chat/completions "HTTP/1.1 200 OK"
2025-11-16 20:39:33,343 - INFO - HTTP Request: POST http://localhost:11434/v1/chat/completions "HTTP/1.1 200 OK"
2025-11-16 20:39:37,118 - INFO - HTTP Request: POST http://localhost:11434/v1/chat/completions "HTTP/1.1 200 OK"
2025-11-16 20:39:40,780 - INFO - HTTP Request: POST http://localhost:11434/v1/chat/completions "HTTP/1.1 200 OK"
2025-11-16 20:39:42,731 - INFO - HTTP Request: POST http://localhost:11434/v1/chat/completions "HTTP/1.1 200 OK"
2025-11-16 20:39:47,112 - INFO - HTTP Request: POST http://localhost:11434/v1/chat/completions "HTTP/1.1 200 OK"
2025-11-16 20:39:50,353 - INFO - HTTP Request: POST http://localhost:11434/v1/chat/completions "HTTP/1.1 200 OK"
2025-11-16 20:39:53,945 - INFO - HTTP Request: POST http://localhost:11434/v1/chat/completions "HTTP/1.1 200 OK"
2025-11-16 20:39:57,657 - INFO - HTTP Request: POST http://localhost:11434/v1/chat/completions "HTTP/1.1 200 OK"
2025-11-16 20:40:01,666 - INFO - HTTP Request: POST http://localhost:11434/v1/chat/completions "HTTP/1.1 200 OK"
2025-11-16 20:40:06,518 - INFO - HTTP Request: POST http://localhost:11434/v1/chat/completions "HTTP/1.1 200 OK"
2025-11-16 20:40:10,223 - INFO - HTTP Request: POST http://localhost:11434/v1/chat/completions "HTTP/1.1 200 OK"
2025-11-16 20:40:16,682 - INFO - HTTP Request: POST http://localhost:11434/v1/chat/completions "HTTP/1.1 200 OK"
2025-11-16 20:40:21,613 - INFO - HTTP Request: POST http://localhost:11434/v1/chat/completions "HTTP/1.1 200 OK"
2025-11-16 20:40:24,986 - INFO - HTTP Request: POST http://localhost:11434/v1/chat/completions "HTTP/1.1 200 OK"
2025-11-16 20:40:28,575 - INFO - HTTP Request: POST http://localhost:11434/v1/chat/completions "HTTP/1.1 200 OK"
2025-11-16 20:40:31,252 - INFO - HTTP Request: POST http://localhost:11434/v1/chat/completions "HTTP/1.1 200 OK"
2025-11-16 20:40:33,733 - INFO - HTTP Request: POST http://localhost:11434/v1/chat/completions "HTTP/1.1 200 OK"
2025-11-16 20:40:38,423 - INFO - HTTP Request: POST http://localhost:11434/v1/chat/completions "HTTP/1.1 200 OK"
2025-11-16 20:40:42,550 - INFO - HTTP Request: POST http://localhost:11434/v1/chat/completions "HTTP/1.1 200 OK"
2025-11-16 20:40:47,246 - INFO - HTTP Request: POST http://localhost:11434/v1/chat/completions "HTTP/1.1 200 OK"
2025-11-16 20:40:50,915 - INFO - HTTP Request: POST http://localhost:11434/v1/chat/completions "HTTP/1.1 200 OK"
2025-11-16 20:40:54,798 - INFO - HTTP Request: POST http://localhost:11434/v1/chat/completions "HTTP/1.1 200 OK"
2025-11-16 20:40:58,523 - INFO - HTTP Request: POST http://localhost:11434/v1/chat/completions "HTTP/1.1 200 OK"
2025-11-16 20:41:02,151 - INFO - HTTP Request: POST http://localhost:11434/v1/chat/completions "HTTP/1.1 200 OK"
2025-11-16 20:41:06,470 - INFO - HTTP Request: POST http://localhost:11434/v1/chat/completions "HTTP/1.1 200 OK"
2025-11-16 20:41:09,855 - INFO - HTTP Request: POST http://localhost:11434/v1/chat/completions "HTTP/1.1 200 OK"
2025-11-16 20:41:13,064 - INFO - HTTP Request: POST http://localhost:11434/v1/chat/completions "HTTP/1.1 200 OK"
2025-11-16 20:41:17,823 - INFO - HTTP Request: POST http://localhost:11434/v1/chat/completions "HTTP/1.1 200 OK"
2025-11-16 20:41:21,130 - INFO - HTTP Request: POST http://localhost:11434/v1/chat/completions "HTTP/1.1 200 OK"
2025-11-16 20:41:26,705 - INFO - HTTP Request: POST http://localhost:11434/v1/chat/completions "HTTP/1.1 200 OK"
2025-11-16 20:41:29,815 - INFO - HTTP Request: POST http://localhost:11434/v1/chat/completions "HTTP/1.1 200 OK"
2025-11-16 20:41:34,213 - INFO - HTTP Request: POST http://localhost:11434/v1/chat/completions "HTTP/1.1 200 OK"
2025-11-16 20:41:39,150 - INFO - HTTP Request: POST http://localhost:11434/v1/chat/completions "HTTP/1.1 200 OK"
2025-11-16 20:41:42,688 - INFO - HTTP Request: POST http://localhost:11434/v1/chat/completions "HTTP/1.1 200 OK"
2025-11-16 20:41:46,319 - INFO - HTTP Request: POST http://localhost:11434/v1/chat/completions "HTTP/1.1 200 OK"
2025-11-16 20:41:51,404 - INFO - HTTP Request: POST http://localhost:11434/v1/chat/completions "HTTP/1.1 200 OK"
2025-11-16 20:41:55,036 - INFO - HTTP Request: POST http://localhost:11434/v1/chat/completions "HTTP/1.1 200 OK"
2025-11-16 20:41:59,145 - INFO - HTTP Request: POST http://localhost:11434/v1/chat/completions "HTTP/1.1 200 OK"
2025-11-16 20:42:11,669 - INFO - HTTP Request: POST http://localhost:11434/v1/chat/completions "HTTP/1.1 200 OK"
2025-11-16 20:42:16,934 - INFO - HTTP Request: POST http://localhost:11434/v1/chat/completions "HTTP/1.1 200 OK"
2025-11-16 20:42:23,128 - INFO - HTTP Request: POST http://localhost:11434/v1/chat/completions "HTTP/1.1 200 OK"
2025-11-16 20:42:25,205 - INFO - HTTP Request: POST http://localhost:11434/v1/chat/completions "HTTP/1.1 200 OK"
2025-11-16 20:42:28,980 - INFO - HTTP Request: POST http://localhost:11434/v1/chat/completions "HTTP/1.1 200 OK"
2025-11-16 20:42:44,405 - INFO - HTTP Request: POST http://localhost:11434/v1/chat/completions "HTTP/1.1 200 OK"
2025-11-16 20:43:02,096 - INFO - HTTP Request: POST http://localhost:11434/v1/chat/completions "HTTP/1.1 200 OK"
2025-11-16 20:43:17,162 - INFO - HTTP Request: POST http://localhost:11434/v1/chat/completions "HTTP/1.1 200 OK"
2025-11-16 20:43:30,848 - INFO - HTTP Request: POST http://localhost:11434/v1/chat/completions "HTTP/1.1 200 OK"
2025-11-16 20:43:44,990 - INFO - HTTP Request: POST http://localhost:11434/v1/chat/completions "HTTP/1.1 200 OK"
2025-11-16 20:43:58,607 - INFO - HTTP Request: POST http://localhost:11434/v1/chat/completions "HTTP/1.1 200 OK"
2025-11-16 20:44:13,655 - INFO - HTTP Request: POST http://localhost:11434/v1/chat/completions "HTTP/1.1 200 OK"
2025-11-16 20:44:28,273 - INFO - HTTP Request: POST http://localhost:11434/v1/chat/completions "HTTP/1.1 200 OK"
2025-11-16 20:44:38,098 - INFO - HTTP Request: POST http://localhost:11434/v1/chat/completions "HTTP/1.1 200 OK"
2025-11-16 20:44:57,848 - INFO - HTTP Request: POST http://localhost:11434/v1/chat/completions "HTTP/1.1 200 OK"
2025-11-16 20:45:11,032 - INFO - HTTP Request: POST http://localhost:11434/v1/chat/completions "HTTP/1.1 200 OK"
2025-11-16 20:45:28,442 - INFO - HTTP Request: POST http://localhost:11434/v1/chat/completions "HTTP/1.1 200 OK"
2025-11-16 20:45:42,609 - INFO - HTTP Request: POST http://localhost:11434/v1/chat/completions "HTTP/1.1 200 OK"
2025-11-16 20:45:58,223 - INFO - HTTP Request: POST http://localhost:11434/v1/chat/completions "HTTP/1.1 200 OK"
2025-11-16 20:46:10,861 - INFO - HTTP Request: POST http://localhost:11434/v1/chat/completions "HTTP/1.1 200 OK"
2025-11-16 20:46:22,859 - INFO - HTTP Request: POST http://localhost:11434/v1/chat/completions "HTTP/1.1 200 OK"
2025-11-16 20:46:33,463 - INFO - HTTP Request: POST http://localhost:11434/v1/chat/completions "HTTP/1.1 200 OK"
2025-11-16 20:47:53,389 - INFO - 🚀 Starting HippoRAG processing for subset: medical
2025-11-16 20:47:53,389 - WARNING - ⚠️ No API key provided! Requests may fail.
2025-11-16 20:47:53,850 - INFO - 📖 Loaded corpus with 1 documents from ./Datasets/Corpus/medical.parquet
2025-11-16 20:47:53,993 - INFO - ❓ Loaded questions with 10 entries from ./Datasets/Questions/medical_questions.parquet
2025-11-16 20:47:53,994 - INFO - 📚 Processing corpus: Medical
2025-11-16 20:47:54,348 - INFO - ✅ Loaded tokenizer: sentence-transformers/all-MiniLM-L6-v2
2025-11-16 20:47:54,485 - INFO - ✂️ Split corpus into 50 chunks
2025-11-16 20:47:54,485 - INFO - 🔍 Found 1 questions for Medical
2025-11-16 20:47:54,486 - INFO - ✅ Using Ollama mode: llama3 at http://localhost:11434/v1
2025-11-16 20:47:54,527 - INFO - Loading templates from directory: /home/amjad/benchmarks/HippoRAG/src/hipporag/prompts/templates
2025-11-16 20:47:54,541 - INFO - Load pretrained SentenceTransformer: sentence-transformers/all-MiniLM-L6-v2
2025-11-16 20:47:56,763 - INFO - Loaded 1031 records from ./Examples/hipporag2_workspace/Medical/llama3_sentence-transformers_all-MiniLM-L6-v2/chunk_embeddings/vdb_chunk.parquet
2025-11-16 20:47:56,764 - INFO - Loading templates from directory: /home/amjad/benchmarks/HippoRAG/src/hipporag/prompts/templates
2025-11-16 20:47:56,767 - INFO - Indexing Documents
2025-11-16 20:47:56,768 - INFO - Performing OpenIE
2025-11-16 20:47:56,768 - INFO - Inserting 0 new records, 10 records already exist.
2025-11-16 20:47:57,393 - WARNING - invalid syntax. Perhaps you forgot a comma? (<string>, line 2)
2025-11-16 20:48:19,598 - INFO - HTTP Request: POST http://localhost:11434/v1/chat/completions "HTTP/1.1 200 OK"
2025-11-16 20:48:30,530 - INFO - HTTP Request: POST http://localhost:11434/v1/chat/completions "HTTP/1.1 200 OK"
2025-11-16 20:48:41,384 - INFO - HTTP Request: POST http://localhost:11434/v1/chat/completions "HTTP/1.1 200 OK"
2025-11-16 20:48:57,794 - INFO - HTTP Request: POST http://localhost:11434/v1/chat/completions "HTTP/1.1 200 OK"
2025-11-16 20:49:08,950 - INFO - HTTP Request: POST http://localhost:11434/v1/chat/completions "HTTP/1.1 200 OK"
2025-11-16 20:49:26,509 - INFO - HTTP Request: POST http://localhost:11434/v1/chat/completions "HTTP/1.1 200 OK"
2025-11-16 20:49:38,089 - INFO - HTTP Request: POST http://localhost:11434/v1/chat/completions "HTTP/1.1 200 OK"
2025-11-16 20:49:48,977 - INFO - HTTP Request: POST http://localhost:11434/v1/chat/completions "HTTP/1.1 200 OK"
2025-11-16 20:50:03,599 - INFO - HTTP Request: POST http://localhost:11434/v1/chat/completions "HTTP/1.1 200 OK"
2025-11-16 20:50:17,978 - INFO - HTTP Request: POST http://localhost:11434/v1/chat/completions "HTTP/1.1 200 OK"
2025-11-16 20:50:39,731 - INFO - HTTP Request: POST http://localhost:11434/v1/chat/completions "HTTP/1.1 200 OK"
2025-11-16 20:50:53,656 - INFO - HTTP Request: POST http://localhost:11434/v1/chat/completions "HTTP/1.1 200 OK"
2025-11-16 20:51:08,647 - INFO - HTTP Request: POST http://localhost:11434/v1/chat/completions "HTTP/1.1 200 OK"
2025-11-16 20:51:22,968 - INFO - HTTP Request: POST http://localhost:11434/v1/chat/completions "HTTP/1.1 200 OK"
2025-11-16 20:51:37,601 - INFO - HTTP Request: POST http://localhost:11434/v1/chat/completions "HTTP/1.1 200 OK"
2025-11-16 20:51:54,161 - INFO - HTTP Request: POST http://localhost:11434/v1/chat/completions "HTTP/1.1 200 OK"
2025-11-16 20:52:06,807 - INFO - HTTP Request: POST http://localhost:11434/v1/chat/completions "HTTP/1.1 200 OK"
2025-11-16 20:52:23,134 - INFO - HTTP Request: POST http://localhost:11434/v1/chat/completions "HTTP/1.1 200 OK"
2025-11-16 20:52:34,096 - INFO - HTTP Request: POST http://localhost:11434/v1/chat/completions "HTTP/1.1 200 OK"
2025-11-16 20:52:47,922 - INFO - HTTP Request: POST http://localhost:11434/v1/chat/completions "HTTP/1.1 200 OK"
2025-11-16 20:53:02,965 - INFO - HTTP Request: POST http://localhost:11434/v1/chat/completions "HTTP/1.1 200 OK"
2025-11-16 20:53:20,370 - INFO - HTTP Request: POST http://localhost:11434/v1/chat/completions "HTTP/1.1 200 OK"
2025-11-16 20:53:40,498 - INFO - HTTP Request: POST http://localhost:11434/v1/chat/completions "HTTP/1.1 200 OK"
2025-11-16 20:53:52,526 - INFO - HTTP Request: POST http://localhost:11434/v1/chat/completions "HTTP/1.1 200 OK"
2025-11-16 20:54:08,322 - INFO - HTTP Request: POST http://localhost:11434/v1/chat/completions "HTTP/1.1 200 OK"
2025-11-16 20:54:23,698 - INFO - HTTP Request: POST http://localhost:11434/v1/chat/completions "HTTP/1.1 200 OK"
2025-11-16 20:54:44,245 - INFO - HTTP Request: POST http://localhost:11434/v1/chat/completions "HTTP/1.1 200 OK"
2025-11-16 20:54:57,746 - INFO - HTTP Request: POST http://localhost:11434/v1/chat/completions "HTTP/1.1 200 OK"
2025-11-16 20:55:10,664 - INFO - HTTP Request: POST http://localhost:11434/v1/chat/completions "HTTP/1.1 200 OK"
2025-11-16 20:55:22,560 - INFO - HTTP Request: POST http://localhost:11434/v1/chat/completions "HTTP/1.1 200 OK"
2025-11-16 20:55:38,757 - INFO - HTTP Request: POST http://localhost:11434/v1/chat/completions "HTTP/1.1 200 OK"
2025-11-16 20:55:49,960 - INFO - HTTP Request: POST http://localhost:11434/v1/chat/completions "HTTP/1.1 200 OK"
2025-11-16 20:56:01,742 - INFO - HTTP Request: POST http://localhost:11434/v1/chat/completions "HTTP/1.1 200 OK"
2025-11-16 20:56:18,307 - INFO - HTTP Request: POST http://localhost:11434/v1/chat/completions "HTTP/1.1 200 OK"
2025-11-16 20:56:32,805 - INFO - HTTP Request: POST http://localhost:11434/v1/chat/completions "HTTP/1.1 200 OK"
2025-11-16 20:56:49,176 - INFO - HTTP Request: POST http://localhost:11434/v1/chat/completions "HTTP/1.1 200 OK"
2025-11-16 20:57:02,480 - INFO - HTTP Request: POST http://localhost:11434/v1/chat/completions "HTTP/1.1 200 OK"
2025-11-16 20:57:14,601 - INFO - HTTP Request: POST http://localhost:11434/v1/chat/completions "HTTP/1.1 200 OK"
2025-11-16 20:57:28,563 - INFO - HTTP Request: POST http://localhost:11434/v1/chat/completions "HTTP/1.1 200 OK"
2025-11-16 20:57:32,936 - INFO - HTTP Request: POST http://localhost:11434/v1/chat/completions "HTTP/1.1 200 OK"
2025-11-16 20:57:45,814 - INFO - HTTP Request: POST http://localhost:11434/v1/chat/completions "HTTP/1.1 200 OK"
2025-11-16 20:58:01,576 - INFO - HTTP Request: POST http://localhost:11434/v1/chat/completions "HTTP/1.1 200 OK"
2025-11-16 20:58:12,110 - INFO - HTTP Request: POST http://localhost:11434/v1/chat/completions "HTTP/1.1 200 OK"
2025-11-16 20:58:24,396 - INFO - HTTP Request: POST http://localhost:11434/v1/chat/completions "HTTP/1.1 200 OK"
2025-11-16 20:58:40,967 - INFO - HTTP Request: POST http://localhost:11434/v1/chat/completions "HTTP/1.1 200 OK"
2025-11-16 20:58:57,072 - INFO - HTTP Request: POST http://localhost:11434/v1/chat/completions "HTTP/1.1 200 OK"
2025-11-16 20:59:14,112 - INFO - HTTP Request: POST http://localhost:11434/v1/chat/completions "HTTP/1.1 200 OK"
2025-11-16 20:59:30,192 - INFO - HTTP Request: POST http://localhost:11434/v1/chat/completions "HTTP/1.1 200 OK"
2025-11-16 20:59:44,765 - INFO - HTTP Request: POST http://localhost:11434/v1/chat/completions "HTTP/1.1 200 OK"
2025-11-16 21:00:01,722 - INFO - HTTP Request: POST http://localhost:11434/v1/chat/completions "HTTP/1.1 200 OK"
2025-11-16 21:00:11,451 - INFO - HTTP Request: POST http://localhost:11434/v1/chat/completions "HTTP/1.1 200 OK"
2025-11-16 21:00:41,095 - INFO - 🚀 Starting HippoRAG processing for subset: medical
2025-11-16 21:00:41,095 - WARNING - ⚠️ No API key provided! Requests may fail.
2025-11-16 21:00:41,552 - INFO - 📖 Loaded corpus with 1 documents from ./Datasets/Corpus/medical.parquet
2025-11-16 21:00:41,695 - INFO - ❓ Loaded questions with 10 entries from ./Datasets/Questions/medical_questions.parquet
2025-11-16 21:00:41,697 - INFO - 📚 Processing corpus: Medical
2025-11-16 21:00:43,107 - INFO - ✅ Loaded tokenizer: sentence-transformers/all-MiniLM-L6-v2
2025-11-16 21:00:43,239 - INFO - ✂️ Split corpus into 50 chunks
2025-11-16 21:00:43,240 - INFO - 🔍 Found 1 questions for Medical
2025-11-16 21:00:43,240 - INFO - ✅ Using Ollama mode: llama3 at http://localhost:11434/v1
2025-11-16 21:00:43,281 - INFO - Loading templates from directory: /home/amjad/benchmarks/HippoRAG/src/hipporag/prompts/templates
2025-11-16 21:00:43,287 - INFO - Load pretrained SentenceTransformer: sentence-transformers/all-MiniLM-L6-v2
2025-11-16 21:00:45,104 - INFO - Loaded 1031 records from ./Examples/hipporag2_workspace/Medical/llama3_sentence-transformers_all-MiniLM-L6-v2/chunk_embeddings/vdb_chunk.parquet
2025-11-16 21:00:45,105 - INFO - Loading templates from directory: /home/amjad/benchmarks/HippoRAG/src/hipporag/prompts/templates
2025-11-16 21:00:45,107 - INFO - Indexing Documents
2025-11-16 21:00:45,107 - INFO - Performing OpenIE
2025-11-16 21:00:45,107 - INFO - Inserting 0 new records, 10 records already exist.
2025-11-16 21:00:45,781 - WARNING - invalid syntax. Perhaps you forgot a comma? (<string>, line 2)
2025-11-16 21:01:00,000 - INFO - HTTP Request: POST http://localhost:11434/v1/chat/completions "HTTP/1.1 200 OK"
2025-11-16 21:15:47,878 - INFO - 🚀 Starting HippoRAG processing for subset: medical
2025-11-16 21:15:47,878 - WARNING - ⚠️ No API key provided! Requests may fail.
2025-11-16 21:15:48,369 - INFO - 📖 Loaded corpus with 1 documents from ./Datasets/Corpus/medical.parquet
2025-11-16 21:15:48,634 - INFO - ❓ Loaded questions with 2062 entries from ./Datasets/Questions/medical_questions.parquet
2025-11-16 21:15:48,634 - INFO - 📚 Processing corpus: Medical
2025-11-16 21:15:48,983 - INFO - ✅ Loaded tokenizer: sentence-transformers/all-MiniLM-L6-v2
2025-11-16 21:15:52,109 - INFO - ✂️ Split corpus into 1030 chunks
2025-11-16 21:15:52,110 - INFO - 🔍 Found 1 questions for Medical
2025-11-16 21:15:52,110 - INFO - ✅ Using Ollama mode: llama3 at http://localhost:11434/v1
2025-11-16 21:15:52,151 - INFO - Loading templates from directory: /home/amjad/benchmarks/HippoRAG/src/hipporag/prompts/templates
2025-11-16 21:15:52,160 - INFO - Load pretrained SentenceTransformer: sentence-transformers/all-MiniLM-L6-v2
2025-11-16 21:15:54,342 - INFO - Loading templates from directory: /home/amjad/benchmarks/HippoRAG/src/hipporag/prompts/templates
2025-11-16 21:15:54,348 - INFO - Indexing Documents
2025-11-16 21:15:54,348 - INFO - Performing OpenIE
2025-11-16 21:15:54,348 - INFO - Inserting 20 new records, 0 records already exist.
2025-11-16 21:15:55,074 - INFO - Saving new records.
2025-11-16 21:15:55,086 - INFO - Saved 20 records to ./Examples/hipporag2_workspace/Medical/llama3_sentence-transformers_all-MiniLM-L6-v2/chunk_embeddings/vdb_chunk.parquet
2025-11-16 21:16:10,006 - INFO - HTTP Request: POST http://localhost:11434/v1/chat/completions "HTTP/1.1 200 OK"
2025-11-16 21:16:13,452 - INFO - HTTP Request: POST http://localhost:11434/v1/chat/completions "HTTP/1.1 200 OK"
2025-11-16 21:16:16,629 - INFO - HTTP Request: POST http://localhost:11434/v1/chat/completions "HTTP/1.1 200 OK"
2025-11-16 21:16:24,187 - INFO - HTTP Request: POST http://localhost:11434/v1/chat/completions "HTTP/1.1 200 OK"
2025-11-16 21:16:27,783 - INFO - HTTP Request: POST http://localhost:11434/v1/chat/completions "HTTP/1.1 200 OK"
2025-11-16 21:16:30,773 - INFO - HTTP Request: POST http://localhost:11434/v1/chat/completions "HTTP/1.1 200 OK"
2025-11-16 21:16:33,371 - INFO - HTTP Request: POST http://localhost:11434/v1/chat/completions "HTTP/1.1 200 OK"
2025-11-16 21:16:37,845 - INFO - HTTP Request: POST http://localhost:11434/v1/chat/completions "HTTP/1.1 200 OK"
2025-11-16 21:16:43,142 - INFO - HTTP Request: POST http://localhost:11434/v1/chat/completions "HTTP/1.1 200 OK"
2025-11-16 21:16:46,987 - INFO - HTTP Request: POST http://localhost:11434/v1/chat/completions "HTTP/1.1 200 OK"
2025-11-16 21:16:51,648 - INFO - HTTP Request: POST http://localhost:11434/v1/chat/completions "HTTP/1.1 200 OK"
2025-11-16 21:16:55,427 - INFO - HTTP Request: POST http://localhost:11434/v1/chat/completions "HTTP/1.1 200 OK"
2025-11-16 21:16:58,315 - INFO - HTTP Request: POST http://localhost:11434/v1/chat/completions "HTTP/1.1 200 OK"
2025-11-16 21:17:02,662 - INFO - HTTP Request: POST http://localhost:11434/v1/chat/completions "HTTP/1.1 200 OK"
2025-11-16 21:17:06,533 - INFO - HTTP Request: POST http://localhost:11434/v1/chat/completions "HTTP/1.1 200 OK"
2025-11-16 21:17:10,167 - INFO - HTTP Request: POST http://localhost:11434/v1/chat/completions "HTTP/1.1 200 OK"
2025-11-16 21:17:14,656 - INFO - HTTP Request: POST http://localhost:11434/v1/chat/completions "HTTP/1.1 200 OK"
2025-11-16 21:17:17,627 - INFO - HTTP Request: POST http://localhost:11434/v1/chat/completions "HTTP/1.1 200 OK"
2025-11-16 21:17:23,702 - INFO - HTTP Request: POST http://localhost:11434/v1/chat/completions "HTTP/1.1 200 OK"
2025-11-16 21:17:26,960 - INFO - HTTP Request: POST http://localhost:11434/v1/chat/completions "HTTP/1.1 200 OK"
2025-11-16 21:17:43,718 - INFO - HTTP Request: POST http://localhost:11434/v1/chat/completions "HTTP/1.1 200 OK"
2025-11-16 21:18:00,052 - INFO - HTTP Request: POST http://localhost:11434/v1/chat/completions "HTTP/1.1 200 OK"
2025-11-16 21:18:10,858 - INFO - HTTP Request: POST http://localhost:11434/v1/chat/completions "HTTP/1.1 200 OK"
2025-11-16 21:18:20,622 - INFO - HTTP Request: POST http://localhost:11434/v1/chat/completions "HTTP/1.1 200 OK"
2025-11-16 21:18:34,226 - INFO - HTTP Request: POST http://localhost:11434/v1/chat/completions "HTTP/1.1 200 OK"
2025-11-16 21:18:49,328 - INFO - HTTP Request: POST http://localhost:11434/v1/chat/completions "HTTP/1.1 200 OK"
2025-11-16 21:19:06,739 - INFO - HTTP Request: POST http://localhost:11434/v1/chat/completions "HTTP/1.1 200 OK"
2025-11-16 21:19:22,907 - INFO - HTTP Request: POST http://localhost:11434/v1/chat/completions "HTTP/1.1 200 OK"
2025-11-16 21:19:36,810 - INFO - HTTP Request: POST http://localhost:11434/v1/chat/completions "HTTP/1.1 200 OK"
2025-11-16 21:19:52,059 - INFO - HTTP Request: POST http://localhost:11434/v1/chat/completions "HTTP/1.1 200 OK"
2025-11-16 21:20:07,156 - INFO - HTTP Request: POST http://localhost:11434/v1/chat/completions "HTTP/1.1 200 OK"
2025-11-16 21:20:18,041 - INFO - HTTP Request: POST http://localhost:11434/v1/chat/completions "HTTP/1.1 200 OK"
2025-11-16 21:20:52,083 - INFO - HTTP Request: POST http://localhost:11434/v1/chat/completions "HTTP/1.1 200 OK"
2025-11-16 21:21:02,627 - INFO - HTTP Request: POST http://localhost:11434/v1/chat/completions "HTTP/1.1 200 OK"
2025-11-16 21:21:13,503 - INFO - HTTP Request: POST http://localhost:11434/v1/chat/completions "HTTP/1.1 200 OK"
2025-11-16 21:21:30,326 - INFO - HTTP Request: POST http://localhost:11434/v1/chat/completions "HTTP/1.1 200 OK"
2025-11-16 21:21:43,405 - INFO - HTTP Request: POST http://localhost:11434/v1/chat/completions "HTTP/1.1 200 OK"
2025-11-16 21:21:57,994 - INFO - HTTP Request: POST http://localhost:11434/v1/chat/completions "HTTP/1.1 200 OK"
2025-11-16 21:22:12,660 - INFO - HTTP Request: POST http://localhost:11434/v1/chat/completions "HTTP/1.1 200 OK"
2025-11-16 21:22:26,791 - INFO - HTTP Request: POST http://localhost:11434/v1/chat/completions "HTTP/1.1 200 OK"
2025-11-16 21:22:26,807 - INFO - OpenIE results saved to ./Examples/hipporag2_workspace/Medical/openie_results_ner_llama3.json
2025-11-16 21:22:26,812 - INFO - Encoding Entities
2025-11-16 21:22:26,813 - INFO - Inserting 277 new records, 0 records already exist.
2025-11-16 21:22:27,446 - INFO - Saving new records.
2025-11-16 21:22:27,467 - INFO - Saved 277 records to ./Examples/hipporag2_workspace/Medical/llama3_sentence-transformers_all-MiniLM-L6-v2/entity_embeddings/vdb_entity.parquet
2025-11-16 21:22:27,468 - INFO - Encoding Facts
2025-11-16 21:22:27,469 - INFO - Inserting 234 new records, 0 records already exist.
2025-11-16 21:22:28,508 - INFO - Saving new records.
2025-11-16 21:22:28,528 - INFO - Saved 234 records to ./Examples/hipporag2_workspace/Medical/llama3_sentence-transformers_all-MiniLM-L6-v2/fact_embeddings/vdb_fact.parquet
2025-11-16 21:22:28,528 - INFO - Constructing Graph
2025-11-16 21:22:28,528 - INFO - Adding OpenIE triples to graph.
2025-11-16 21:22:28,530 - INFO - Connecting passage nodes to phrase nodes.
2025-11-16 21:22:28,531 - INFO - Found 20 new chunks to save into graph.
2025-11-16 21:22:28,531 - INFO - Expanding graph with synonymy edges
2025-11-16 21:22:28,533 - INFO - Performing KNN retrieval for each phrase nodes (277).
2025-11-16 21:22:28,578 - INFO - Graph construction completed!
2025-11-16 21:22:28,579 - INFO - Writing graph with 297 nodes, 987 edges
2025-11-16 21:22:28,582 - INFO - Saving graph completed!
2025-11-16 21:22:28,582 - INFO - ✅ Indexed corpus: Medical
2025-11-16 21:22:28,582 - INFO - Preparing for fast retrieval.
2025-11-16 21:22:28,583 - INFO - Loading keys.
2025-11-16 21:22:28,583 - INFO - Loading embeddings.
2025-11-16 21:22:28,584 - INFO - Encoding 1 queries for query_to_fact.
2025-11-16 21:22:28,598 - INFO - Encoding 1 queries for query_to_passage.
2025-11-16 21:22:40,305 - INFO - HTTP Request: POST http://localhost:11434/v1/chat/completions "HTTP/1.1 200 OK"
2025-11-16 21:22:40,323 - INFO - Total Retrieval Time 11.74s
2025-11-16 21:22:40,323 - INFO - Total Recognition Memory Time 11.71s
2025-11-16 21:22:40,323 - INFO - Total PPR Time 0.00s
2025-11-16 21:22:40,323 - INFO - Total Misc Time 0.03s
2025-11-16 21:22:50,359 - INFO - HTTP Request: POST http://localhost:11434/v1/chat/completions "HTTP/1.1 200 OK"
2025-11-16 21:22:50,373 - INFO - Evaluation results for QA: {'ExactMatch': 0.0, 'F1': 0.5333}
2025-11-16 21:22:50,373 - INFO - 💾 Saved 1 predictions to: ./results/hipporag2/Medical/predictions_Medical.json
2025-11-16 21:34:48,255 - INFO - 🚀 Starting HippoRAG processing for subset: medical
2025-11-16 21:34:48,255 - WARNING - ⚠️ No API key provided! Requests may fail.
2025-11-16 21:34:50,711 - INFO - 📖 Loaded corpus with 1 documents from ./Datasets/Corpus/medical.parquet
2025-11-16 21:34:50,954 - INFO - ❓ Loaded questions with 2062 entries from ./Datasets/Questions/medical_questions.parquet
2025-11-16 21:34:50,955 - INFO - 📚 Processing corpus: Medical
2025-11-16 21:34:51,303 - INFO - ✅ Loaded tokenizer: sentence-transformers/all-MiniLM-L6-v2
2025-11-16 21:34:54,435 - INFO - ✂️ Split corpus into 1030 chunks
2025-11-16 21:34:54,436 - INFO - 🔍 Found 2 questions for Medical
2025-11-16 21:34:54,436 - INFO - ✅ Using Ollama mode: llama3 at http://localhost:11434/v1
2025-11-16 21:34:54,477 - INFO - Loading templates from directory: /home/amjad/benchmarks/HippoRAG/src/hipporag/prompts/templates
2025-11-16 21:34:54,482 - INFO - Load pretrained SentenceTransformer: sentence-transformers/all-MiniLM-L6-v2
2025-11-16 21:34:56,939 - INFO - Loaded 20 records from ./Examples/hipporag2_workspace/Medical/llama3_sentence-transformers_all-MiniLM-L6-v2/chunk_embeddings/vdb_chunk.parquet
2025-11-16 21:34:56,949 - INFO - Loaded 277 records from ./Examples/hipporag2_workspace/Medical/llama3_sentence-transformers_all-MiniLM-L6-v2/entity_embeddings/vdb_entity.parquet
2025-11-16 21:34:56,954 - INFO - Loaded 234 records from ./Examples/hipporag2_workspace/Medical/llama3_sentence-transformers_all-MiniLM-L6-v2/fact_embeddings/vdb_fact.parquet
2025-11-16 21:34:56,954 - INFO - Loading templates from directory: /home/amjad/benchmarks/HippoRAG/src/hipporag/prompts/templates
2025-11-16 21:34:56,956 - INFO - Indexing Documents
2025-11-16 21:34:56,956 - INFO - Performing OpenIE
2025-11-16 21:34:56,956 - INFO - Inserting 0 new records, 20 records already exist.
2025-11-16 21:34:57,456 - INFO - OpenIE results saved to ./Examples/hipporag2_workspace/Medical/openie_results_ner_llama3.json
2025-11-16 21:34:57,463 - INFO - Encoding Entities
2025-11-16 21:34:57,464 - INFO - Inserting 0 new records, 277 records already exist.
2025-11-16 21:34:57,464 - INFO - Encoding Facts
2025-11-16 21:34:57,466 - INFO - Inserting 0 new records, 234 records already exist.
2025-11-16 21:34:57,466 - INFO - Constructing Graph
2025-11-16 21:34:57,466 - INFO - Adding OpenIE triples to graph.
2025-11-16 21:34:57,470 - INFO - Connecting passage nodes to phrase nodes.
2025-11-16 21:34:57,471 - INFO - Found 20 new chunks to save into graph.
2025-11-16 21:34:57,472 - INFO - Expanding graph with synonymy edges
2025-11-16 21:34:57,474 - INFO - Performing KNN retrieval for each phrase nodes (277).
2025-11-16 21:34:57,512 - INFO - Graph construction completed!
2025-11-16 21:34:57,513 - INFO - Writing graph with 297 nodes, 987 edges
2025-11-16 21:34:57,514 - INFO - Saving graph completed!
2025-11-16 21:34:57,515 - INFO - ✅ Indexed corpus: Medical
2025-11-16 21:34:57,515 - INFO - Preparing for fast retrieval.
2025-11-16 21:34:57,515 - INFO - Loading keys.
2025-11-16 21:34:57,516 - INFO - Loading embeddings.
2025-11-16 21:34:57,517 - INFO - Encoding 2 queries for query_to_fact.
2025-11-16 21:34:57,536 - INFO - Encoding 2 queries for query_to_passage.
2025-11-16 21:35:12,173 - INFO - HTTP Request: POST http://localhost:11434/v1/chat/completions "HTTP/1.1 200 OK"
2025-11-16 21:35:12,197 - INFO - Total Retrieval Time 14.68s
2025-11-16 21:35:12,197 - INFO - Total Recognition Memory Time 14.64s
2025-11-16 21:35:12,197 - INFO - Total PPR Time 0.00s
2025-11-16 21:35:12,197 - INFO - Total Misc Time 0.04s
2025-11-16 21:35:21,841 - INFO - HTTP Request: POST http://localhost:11434/v1/chat/completions "HTTP/1.1 200 OK"
2025-11-16 21:35:21,855 - INFO - Evaluation results for QA: {'ExactMatch': 0.0, 'F1': 0.4095}
2025-11-16 21:35:21,855 - INFO - 💾 Saved 2 predictions to: ./results/hipporag2/Medical/predictions_Medical.json
2025-11-16 21:37:12,179 - INFO - 🚀 Starting HippoRAG processing for subset: medical
2025-11-16 21:37:12,179 - WARNING - ⚠️ No API key provided! Requests may fail.
2025-11-16 21:37:12,625 - INFO - 📖 Loaded corpus with 1 documents from ./Datasets/Corpus/medical.parquet
2025-11-16 21:37:12,877 - INFO - ❓ Loaded questions with 2062 entries from ./Datasets/Questions/medical_questions.parquet
2025-11-16 21:37:12,878 - INFO - 📚 Processing corpus: Medical
2025-11-16 21:37:13,210 - INFO - ✅ Loaded tokenizer: sentence-transformers/all-MiniLM-L6-v2
2025-11-16 21:37:16,283 - INFO - ✂️ Split corpus into 1030 chunks
2025-11-16 21:37:16,284 - INFO - 🔍 Found 2 questions for Medical
2025-11-16 21:37:16,284 - INFO - ✅ Using Ollama mode: llama3 at http://localhost:11434/v1
2025-11-16 21:37:16,332 - INFO - Loading templates from directory: /home/amjad/benchmarks/HippoRAG/src/hipporag/prompts/templates
2025-11-16 21:37:16,339 - INFO - Load pretrained SentenceTransformer: sentence-transformers/all-MiniLM-L6-v2
2025-11-16 21:37:19,143 - INFO - Loaded 20 records from ./Examples/hipporag2_workspace/Medical/llama3_sentence-transformers_all-MiniLM-L6-v2/chunk_embeddings/vdb_chunk.parquet
2025-11-16 21:37:19,152 - INFO - Loaded 277 records from ./Examples/hipporag2_workspace/Medical/llama3_sentence-transformers_all-MiniLM-L6-v2/entity_embeddings/vdb_entity.parquet
2025-11-16 21:37:19,157 - INFO - Loaded 234 records from ./Examples/hipporag2_workspace/Medical/llama3_sentence-transformers_all-MiniLM-L6-v2/fact_embeddings/vdb_fact.parquet
2025-11-16 21:37:19,157 - INFO - Loading templates from directory: /home/amjad/benchmarks/HippoRAG/src/hipporag/prompts/templates
2025-11-16 21:37:19,159 - INFO - Indexing Documents
2025-11-16 21:37:19,159 - INFO - Performing OpenIE
2025-11-16 21:37:19,159 - INFO - Inserting 0 new records, 20 records already exist.
2025-11-16 21:37:19,639 - INFO - OpenIE results saved to ./Examples/hipporag2_workspace/Medical/openie_results_ner_llama3.json
2025-11-16 21:37:19,649 - INFO - Encoding Entities
2025-11-16 21:37:19,651 - INFO - Inserting 0 new records, 277 records already exist.
2025-11-16 21:37:19,651 - INFO - Encoding Facts
2025-11-16 21:37:19,654 - INFO - Inserting 0 new records, 234 records already exist.
2025-11-16 21:37:19,654 - INFO - Constructing Graph
2025-11-16 21:37:19,654 - INFO - Adding OpenIE triples to graph.
2025-11-16 21:37:19,659 - INFO - Connecting passage nodes to phrase nodes.
2025-11-16 21:37:19,661 - INFO - Found 20 new chunks to save into graph.
2025-11-16 21:37:19,662 - INFO - Expanding graph with synonymy edges
2025-11-16 21:37:19,665 - INFO - Performing KNN retrieval for each phrase nodes (277).
2025-11-16 21:37:19,704 - INFO - Graph construction completed!
2025-11-16 21:37:19,705 - INFO - Writing graph with 297 nodes, 987 edges
2025-11-16 21:37:19,706 - INFO - Saving graph completed!
2025-11-16 21:37:19,706 - INFO - ✅ Indexed corpus: Medical
2025-11-16 21:37:19,706 - INFO - Preparing for fast retrieval.
2025-11-16 21:37:19,707 - INFO - Loading keys.
2025-11-16 21:37:19,707 - INFO - Loading embeddings.
2025-11-16 21:37:19,708 - INFO - Encoding 2 queries for query_to_fact.
2025-11-16 21:37:19,725 - INFO - Encoding 2 queries for query_to_passage.
2025-11-16 21:37:19,772 - INFO - Total Retrieval Time 0.07s
2025-11-16 21:37:19,773 - INFO - Total Recognition Memory Time 0.03s
2025-11-16 21:37:19,773 - INFO - Total PPR Time 0.00s
2025-11-16 21:37:19,773 - INFO - Total Misc Time 0.04s
2025-11-16 21:37:19,780 - INFO - Evaluation results for QA: {'ExactMatch': 0.0, 'F1': 0.4095}
2025-11-16 21:37:19,781 - INFO - 💾 Saved 2 predictions to: ./results/hipporag2/Medical/predictions_Medical.json
2025-11-16 21:38:58,938 - INFO - 🚀 Starting HippoRAG processing for subset: medical
2025-11-16 21:38:58,938 - WARNING - ⚠️ No API key provided! Requests may fail.
2025-11-16 21:38:59,386 - INFO - 📖 Loaded corpus with 1 documents from ./Datasets/Corpus/medical.parquet
2025-11-16 21:38:59,616 - INFO - ❓ Loaded questions with 2062 entries from ./Datasets/Questions/medical_questions.parquet
2025-11-16 21:38:59,617 - INFO - 📚 Processing corpus: Medical
2025-11-16 21:39:02,009 - INFO - ✅ Loaded tokenizer: sentence-transformers/all-MiniLM-L6-v2
2025-11-16 21:39:05,080 - INFO - ✂️ Split corpus into 1030 chunks
2025-11-16 21:39:05,081 - INFO - 🔍 Found 2 questions for Medical
2025-11-16 21:39:05,081 - INFO - ✅ Using Ollama mode: llama3 at http://localhost:11434/v1
2025-11-16 21:39:05,123 - INFO - Loading templates from directory: /home/amjad/benchmarks/HippoRAG/src/hipporag/prompts/templates
2025-11-16 21:39:05,129 - INFO - Load pretrained SentenceTransformer: sentence-transformers/all-MiniLM-L6-v2
2025-11-16 21:39:06,977 - INFO - Loaded 20 records from ./Examples/hipporag2_workspace/Medical/llama3_sentence-transformers_all-MiniLM-L6-v2/chunk_embeddings/vdb_chunk.parquet
2025-11-16 21:39:06,988 - INFO - Loaded 277 records from ./Examples/hipporag2_workspace/Medical/llama3_sentence-transformers_all-MiniLM-L6-v2/entity_embeddings/vdb_entity.parquet
2025-11-16 21:39:06,993 - INFO - Loaded 234 records from ./Examples/hipporag2_workspace/Medical/llama3_sentence-transformers_all-MiniLM-L6-v2/fact_embeddings/vdb_fact.parquet
2025-11-16 21:39:06,993 - INFO - Loading templates from directory: /home/amjad/benchmarks/HippoRAG/src/hipporag/prompts/templates
2025-11-16 21:39:06,994 - INFO - Indexing Documents
2025-11-16 21:39:06,995 - INFO - Performing OpenIE
2025-11-16 21:39:06,995 - INFO - Inserting 0 new records, 20 records already exist.
2025-11-16 21:39:07,422 - INFO - OpenIE results saved to ./Examples/hipporag2_workspace/Medical/openie_results_ner_llama3.json
2025-11-16 21:39:07,431 - INFO - Encoding Entities
2025-11-16 21:39:07,433 - INFO - Inserting 0 new records, 277 records already exist.
2025-11-16 21:39:07,434 - INFO - Encoding Facts
2025-11-16 21:39:07,436 - INFO - Inserting 0 new records, 234 records already exist.
2025-11-16 21:39:07,436 - INFO - Constructing Graph
2025-11-16 21:39:07,436 - INFO - Adding OpenIE triples to graph.
2025-11-16 21:39:07,441 - INFO - Connecting passage nodes to phrase nodes.
2025-11-16 21:39:07,443 - INFO - Found 20 new chunks to save into graph.
2025-11-16 21:39:07,444 - INFO - Expanding graph with synonymy edges
2025-11-16 21:39:07,446 - INFO - Performing KNN retrieval for each phrase nodes (277).
2025-11-16 21:39:07,486 - INFO - Graph construction completed!
2025-11-16 21:39:07,487 - INFO - Writing graph with 297 nodes, 987 edges
2025-11-16 21:39:07,488 - INFO - Saving graph completed!
2025-11-16 21:39:07,488 - INFO - ✅ Indexed corpus: Medical
2025-11-16 21:39:07,489 - INFO - Preparing for fast retrieval.
2025-11-16 21:39:07,489 - INFO - Loading keys.
2025-11-16 21:39:07,489 - INFO - Loading embeddings.
2025-11-16 21:39:07,490 - INFO - Encoding 2 queries for query_to_fact.
2025-11-16 21:39:07,509 - INFO - Encoding 2 queries for query_to_passage.
2025-11-16 21:39:19,129 - INFO - HTTP Request: POST http://localhost:11434/v1/chat/completions "HTTP/1.1 200 OK"
2025-11-16 21:39:22,550 - INFO - HTTP Request: POST http://localhost:11434/v1/chat/completions "HTTP/1.1 200 OK"
2025-11-16 21:39:22,617 - INFO - Total Retrieval Time 15.13s
2025-11-16 21:39:22,617 - INFO - Total Recognition Memory Time 15.09s
2025-11-16 21:39:22,617 - INFO - Total PPR Time 0.00s
2025-11-16 21:39:22,617 - INFO - Total Misc Time 0.04s
2025-11-16 21:39:32,644 - INFO - HTTP Request: POST http://localhost:11434/v1/chat/completions "HTTP/1.1 200 OK"
2025-11-16 21:39:42,721 - INFO - HTTP Request: POST http://localhost:11434/v1/chat/completions "HTTP/1.1 200 OK"
2025-11-16 21:39:42,790 - INFO - Evaluation results for QA: {'ExactMatch': 0.0, 'F1': 0.3}
2025-11-16 21:39:42,792 - INFO - 💾 Saved 2 predictions to: ./results/hipporag2/Medical/predictions_Medical.json
2025-11-16 21:53:21,046 - INFO - 🚀 Starting HippoRAG processing for subset: medical
2025-11-16 21:53:21,046 - WARNING - ⚠️ No API key provided! Requests may fail.
2025-11-16 21:53:22,022 - INFO - 📖 Loaded corpus with 1 documents from ./Datasets/Corpus/medical.parquet
2025-11-16 21:53:22,275 - INFO - ❓ Loaded questions with 2062 entries from ./Datasets/Questions/medical_questions.parquet
2025-11-16 21:53:22,276 - INFO - 📚 Processing corpus: Medical
2025-11-16 21:53:22,654 - INFO - ✅ Loaded tokenizer: sentence-transformers/all-MiniLM-L6-v2
2025-11-16 21:53:25,744 - INFO - ✂️ Split corpus into 1030 chunks
2025-11-16 21:53:25,745 - INFO - 🔍 Found 100 questions for Medical
2025-11-16 21:53:25,745 - INFO - ✅ Using Ollama mode: llama3 at http://localhost:11434/v1
2025-11-16 21:53:25,785 - INFO - Loading templates from directory: /home/amjad/benchmarks/HippoRAG/src/hipporag/prompts/templates
2025-11-16 21:53:25,791 - INFO - Load pretrained SentenceTransformer: sentence-transformers/all-MiniLM-L6-v2
2025-11-16 21:53:27,911 - INFO - Loaded 20 records from ./Examples/hipporag2_workspace/Medical/llama3_sentence-transformers_all-MiniLM-L6-v2/chunk_embeddings/vdb_chunk.parquet
2025-11-16 21:53:27,920 - INFO - Loaded 277 records from ./Examples/hipporag2_workspace/Medical/llama3_sentence-transformers_all-MiniLM-L6-v2/entity_embeddings/vdb_entity.parquet
2025-11-16 21:53:27,925 - INFO - Loaded 234 records from ./Examples/hipporag2_workspace/Medical/llama3_sentence-transformers_all-MiniLM-L6-v2/fact_embeddings/vdb_fact.parquet
2025-11-16 21:53:27,925 - INFO - Loading templates from directory: /home/amjad/benchmarks/HippoRAG/src/hipporag/prompts/templates
2025-11-16 21:53:27,927 - INFO - Indexing Documents
2025-11-16 21:53:27,927 - INFO - Performing OpenIE
2025-11-16 21:53:27,927 - INFO - Inserting 0 new records, 20 records already exist.
2025-11-16 21:53:28,343 - INFO - OpenIE results saved to ./Examples/hipporag2_workspace/Medical/openie_results_ner_llama3.json
2025-11-16 21:53:28,348 - INFO - Encoding Entities
2025-11-16 21:53:28,349 - INFO - Inserting 0 new records, 277 records already exist.
2025-11-16 21:53:28,349 - INFO - Encoding Facts
2025-11-16 21:53:28,351 - INFO - Inserting 0 new records, 234 records already exist.
2025-11-16 21:53:28,351 - INFO - Constructing Graph
2025-11-16 21:53:28,351 - INFO - Adding OpenIE triples to graph.
2025-11-16 21:53:28,354 - INFO - Connecting passage nodes to phrase nodes.
2025-11-16 21:53:28,355 - INFO - Found 20 new chunks to save into graph.
2025-11-16 21:53:28,355 - INFO - Expanding graph with synonymy edges
2025-11-16 21:53:28,357 - INFO - Performing KNN retrieval for each phrase nodes (277).
2025-11-16 21:53:28,398 - INFO - Graph construction completed!
2025-11-16 21:53:28,398 - INFO - Writing graph with 297 nodes, 987 edges
2025-11-16 21:53:28,399 - INFO - Saving graph completed!
2025-11-16 21:53:28,400 - INFO - ✅ Indexed corpus: Medical
2025-11-16 21:53:28,400 - INFO - Preparing for fast retrieval.
2025-11-16 21:53:28,400 - INFO - Loading keys.
2025-11-16 21:53:28,401 - INFO - Loading embeddings.
2025-11-16 21:53:28,402 - INFO - Encoding 100 queries for query_to_fact.
2025-11-16 21:53:28,638 - INFO - Encoding 100 queries for query_to_passage.
2025-11-16 21:53:44,494 - INFO - HTTP Request: POST http://localhost:11434/v1/chat/completions "HTTP/1.1 200 OK"
2025-11-16 21:53:47,517 - INFO - HTTP Request: POST http://localhost:11434/v1/chat/completions "HTTP/1.1 200 OK"
2025-11-16 21:53:50,741 - INFO - HTTP Request: POST http://localhost:11434/v1/chat/completions "HTTP/1.1 200 OK"
2025-11-16 21:53:54,045 - INFO - HTTP Request: POST http://localhost:11434/v1/chat/completions "HTTP/1.1 200 OK"
2025-11-16 21:54:01,276 - INFO - HTTP Request: POST http://localhost:11434/v1/chat/completions "HTTP/1.1 200 OK"
2025-11-16 21:54:04,680 - INFO - HTTP Request: POST http://localhost:11434/v1/chat/completions "HTTP/1.1 200 OK"
2025-11-16 21:54:08,154 - INFO - HTTP Request: POST http://localhost:11434/v1/chat/completions "HTTP/1.1 200 OK"
2025-11-16 21:54:11,613 - INFO - HTTP Request: POST http://localhost:11434/v1/chat/completions "HTTP/1.1 200 OK"
2025-11-16 21:54:13,829 - INFO - HTTP Request: POST http://localhost:11434/v1/chat/completions "HTTP/1.1 200 OK"
2025-11-16 21:54:13,842 - INFO - No facts found after reranking, return DPR results
2025-11-16 21:54:16,046 - INFO - HTTP Request: POST http://localhost:11434/v1/chat/completions "HTTP/1.1 200 OK"
2025-11-16 21:54:16,060 - INFO - No facts found after reranking, return DPR results
2025-11-16 21:54:20,736 - INFO - HTTP Request: POST http://localhost:11434/v1/chat/completions "HTTP/1.1 200 OK"
2025-11-16 21:54:20,751 - INFO - No facts found after reranking, return DPR results
2025-11-16 21:54:24,071 - INFO - HTTP Request: POST http://localhost:11434/v1/chat/completions "HTTP/1.1 200 OK"
2025-11-16 21:54:28,775 - INFO - HTTP Request: POST http://localhost:11434/v1/chat/completions "HTTP/1.1 200 OK"
2025-11-16 21:54:28,788 - INFO - No facts found after reranking, return DPR results
2025-11-16 21:54:33,325 - INFO - HTTP Request: POST http://localhost:11434/v1/chat/completions "HTTP/1.1 200 OK"
2025-11-16 21:54:33,338 - INFO - No facts found after reranking, return DPR results
2025-11-16 21:54:38,319 - INFO - HTTP Request: POST http://localhost:11434/v1/chat/completions "HTTP/1.1 200 OK"
2025-11-16 21:54:42,689 - INFO - HTTP Request: POST http://localhost:11434/v1/chat/completions "HTTP/1.1 200 OK"
2025-11-16 21:54:46,238 - INFO - HTTP Request: POST http://localhost:11434/v1/chat/completions "HTTP/1.1 200 OK"
2025-11-16 21:54:49,185 - INFO - HTTP Request: POST http://localhost:11434/v1/chat/completions "HTTP/1.1 200 OK"
2025-11-16 21:54:52,663 - INFO - HTTP Request: POST http://localhost:11434/v1/chat/completions "HTTP/1.1 200 OK"
2025-11-16 21:54:54,902 - INFO - HTTP Request: POST http://localhost:11434/v1/chat/completions "HTTP/1.1 200 OK"
2025-11-16 21:54:54,915 - INFO - No facts found after reranking, return DPR results
2025-11-16 21:54:58,649 - INFO - HTTP Request: POST http://localhost:11434/v1/chat/completions "HTTP/1.1 200 OK"
2025-11-16 21:55:01,998 - INFO - HTTP Request: POST http://localhost:11434/v1/chat/completions "HTTP/1.1 200 OK"
2025-11-16 21:55:05,790 - INFO - HTTP Request: POST http://localhost:11434/v1/chat/completions "HTTP/1.1 200 OK"
2025-11-16 21:55:08,033 - INFO - HTTP Request: POST http://localhost:11434/v1/chat/completions "HTTP/1.1 200 OK"
2025-11-16 21:55:08,046 - INFO - No facts found after reranking, return DPR results
2025-11-16 21:55:11,435 - INFO - HTTP Request: POST http://localhost:11434/v1/chat/completions "HTTP/1.1 200 OK"
2025-11-16 21:55:14,462 - INFO - HTTP Request: POST http://localhost:11434/v1/chat/completions "HTTP/1.1 200 OK"
2025-11-16 21:55:20,171 - INFO - HTTP Request: POST http://localhost:11434/v1/chat/completions "HTTP/1.1 200 OK"
2025-11-16 21:55:24,034 - INFO - HTTP Request: POST http://localhost:11434/v1/chat/completions "HTTP/1.1 200 OK"
2025-11-16 21:55:28,418 - INFO - HTTP Request: POST http://localhost:11434/v1/chat/completions "HTTP/1.1 200 OK"
2025-11-16 21:55:31,853 - INFO - HTTP Request: POST http://localhost:11434/v1/chat/completions "HTTP/1.1 200 OK"
2025-11-16 21:55:37,179 - INFO - HTTP Request: POST http://localhost:11434/v1/chat/completions "HTTP/1.1 200 OK"
2025-11-16 21:55:40,246 - INFO - HTTP Request: POST http://localhost:11434/v1/chat/completions "HTTP/1.1 200 OK"
2025-11-16 21:55:44,773 - INFO - HTTP Request: POST http://localhost:11434/v1/chat/completions "HTTP/1.1 200 OK"
2025-11-16 21:55:48,142 - INFO - HTTP Request: POST http://localhost:11434/v1/chat/completions "HTTP/1.1 200 OK"
2025-11-16 21:55:51,639 - INFO - HTTP Request: POST http://localhost:11434/v1/chat/completions "HTTP/1.1 200 OK"
2025-11-16 21:55:56,525 - INFO - HTTP Request: POST http://localhost:11434/v1/chat/completions "HTTP/1.1 200 OK"
2025-11-16 21:55:58,780 - INFO - HTTP Request: POST http://localhost:11434/v1/chat/completions "HTTP/1.1 200 OK"
2025-11-16 21:55:58,793 - INFO - No facts found after reranking, return DPR results
2025-11-16 21:56:02,344 - INFO - HTTP Request: POST http://localhost:11434/v1/chat/completions "HTTP/1.1 200 OK"
2025-11-16 21:56:05,640 - INFO - HTTP Request: POST http://localhost:11434/v1/chat/completions "HTTP/1.1 200 OK"
2025-11-16 21:56:05,658 - INFO - No facts found after reranking, return DPR results
2025-11-16 21:56:10,227 - INFO - HTTP Request: POST http://localhost:11434/v1/chat/completions "HTTP/1.1 200 OK"
2025-11-16 21:56:10,240 - INFO - No facts found after reranking, return DPR results
2025-11-16 21:56:15,597 - INFO - HTTP Request: POST http://localhost:11434/v1/chat/completions "HTTP/1.1 200 OK"
2025-11-16 21:56:20,628 - INFO - HTTP Request: POST http://localhost:11434/v1/chat/completions "HTTP/1.1 200 OK"
2025-11-16 21:56:22,894 - INFO - HTTP Request: POST http://localhost:11434/v1/chat/completions "HTTP/1.1 200 OK"
2025-11-16 21:56:22,907 - INFO - No facts found after reranking, return DPR results
2025-11-16 21:56:26,312 - INFO - HTTP Request: POST http://localhost:11434/v1/chat/completions "HTTP/1.1 200 OK"
2025-11-16 21:56:30,153 - INFO - HTTP Request: POST http://localhost:11434/v1/chat/completions "HTTP/1.1 200 OK"
2025-11-16 21:56:33,731 - INFO - HTTP Request: POST http://localhost:11434/v1/chat/completions "HTTP/1.1 200 OK"
2025-11-16 21:56:33,744 - INFO - No facts found after reranking, return DPR results
2025-11-16 21:56:37,430 - INFO - HTTP Request: POST http://localhost:11434/v1/chat/completions "HTTP/1.1 200 OK"
2025-11-16 21:56:40,050 - INFO - HTTP Request: POST http://localhost:11434/v1/chat/completions "HTTP/1.1 200 OK"
2025-11-16 21:56:43,016 - INFO - HTTP Request: POST http://localhost:11434/v1/chat/completions "HTTP/1.1 200 OK"
2025-11-16 21:56:46,043 - INFO - HTTP Request: POST http://localhost:11434/v1/chat/completions "HTTP/1.1 200 OK"
2025-11-16 21:56:50,867 - INFO - HTTP Request: POST http://localhost:11434/v1/chat/completions "HTTP/1.1 200 OK"
2025-11-16 21:56:53,122 - INFO - HTTP Request: POST http://localhost:11434/v1/chat/completions "HTTP/1.1 200 OK"
2025-11-16 21:56:53,133 - INFO - No facts found after reranking, return DPR results
2025-11-16 21:56:55,377 - INFO - HTTP Request: POST http://localhost:11434/v1/chat/completions "HTTP/1.1 200 OK"
2025-11-16 21:56:55,390 - INFO - No facts found after reranking, return DPR results
2025-11-16 21:56:58,257 - INFO - HTTP Request: POST http://localhost:11434/v1/chat/completions "HTTP/1.1 200 OK"
2025-11-16 21:57:00,519 - INFO - HTTP Request: POST http://localhost:11434/v1/chat/completions "HTTP/1.1 200 OK"
2025-11-16 21:57:00,531 - INFO - No facts found after reranking, return DPR results
2025-11-16 21:57:02,840 - INFO - HTTP Request: POST http://localhost:11434/v1/chat/completions "HTTP/1.1 200 OK"
2025-11-16 21:57:02,853 - INFO - No facts found after reranking, return DPR results
2025-11-16 21:57:05,157 - INFO - HTTP Request: POST http://localhost:11434/v1/chat/completions "HTTP/1.1 200 OK"
2025-11-16 21:57:05,169 - INFO - No facts found after reranking, return DPR results
2025-11-16 21:57:10,482 - INFO - HTTP Request: POST http://localhost:11434/v1/chat/completions "HTTP/1.1 200 OK"
2025-11-16 21:57:12,960 - INFO - HTTP Request: POST http://localhost:11434/v1/chat/completions "HTTP/1.1 200 OK"
2025-11-16 21:57:12,973 - INFO - No facts found after reranking, return DPR results
2025-11-16 21:57:15,289 - INFO - HTTP Request: POST http://localhost:11434/v1/chat/completions "HTTP/1.1 200 OK"
2025-11-16 21:57:15,310 - INFO - No facts found after reranking, return DPR results
2025-11-16 21:57:17,771 - INFO - HTTP Request: POST http://localhost:11434/v1/chat/completions "HTTP/1.1 200 OK"
2025-11-16 21:57:17,786 - INFO - No facts found after reranking, return DPR results
2025-11-16 21:57:20,064 - INFO - HTTP Request: POST http://localhost:11434/v1/chat/completions "HTTP/1.1 200 OK"
2025-11-16 21:57:20,079 - INFO - No facts found after reranking, return DPR results
2025-11-16 21:57:22,332 - INFO - HTTP Request: POST http://localhost:11434/v1/chat/completions "HTTP/1.1 200 OK"
2025-11-16 21:57:22,346 - INFO - No facts found after reranking, return DPR results
2025-11-16 21:57:24,589 - INFO - HTTP Request: POST http://localhost:11434/v1/chat/completions "HTTP/1.1 200 OK"
2025-11-16 21:57:24,602 - INFO - No facts found after reranking, return DPR results
2025-11-16 21:57:27,641 - INFO - HTTP Request: POST http://localhost:11434/v1/chat/completions "HTTP/1.1 200 OK"
2025-11-16 21:57:29,937 - INFO - HTTP Request: POST http://localhost:11434/v1/chat/completions "HTTP/1.1 200 OK"
2025-11-16 21:57:29,949 - INFO - No facts found after reranking, return DPR results
2025-11-16 21:57:32,189 - INFO - HTTP Request: POST http://localhost:11434/v1/chat/completions "HTTP/1.1 200 OK"
2025-11-16 21:57:32,202 - INFO - No facts found after reranking, return DPR results
2025-11-16 21:57:37,853 - INFO - HTTP Request: POST http://localhost:11434/v1/chat/completions "HTTP/1.1 200 OK"
2025-11-16 21:57:37,867 - INFO - No facts found after reranking, return DPR results
2025-11-16 21:57:40,172 - INFO - HTTP Request: POST http://localhost:11434/v1/chat/completions "HTTP/1.1 200 OK"
2025-11-16 21:57:40,185 - INFO - No facts found after reranking, return DPR results
2025-11-16 21:57:42,441 - INFO - HTTP Request: POST http://localhost:11434/v1/chat/completions "HTTP/1.1 200 OK"
2025-11-16 21:57:42,454 - INFO - No facts found after reranking, return DPR results
2025-11-16 21:57:44,698 - INFO - HTTP Request: POST http://localhost:11434/v1/chat/completions "HTTP/1.1 200 OK"
2025-11-16 21:57:44,711 - INFO - No facts found after reranking, return DPR results
2025-11-16 21:57:46,950 - INFO - HTTP Request: POST http://localhost:11434/v1/chat/completions "HTTP/1.1 200 OK"
2025-11-16 21:57:46,963 - INFO - No facts found after reranking, return DPR results
2025-11-16 21:57:49,239 - INFO - HTTP Request: POST http://localhost:11434/v1/chat/completions "HTTP/1.1 200 OK"
2025-11-16 21:57:49,266 - INFO - No facts found after reranking, return DPR results
2025-11-16 21:57:51,609 - INFO - HTTP Request: POST http://localhost:11434/v1/chat/completions "HTTP/1.1 200 OK"
2025-11-16 21:57:51,627 - INFO - No facts found after reranking, return DPR results
2025-11-16 21:57:53,991 - INFO - HTTP Request: POST http://localhost:11434/v1/chat/completions "HTTP/1.1 200 OK"
2025-11-16 21:57:54,006 - INFO - No facts found after reranking, return DPR results
2025-11-16 21:57:56,270 - INFO - HTTP Request: POST http://localhost:11434/v1/chat/completions "HTTP/1.1 200 OK"
2025-11-16 21:57:56,289 - INFO - No facts found after reranking, return DPR results
2025-11-16 21:57:58,581 - INFO - HTTP Request: POST http://localhost:11434/v1/chat/completions "HTTP/1.1 200 OK"
2025-11-16 21:57:58,609 - INFO - No facts found after reranking, return DPR results
2025-11-16 21:58:00,973 - INFO - HTTP Request: POST http://localhost:11434/v1/chat/completions "HTTP/1.1 200 OK"
2025-11-16 21:58:00,994 - INFO - No facts found after reranking, return DPR results
2025-11-16 21:58:07,295 - INFO - HTTP Request: POST http://localhost:11434/v1/chat/completions "HTTP/1.1 200 OK"
2025-11-16 21:58:07,308 - INFO - No facts found after reranking, return DPR results
2025-11-16 21:58:11,887 - INFO - HTTP Request: POST http://localhost:11434/v1/chat/completions "HTTP/1.1 200 OK"
2025-11-16 21:58:11,901 - INFO - No facts found after reranking, return DPR results
2025-11-16 21:58:14,155 - INFO - HTTP Request: POST http://localhost:11434/v1/chat/completions "HTTP/1.1 200 OK"
2025-11-16 21:58:14,167 - INFO - No facts found after reranking, return DPR results
2025-11-16 21:58:16,469 - INFO - HTTP Request: POST http://localhost:11434/v1/chat/completions "HTTP/1.1 200 OK"
2025-11-16 21:58:16,482 - INFO - No facts found after reranking, return DPR results
2025-11-16 21:58:18,746 - INFO - HTTP Request: POST http://localhost:11434/v1/chat/completions "HTTP/1.1 200 OK"
2025-11-16 21:58:18,759 - INFO - No facts found after reranking, return DPR results
2025-11-16 21:58:21,004 - INFO - HTTP Request: POST http://localhost:11434/v1/chat/completions "HTTP/1.1 200 OK"
2025-11-16 21:58:21,018 - INFO - No facts found after reranking, return DPR results
2025-11-16 21:58:27,815 - INFO - HTTP Request: POST http://localhost:11434/v1/chat/completions "HTTP/1.1 200 OK"
2025-11-16 21:58:27,828 - INFO - No facts found after reranking, return DPR results
2025-11-16 21:58:30,144 - INFO - HTTP Request: POST http://localhost:11434/v1/chat/completions "HTTP/1.1 200 OK"
2025-11-16 21:58:30,158 - INFO - No facts found after reranking, return DPR results
2025-11-16 21:58:34,835 - INFO - HTTP Request: POST http://localhost:11434/v1/chat/completions "HTTP/1.1 200 OK"
2025-11-16 21:58:37,156 - INFO - HTTP Request: POST http://localhost:11434/v1/chat/completions "HTTP/1.1 200 OK"
2025-11-16 21:58:37,170 - INFO - No facts found after reranking, return DPR results
2025-11-16 21:58:40,171 - INFO - HTTP Request: POST http://localhost:11434/v1/chat/completions "HTTP/1.1 200 OK"
2025-11-16 21:58:44,565 - INFO - HTTP Request: POST http://localhost:11434/v1/chat/completions "HTTP/1.1 200 OK"
2025-11-16 21:58:46,884 - INFO - HTTP Request: POST http://localhost:11434/v1/chat/completions "HTTP/1.1 200 OK"
2025-11-16 21:58:46,897 - INFO - No facts found after reranking, return DPR results
2025-11-16 21:58:46,897 - INFO - Total Retrieval Time 318.50s
2025-11-16 21:58:46,898 - INFO - Total Recognition Memory Time 317.93s
2025-11-16 21:58:46,898 - INFO - Total PPR Time 0.02s
2025-11-16 21:58:46,898 - INFO - Total Misc Time 0.54s
2025-11-16 21:58:57,214 - INFO - HTTP Request: POST http://localhost:11434/v1/chat/completions "HTTP/1.1 200 OK"
2025-11-16 21:59:02,442 - INFO - HTTP Request: POST http://localhost:11434/v1/chat/completions "HTTP/1.1 200 OK"
2025-11-16 21:59:12,583 - INFO - HTTP Request: POST http://localhost:11434/v1/chat/completions "HTTP/1.1 200 OK"
2025-11-16 21:59:20,942 - INFO - HTTP Request: POST http://localhost:11434/v1/chat/completions "HTTP/1.1 200 OK"
2025-11-16 21:59:33,774 - INFO - HTTP Request: POST http://localhost:11434/v1/chat/completions "HTTP/1.1 200 OK"
2025-11-16 21:59:43,358 - INFO - HTTP Request: POST http://localhost:11434/v1/chat/completions "HTTP/1.1 200 OK"
2025-11-16 21:59:50,571 - INFO - HTTP Request: POST http://localhost:11434/v1/chat/completions "HTTP/1.1 200 OK"
2025-11-16 21:59:59,544 - INFO - HTTP Request: POST http://localhost:11434/v1/chat/completions "HTTP/1.1 200 OK"
2025-11-16 22:00:08,508 - INFO - HTTP Request: POST http://localhost:11434/v1/chat/completions "HTTP/1.1 200 OK"
2025-11-16 22:00:17,623 - INFO - HTTP Request: POST http://localhost:11434/v1/chat/completions "HTTP/1.1 200 OK"
2025-11-16 22:00:25,691 - INFO - HTTP Request: POST http://localhost:11434/v1/chat/completions "HTTP/1.1 200 OK"
2025-11-16 22:00:30,880 - INFO - HTTP Request: POST http://localhost:11434/v1/chat/completions "HTTP/1.1 200 OK"
2025-11-16 22:00:41,280 - INFO - HTTP Request: POST http://localhost:11434/v1/chat/completions "HTTP/1.1 200 OK"
2025-11-16 22:00:44,255 - INFO - HTTP Request: POST http://localhost:11434/v1/chat/completions "HTTP/1.1 200 OK"
2025-11-16 22:00:51,021 - INFO - HTTP Request: POST http://localhost:11434/v1/chat/completions "HTTP/1.1 200 OK"
2025-11-16 22:00:59,649 - INFO - HTTP Request: POST http://localhost:11434/v1/chat/completions "HTTP/1.1 200 OK"
2025-11-16 22:01:14,478 - INFO - HTTP Request: POST http://localhost:11434/v1/chat/completions "HTTP/1.1 200 OK"
2025-11-16 22:01:24,702 - INFO - HTTP Request: POST http://localhost:11434/v1/chat/completions "HTTP/1.1 200 OK"
2025-11-16 22:01:34,074 - INFO - HTTP Request: POST http://localhost:11434/v1/chat/completions "HTTP/1.1 200 OK"
2025-11-16 22:01:47,059 - INFO - HTTP Request: POST http://localhost:11434/v1/chat/completions "HTTP/1.1 200 OK"
2025-11-16 22:01:53,499 - INFO - HTTP Request: POST http://localhost:11434/v1/chat/completions "HTTP/1.1 200 OK"
2025-11-16 22:02:01,154 - INFO - HTTP Request: POST http://localhost:11434/v1/chat/completions "HTTP/1.1 200 OK"
2025-11-16 22:02:07,662 - INFO - HTTP Request: POST http://localhost:11434/v1/chat/completions "HTTP/1.1 200 OK"
2025-11-16 22:02:15,382 - INFO - HTTP Request: POST http://localhost:11434/v1/chat/completions "HTTP/1.1 200 OK"
2025-11-16 22:02:22,934 - INFO - HTTP Request: POST http://localhost:11434/v1/chat/completions "HTTP/1.1 200 OK"
2025-11-16 22:02:35,649 - INFO - HTTP Request: POST http://localhost:11434/v1/chat/completions "HTTP/1.1 200 OK"
2025-11-16 22:02:43,274 - INFO - HTTP Request: POST http://localhost:11434/v1/chat/completions "HTTP/1.1 200 OK"
2025-11-16 22:02:49,847 - INFO - HTTP Request: POST http://localhost:11434/v1/chat/completions "HTTP/1.1 200 OK"
2025-11-16 22:03:01,888 - INFO - HTTP Request: POST http://localhost:11434/v1/chat/completions "HTTP/1.1 200 OK"
2025-11-16 22:03:12,218 - INFO - HTTP Request: POST http://localhost:11434/v1/chat/completions "HTTP/1.1 200 OK"
2025-11-16 22:03:20,394 - INFO - HTTP Request: POST http://localhost:11434/v1/chat/completions "HTTP/1.1 200 OK"
2025-11-16 22:03:28,521 - INFO - HTTP Request: POST http://localhost:11434/v1/chat/completions "HTTP/1.1 200 OK"
2025-11-16 22:03:37,179 - INFO - HTTP Request: POST http://localhost:11434/v1/chat/completions "HTTP/1.1 200 OK"
2025-11-16 22:03:43,931 - INFO - HTTP Request: POST http://localhost:11434/v1/chat/completions "HTTP/1.1 200 OK"
2025-11-16 22:03:52,445 - INFO - HTTP Request: POST http://localhost:11434/v1/chat/completions "HTTP/1.1 200 OK"
2025-11-16 22:04:00,977 - INFO - HTTP Request: POST http://localhost:11434/v1/chat/completions "HTTP/1.1 200 OK"
2025-11-16 22:04:09,390 - INFO - HTTP Request: POST http://localhost:11434/v1/chat/completions "HTTP/1.1 200 OK"
2025-11-16 22:04:17,328 - INFO - HTTP Request: POST http://localhost:11434/v1/chat/completions "HTTP/1.1 200 OK"
2025-11-16 22:04:23,448 - INFO - HTTP Request: POST http://localhost:11434/v1/chat/completions "HTTP/1.1 200 OK"
2025-11-16 22:04:32,115 - INFO - HTTP Request: POST http://localhost:11434/v1/chat/completions "HTTP/1.1 200 OK"
2025-11-16 22:04:40,146 - INFO - HTTP Request: POST http://localhost:11434/v1/chat/completions "HTTP/1.1 200 OK"
2025-11-16 22:04:45,758 - INFO - HTTP Request: POST http://localhost:11434/v1/chat/completions "HTTP/1.1 200 OK"
2025-11-16 22:04:53,245 - INFO - HTTP Request: POST http://localhost:11434/v1/chat/completions "HTTP/1.1 200 OK"
2025-11-16 22:05:03,127 - INFO - HTTP Request: POST http://localhost:11434/v1/chat/completions "HTTP/1.1 200 OK"
2025-11-16 22:05:10,753 - INFO - HTTP Request: POST http://localhost:11434/v1/chat/completions "HTTP/1.1 200 OK"
2025-11-16 22:05:19,218 - INFO - HTTP Request: POST http://localhost:11434/v1/chat/completions "HTTP/1.1 200 OK"
2025-11-16 22:05:28,613 - INFO - HTTP Request: POST http://localhost:11434/v1/chat/completions "HTTP/1.1 200 OK"
2025-11-16 22:05:37,135 - INFO - HTTP Request: POST http://localhost:11434/v1/chat/completions "HTTP/1.1 200 OK"
2025-11-16 22:05:45,138 - INFO - HTTP Request: POST http://localhost:11434/v1/chat/completions "HTTP/1.1 200 OK"
2025-11-16 22:05:55,336 - INFO - HTTP Request: POST http://localhost:11434/v1/chat/completions "HTTP/1.1 200 OK"
2025-11-16 22:06:01,965 - INFO - HTTP Request: POST http://localhost:11434/v1/chat/completions "HTTP/1.1 200 OK"
2025-11-16 22:06:13,510 - INFO - HTTP Request: POST http://localhost:11434/v1/chat/completions "HTTP/1.1 200 OK"
2025-11-16 22:06:21,370 - INFO - HTTP Request: POST http://localhost:11434/v1/chat/completions "HTTP/1.1 200 OK"
2025-11-16 22:06:28,418 - INFO - HTTP Request: POST http://localhost:11434/v1/chat/completions "HTTP/1.1 200 OK"
2025-11-16 22:06:34,727 - INFO - HTTP Request: POST http://localhost:11434/v1/chat/completions "HTTP/1.1 200 OK"
2025-11-16 22:06:40,957 - INFO - HTTP Request: POST http://localhost:11434/v1/chat/completions "HTTP/1.1 200 OK"
2025-11-16 22:06:47,898 - INFO - HTTP Request: POST http://localhost:11434/v1/chat/completions "HTTP/1.1 200 OK"
2025-11-16 22:07:05,524 - INFO - HTTP Request: POST http://localhost:11434/v1/chat/completions "HTTP/1.1 200 OK"
2025-11-16 22:07:14,166 - INFO - HTTP Request: POST http://localhost:11434/v1/chat/completions "HTTP/1.1 200 OK"
2025-11-16 22:07:20,867 - INFO - HTTP Request: POST http://localhost:11434/v1/chat/completions "HTTP/1.1 200 OK"
2025-11-16 22:07:37,053 - INFO - HTTP Request: POST http://localhost:11434/v1/chat/completions "HTTP/1.1 200 OK"
2025-11-16 22:07:46,772 - INFO - HTTP Request: POST http://localhost:11434/v1/chat/completions "HTTP/1.1 200 OK"
2025-11-16 22:07:54,759 - INFO - HTTP Request: POST http://localhost:11434/v1/chat/completions "HTTP/1.1 200 OK"
2025-11-16 22:08:02,825 - INFO - HTTP Request: POST http://localhost:11434/v1/chat/completions "HTTP/1.1 200 OK"
2025-11-16 22:08:10,730 - INFO - HTTP Request: POST http://localhost:11434/v1/chat/completions "HTTP/1.1 200 OK"
2025-11-16 22:08:18,635 - INFO - HTTP Request: POST http://localhost:11434/v1/chat/completions "HTTP/1.1 200 OK"
2025-11-16 22:08:27,359 - INFO - HTTP Request: POST http://localhost:11434/v1/chat/completions "HTTP/1.1 200 OK"
2025-11-16 22:08:37,007 - INFO - HTTP Request: POST http://localhost:11434/v1/chat/completions "HTTP/1.1 200 OK"
2025-11-16 22:08:45,307 - INFO - HTTP Request: POST http://localhost:11434/v1/chat/completions "HTTP/1.1 200 OK"
2025-11-16 22:08:51,706 - INFO - HTTP Request: POST http://localhost:11434/v1/chat/completions "HTTP/1.1 200 OK"
2025-11-16 22:08:59,201 - INFO - HTTP Request: POST http://localhost:11434/v1/chat/completions "HTTP/1.1 200 OK"
2025-11-16 22:09:06,900 - INFO - HTTP Request: POST http://localhost:11434/v1/chat/completions "HTTP/1.1 200 OK"
2025-11-16 22:09:14,227 - INFO - HTTP Request: POST http://localhost:11434/v1/chat/completions "HTTP/1.1 200 OK"
2025-11-16 22:09:21,817 - INFO - HTTP Request: POST http://localhost:11434/v1/chat/completions "HTTP/1.1 200 OK"
2025-11-16 22:09:36,635 - INFO - HTTP Request: POST http://localhost:11434/v1/chat/completions "HTTP/1.1 200 OK"
2025-11-16 22:09:49,208 - INFO - HTTP Request: POST http://localhost:11434/v1/chat/completions "HTTP/1.1 200 OK"
2025-11-16 22:09:59,059 - INFO - HTTP Request: POST http://localhost:11434/v1/chat/completions "HTTP/1.1 200 OK"
2025-11-16 22:10:06,935 - INFO - HTTP Request: POST http://localhost:11434/v1/chat/completions "HTTP/1.1 200 OK"
2025-11-16 22:10:14,972 - INFO - HTTP Request: POST http://localhost:11434/v1/chat/completions "HTTP/1.1 200 OK"
2025-11-16 22:10:22,289 - INFO - HTTP Request: POST http://localhost:11434/v1/chat/completions "HTTP/1.1 200 OK"
2025-11-16 22:10:30,108 - INFO - HTTP Request: POST http://localhost:11434/v1/chat/completions "HTTP/1.1 200 OK"
2025-11-16 22:10:40,080 - INFO - HTTP Request: POST http://localhost:11434/v1/chat/completions "HTTP/1.1 200 OK"
2025-11-16 22:10:46,975 - INFO - HTTP Request: POST http://localhost:11434/v1/chat/completions "HTTP/1.1 200 OK"
2025-11-16 22:10:55,478 - INFO - HTTP Request: POST http://localhost:11434/v1/chat/completions "HTTP/1.1 200 OK"
2025-11-16 22:11:04,972 - INFO - HTTP Request: POST http://localhost:11434/v1/chat/completions "HTTP/1.1 200 OK"
2025-11-16 22:11:14,526 - INFO - HTTP Request: POST http://localhost:11434/v1/chat/completions "HTTP/1.1 200 OK"
2025-11-16 22:11:22,595 - INFO - HTTP Request: POST http://localhost:11434/v1/chat/completions "HTTP/1.1 200 OK"
2025-11-16 22:11:33,536 - INFO - HTTP Request: POST http://localhost:11434/v1/chat/completions "HTTP/1.1 200 OK"
2025-11-16 22:11:41,063 - INFO - HTTP Request: POST http://localhost:11434/v1/chat/completions "HTTP/1.1 200 OK"
2025-11-16 22:11:51,005 - INFO - HTTP Request: POST http://localhost:11434/v1/chat/completions "HTTP/1.1 200 OK"
2025-11-16 22:12:13,402 - INFO - HTTP Request: POST http://localhost:11434/v1/chat/completions "HTTP/1.1 200 OK"
2025-11-16 22:12:13,415 - WARNING - Error in parsing the answer from the raw LLM QA inference response: list index out of range!
2025-11-16 22:12:13,415 - WARNING - Error in parsing the answer from the raw LLM QA inference response: list index out of range!
2025-11-16 22:12:13,415 - WARNING - Error in parsing the answer from the raw LLM QA inference response: list index out of range!
2025-11-16 22:12:13,415 - WARNING - Error in parsing the answer from the raw LLM QA inference response: list index out of range!
2025-11-16 22:12:13,415 - WARNING - Error in parsing the answer from the raw LLM QA inference response: list index out of range!
2025-11-16 22:12:13,416 - WARNING - Error in parsing the answer from the raw LLM QA inference response: list index out of range!
2025-11-16 22:12:13,416 - WARNING - Error in parsing the answer from the raw LLM QA inference response: list index out of range!
2025-11-16 22:12:13,416 - WARNING - Error in parsing the answer from the raw LLM QA inference response: list index out of range!
2025-11-16 22:12:13,416 - WARNING - Error in parsing the answer from the raw LLM QA inference response: list index out of range!
2025-11-16 22:12:13,416 - WARNING - Error in parsing the answer from the raw LLM QA inference response: list index out of range!
2025-11-16 22:12:13,416 - WARNING - Error in parsing the answer from the raw LLM QA inference response: list index out of range!
2025-11-16 22:12:13,416 - WARNING - Error in parsing the answer from the raw LLM QA inference response: list index out of range!
2025-11-16 22:12:13,417 - WARNING - Error in parsing the answer from the raw LLM QA inference response: list index out of range!
2025-11-16 22:12:13,417 - WARNING - Error in parsing the answer from the raw LLM QA inference response: list index out of range!
2025-11-16 22:12:13,417 - WARNING - Error in parsing the answer from the raw LLM QA inference response: list index out of range!
2025-11-16 22:12:13,417 - WARNING - Error in parsing the answer from the raw LLM QA inference response: list index out of range!
2025-11-16 22:12:13,417 - WARNING - Error in parsing the answer from the raw LLM QA inference response: list index out of range!
2025-11-16 22:12:13,429 - INFO - Evaluation results for QA: {'ExactMatch': 0.0, 'F1': 0.2426}
2025-11-16 22:12:13,448 - INFO - 💾 Saved 100 predictions to: ./results/hipporag2/Medical/predictions_Medical.json
